 ROT OUTPUT  FORMAT:   1   0   0
 EJAY,EJAYF
    0.0000    2.0381    2.0615    2.0965    2.1432
    2.2016    2.2717    2.3534    2.4468    2.5519
    2.6687    2.7972    2.9373    3.0891    3.2526
    3.4278    3.6146    3.8132    4.0234    4.2453
    4.4788    4.7241    4.9810    5.2496    5.5298
    5.8218    6.1254    6.4407    6.7677    7.1064
    7.4567

     0     1

   12.8893   12.8956   12.9082   12.9270   12.9521
   12.9835   13.0212   13.0652   13.1154   13.1720
   13.2348   13.3039   13.3792   13.4609   13.5488
   13.6430   13.7435   13.8503   13.9634   14.0827
   14.2083   14.3402   14.4784   14.6229   14.7736
   14.9306   15.0939   15.2635   15.4394   15.6215
   15.8100

     0     1

 BARRIER
   12.8893   10.8575   10.8467   10.8305   10.8089
   10.7819   10.7496   10.7118   10.6686   10.6200
   10.5661   10.5067   10.4419   10.3718   10.2962
   10.2152   10.1289   10.0371    9.9400    9.8374
    9.7295    9.6162    9.4974    9.3733    9.2438
    9.1088    8.9685    8.8228    8.6717    8.5151
    8.3532

     0     1

 ROT OUTPUT  YRSMO,YRSMOF
    0.0000    0.0101    0.0302    0.0604    0.1006
    0.1509    0.2113    0.2817    0.3622    0.4528
    0.5534    0.6641    0.7848    0.9156    1.0565
    1.2074    1.3684    1.5395    1.7206    1.9118
    2.1130    2.3243    2.5456    2.7771    3.0186
    3.2701    3.5317    3.8034    4.0851    4.3769
    4.6788

     0     1

    7.6099    7.6162    7.6288    7.6476    7.6727
    7.7041    7.7418    7.7858    7.8360    7.8926
    7.9554    8.0245    8.0998    8.1815    8.2694
    8.3636    8.4641    8.5709    8.6840    8.8033
    8.9289    9.0608    9.1990    9.3435    9.4942
    9.6512    9.8145    9.9841   10.1600   10.3421
   10.5306

     0     1

 BARRIER
    7.6099    7.6061    7.5986    7.5872    7.5721
    7.5532    7.5305    7.5041    7.4738    7.4398
    7.4020    7.3604    7.3150    7.2659    7.2129
    7.1562    7.0957    7.0314    6.9634    6.8916
    6.8159    6.7365    6.6534    6.5664    6.4756
    6.3811    6.2828    6.1807    6.0749    5.9652
    5.8518

     0     1


 ROT OUTPUT  FORMAT:   1   0   0
 EJAY,EJAYF
    0.0000    1.6426    1.6656    1.7002    1.7462
    1.8038    1.8728    1.9534    2.0455    2.1491
    2.2642    2.3909    2.5290    2.6787    2.8398
    3.0125    3.1967    3.3924    3.5996    3.8183
    4.0485    4.2903    4.5435    4.8083    5.0846
    5.3724    5.6717    5.9825    6.3048    6.6387
    6.9840

     0     1

   11.9054   11.9117   11.9243   11.9433   11.9686
   12.0002   12.0381   12.0823   12.1328   12.1897
   12.2529   12.3223   12.3982   12.4803   12.5687
   12.6635   12.7646   12.8720   12.9857   13.1057
   13.2320   13.3647   13.5037   13.6490   13.8006
   13.9586   14.1228   14.2934   14.4703   14.6535
   14.8430

     0     1

 BARRIER
   11.9054   10.2691   10.2587   10.2431   10.2224
   10.1964   10.1652   10.1289   10.0873   10.0406
    9.9886    9.9315    9.8692    9.8016    9.7289
    9.6510    9.5679    9.4796    9.3861    9.2874
    9.1835    9.0744    8.9602    8.8407    8.7160
    8.5862    8.4511    8.3109    8.1654    8.0148
    7.8590

     0     1

 ROT OUTPUT  YRSMO,YRSMOF
    0.0000    0.0101    0.0304    0.0609    0.1015
    0.1522    0.2131    0.2841    0.3652    0.4566
    0.5580    0.6696    0.7914    0.9233    1.0653
    1.2175    1.3798    1.5523    1.7349    1.9277
    2.1306    2.3437    2.5669    2.8002    3.0437
    3.2974    3.5612    3.8351    4.1192    4.4134
    4.7178

     0     1

    7.5725    7.5788    7.5914    7.6104    7.6357
    7.6672    7.7051    7.7494    7.7999    7.8568
    7.9199    7.9894    8.0652    8.1474    8.2358
    8.3306    8.4316    8.5390    8.6528    8.7728
    8.8991    9.0318    9.1708    9.3161    9.4677
    9.6256    9.7899    9.9605   10.1373   10.3206
   10.5101

     0     1

 BARRIER
    7.5725    7.5687    7.5610    7.5495    7.5342
    7.5151    7.4921    7.4653    7.4347    7.4002
    7.3619    7.3198    7.2739    7.2241    7.1705
    7.1131    7.0518    6.9867    6.9178    6.8451
    6.7685    6.6881    6.6039    6.5159    6.4240
    6.3283    6.2287    6.1254    6.0182    5.9072
    5.7923

     0     1


 ROT OUTPUT  FORMAT:   1   0   0
 EJAY,EJAYF
    0.0000    1.5016    1.5247    1.5593    1.6055
    1.6632    1.7324    1.8132    1.9055    2.0094
    2.1248    2.2517    2.3902    2.5402    2.7018
    2.8749    3.0595    3.2557    3.4634    3.6827
    3.9135    4.1558    4.4097    4.6751    4.9521
    5.2406    5.5406    5.8522    6.1753    6.5100
    6.8562

     0     1

   11.5572   11.5636   11.5763   11.5954   11.6208
   11.6526   11.6907   11.7352   11.7861   11.8433
   11.9069   11.9768   12.0531   12.1358   12.2248
   12.3202   12.4219   12.5300   12.6444   12.7653
   12.8924   13.0259   13.1658   13.3121   13.4647
   13.6236   13.7889   13.9606   14.1386   14.3230
   14.5138

     0     1

 BARRIER
   11.5572   10.0619   10.0516   10.0360   10.0153
    9.9894    9.9583    9.9220    9.8806    9.8339
    9.7821    9.7251    9.6629    9.5956    9.5230
    9.4453    9.3624    9.2743    9.1810    9.0826
    8.9789    8.8701    8.7561    8.6369    8.5126
    8.3830    8.2483    8.1084    7.9633    7.8130
    7.6575

     0     1

 ROT OUTPUT  YRSMO,YRSMOF
    0.0000    0.0102    0.0307    0.0614    0.1023
    0.1535    0.2148    0.2865    0.3683    0.4604
    0.5627    0.6752    0.7980    0.9310    1.0742
    1.2277    1.3914    1.5653    1.7494    1.9438
    2.1484    2.3633    2.5884    2.8237    3.0692
    3.3250    3.5910    3.8672    4.1537    4.4504
    4.7573

     0     1

    7.5234    7.5297    7.5425    7.5615    7.5870
    7.6188    7.6569    7.7014    7.7523    7.8095
    7.8731    7.9430    8.0193    8.1020    8.1910
    8.2864    8.3881    8.4962    8.6106    8.7314
    8.8586    8.9921    9.1320    9.2782    9.4308
    9.5898    9.7551    9.9268   10.1048   10.2892
   10.4799

     0     1

 BARRIER
    7.5234    7.5195    7.5118    7.5001    7.4847
    7.4653    7.4421    7.4149    7.3840    7.3491
    7.3104    7.2678    7.2213    7.1710    7.1168
    7.0587    6.9967    6.9309    6.8612    6.7876
    6.7101    6.6288    6.5436    6.4546    6.3616
    6.2648    6.1641    6.0596    5.9511    5.8388
    5.7227

     0     1


 ROT OUTPUT  FORMAT:   1   0   0
 EJAY,EJAYF
    0.0000    1.1344    1.1571    1.1912    1.2366
    1.2934    1.3616    1.4411    1.5320    1.6342
    1.7478    1.8728    2.0091    2.1568    2.3159
    2.4863    2.6680    2.8612    3.0657    3.2815
    3.5087    3.7473    3.9972    4.2585    4.5312
    4.8152    5.1105    5.4173    5.7354    6.0648
    6.4056

     0     1

   10.5992   10.6056   10.6184   10.6376   10.6631
   10.6951   10.7334   10.7782   10.8293   10.8868
   10.9507   11.0210   11.0977   11.1808   11.2703
   11.3661   11.4684   11.5770   11.6921   11.8135
   11.9413   12.0756   12.2162   12.3632   12.5165
   12.6763   12.8425   13.0151   13.1940   13.3794
   13.5711

     0     1

 BARRIER
   10.5992    9.4712    9.4613    9.4464    9.4265
    9.4017    9.3718    9.3370    9.2973    9.2526
    9.2029    9.1482    9.0886    9.0240    8.9544
    8.8799    8.8004    8.7159    8.6264    8.5320
    8.4326    8.3283    8.2189    8.1046    7.9854
    7.8611    7.7319    7.5978    7.4586    7.3145
    7.1654

     0     1

 ROT OUTPUT  YRSMO,YRSMOF
    0.0000    0.0103    0.0310    0.0619    0.1032
    0.1548    0.2167    0.2889    0.3714    0.4643
    0.5674    0.6809    0.8047    0.9388    1.0833
    1.2380    1.4031    1.5785    1.7642    1.9602
    2.1665    2.3832    2.6101    2.8474    3.0950
    3.3530    3.6212    3.8997    4.1886    4.4878
    4.7973

     0     1

    7.4859    7.4923    7.5051    7.5242    7.5498
    7.5818    7.6201    7.6648    7.7160    7.7735
    7.8374    7.9077    7.9844    8.0675    8.1570
    8.2528    8.3551    8.4637    8.5788    8.7002
    8.8280    8.9622    9.1029    9.2498    9.4032
    9.5630    9.7292    9.9017   10.0807   10.2660
   10.4578

     0     1

 BARRIER
    7.4859    7.4820    7.4741    7.4623    7.4466
    7.4270    7.4035    7.3760    7.3446    7.3092
    7.2700    7.2268    7.1797    7.1287    7.0737
    7.0148    6.9520    6.8853    6.8146    6.7400
    6.6615    6.5791    6.4927    6.4024    6.3082
    6.2101    6.1080    6.0020    5.8921    5.7782
    5.6605

     0     1


 ROT OUTPUT  FORMAT:   1   0   0
 EJAY,EJAYF
    0.0000    1.0439    1.0667    1.1010    1.1467
    1.2038    1.2723    1.3523    1.4437    1.5465
    1.6607    1.7863    1.9234    2.0719    2.2318
    2.4031    2.5859    2.7800    2.9856    3.2027
    3.4311    3.6710    3.9223    4.1850    4.4591
    4.7446    5.0416    5.3500    5.6698    6.0011
    6.3437

     0     1

   10.3821   10.3886   10.4014   10.4207   10.4464
   10.4785   10.5170   10.5620   10.6134   10.6712
   10.7354   10.8061   10.8832   10.9667   11.0566
   11.1530   11.2557   11.3649   11.4806   11.6026
   11.7311   11.8660   12.0073   12.1550   12.3092
   12.4698   12.6368   12.8102   12.9901   13.1764
   13.3691

     0     1

 BARRIER
   10.3821    9.3447    9.3347    9.3197    9.2997
    9.2747    9.2447    9.2097    9.1697    9.1247
    9.0748    9.0198    8.9598    8.8948    8.8248
    8.7498    8.6699    8.5849    8.4949    8.4000
    8.3000    8.1950    8.0850    7.9701    7.8501
    7.7252    7.5952    7.4602    7.3203    7.1753
    7.0254

     0     1

 ROT OUTPUT  YRSMO,YRSMOF
    0.0000    0.0104    0.0312    0.0624    0.1040
    0.1561    0.2185    0.2913    0.3745    0.4682
    0.5722    0.6867    0.8115    0.9468    1.0924
    1.2485    1.4149    1.5918    1.7791    1.9768
    2.1848    2.4033    2.6322    2.8715    3.1212
    3.3813    3.6518    3.9327    4.2240    4.5257
    4.8379

     0     1

    7.4453    7.4517    7.4646    7.4838    7.5095
    7.5417    7.5802    7.6252    7.6765    7.7344
    7.7986    7.8693    7.9463    8.0298    8.1198
    8.2161    8.3189    8.4281    8.5437    8.6658
    8.7942    8.9291    9.0705    9.2182    9.3724
    9.5330    9.7000    9.8734   10.0533   10.2396
   10.4323

     0     1

 BARRIER
    7.4453    7.4413    7.4334    7.4214    7.4055
    7.3856    7.3617    7.3338    7.3020    7.2662
    7.2264    7.1826    7.1348    7.0831    7.0274
    6.9676    6.9040    6.8363    6.7646    6.6890
    6.6094    6.5258    6.4383    6.3467    6.2512
    6.1517    6.0482    5.9407    5.8293    5.7138
    5.5944

     0     1


 ROT OUTPUT  FORMAT:   1   0   0
 EJAY,EJAYF
    0.0000    0.7127    0.7352    0.7689    0.8138
    0.8700    0.9374    1.0160    1.1059    1.2070
    1.3193    1.4429    1.5777    1.7238    1.8811
    2.0496    2.2293    2.4203    2.6225    2.8360
    3.0607    3.2966    3.5437    3.8021    4.0717
    4.3526    4.6447    4.9480    5.2626    5.5884
    5.9254

     0     1

    9.4818    9.4883    9.5011    9.5205    9.5463
    9.5785    9.6172    9.6623    9.7138    9.7718
    9.8363    9.9072    9.9845   10.0683   10.1586
   10.2552   10.3584   10.4679   10.5839   10.7064
   10.8353   10.9707   11.1125   11.2607   11.4154
   11.5765   11.7441   11.9181   12.0986   12.2855
   12.4788

     0     1

 BARRIER
    9.4818    8.7756    8.7660    8.7516    8.7325
    8.7085    8.6798    8.6463    8.6079    8.5648
    8.5170    8.4643    8.4068    8.3445    8.2775
    8.2057    8.1290    8.0476    7.9614    7.8704
    7.7746    7.6741    7.5687    7.4586    7.3436
    7.2239    7.0994    6.9701    6.8360    6.6971
    6.5534

     0     1

 ROT OUTPUT  YRSMO,YRSMOF
    0.0000    0.0105    0.0315    0.0630    0.1049
    0.1574    0.2203    0.2938    0.3777    0.4722
    0.5771    0.6925    0.8184    0.9548    1.1017
    1.2591    1.4270    1.6053    1.7942    1.9935
    2.2034    2.4237    2.6546    2.8959    3.1477
    3.4100    3.6828    3.9661    4.2599    4.5642
    4.8789

     0     1

    7.4201    7.4265    7.4394    7.4587    7.4845
    7.5167    7.5554    7.6005    7.6521    7.7101
    7.7745    7.8454    7.9228    8.0066    8.0968
    8.1935    8.2966    8.4062    8.5222    8.6446
    8.7736    8.9089    9.0507    9.1989    9.3536
    9.5148    9.6823    9.8563   10.0368   10.2237
   10.4171

     0     1

 BARRIER
    7.4201    7.4160    7.4079    7.3958    7.3796
    7.3593    7.3351    7.3067    7.2744    7.2379
    7.1975    7.1529    7.1044    7.0518    6.9951
    6.9344    6.8696    6.8008    6.7280    6.6511
    6.5702    6.4852    6.3961    6.3030    6.2059
    6.1047    5.9995    5.8902    5.7769    5.6596
    5.5381

     0     1


 ROT OUTPUT  FORMAT:   1   0   0
 EJAY,EJAYF
    0.0000    2.0197    2.0425    2.0768    2.1225
    2.1796    2.2481    2.3281    2.4195    2.5223
    2.6365    2.7621    2.8992    3.0477    3.2076
    3.3789    3.5617    3.7558    3.9614    4.1785
    4.4069    4.6468    4.8981    5.1608    5.4349
    5.7204    6.0174    6.3258    6.6456    6.9769
    7.3195

     0     1

   12.7438   12.7502   12.7630   12.7822   12.8079
   12.8399   12.8783   12.9232   12.9745   13.0321
   13.0962   13.1667   13.2435   13.3268   13.4165
   13.5126   13.6152   13.7241   13.8394   13.9611
   14.0893   14.2238   14.3648   14.5121   14.6659
   14.8261   14.9927   15.1657   15.3451   15.5309
   15.7231

     0     1

 BARRIER
   12.7438   10.7305   10.7205   10.7054   10.6854
   10.6603   10.6302   10.5951   10.5550   10.5099
   10.4597   10.4045   10.3444   10.2792   10.2090
   10.1337   10.0535    9.9682    9.8780    9.7827
    9.6824    9.5771    9.4667    9.3514    9.2310
    9.1056    8.9753    8.8399    8.6994    8.5540
    8.4035

     0     1

 ROT OUTPUT  YRSMO,YRSMOF
    0.0000    0.0102    0.0305    0.0609    0.1015
    0.1523    0.2132    0.2843    0.3655    0.4569
    0.5584    0.6701    0.7920    0.9240    1.0661
    1.2184    1.3809    1.5535    1.7362    1.9292
    2.1322    2.3455    2.5688    2.8024    3.0460
    3.2999    3.5639    3.8380    4.1223    4.4168
    4.7214

     0     1

    8.0199    8.0263    8.0391    8.0583    8.0839
    8.1160    8.1544    8.1993    8.2505    8.3082
    8.3722    8.4427    8.5196    8.6029    8.6926
    8.7887    8.8912    9.0001    9.1155    9.2372
    9.3653    9.4999    9.6408    9.7882    9.9420
   10.1022   10.2687   10.4417   10.6211   10.8069
   10.9991

     0     1

 BARRIER
    8.0199    8.0161    8.0086    7.9974    7.9824
    7.9637    7.9412    7.9150    7.8850    7.8513
    7.8138    7.7726    7.7276    7.6789    7.6265
    7.5703    7.5103    7.4467    7.3792    7.3080
    7.2331    7.1544    7.0720    6.9858    6.8959
    6.8023    6.7049    6.6037    6.4988    6.3902
    6.2778

     0     1


 ROT OUTPUT  FORMAT:   1   0   0
 EJAY,EJAYF
    0.0000    1.7648    1.7876    1.8219    1.8676
    1.9247    1.9933    2.0733    2.1647    2.2675
    2.3818    2.5075    2.6446    2.7932    2.9531
    3.1245    3.3073    3.5016    3.7073    3.9244
    4.1529    4.3928    4.6442    4.9070    5.1813
    5.4669    5.7640    6.0725    6.3925    6.7238
    7.0666

     0     1

   12.2400   12.2464   12.2592   12.2785   12.3041
   12.3362   12.3747   12.4196   12.4709   12.5287
   12.5928   12.6634   12.7404   12.8238   12.9136
   13.0099   13.1125   13.2216   13.3371   13.4589
   13.5873   13.7220   13.8631   14.0107   14.1647
   14.3251   14.4919   14.6651   14.8447   15.0308
   15.2233

     0     1

 BARRIER
   12.2400   10.4816   10.4716   10.4566   10.4365
   10.4115   10.3814   10.3463   10.3062   10.2611
   10.2110   10.1559   10.0958   10.0306    9.9605
    9.8853    9.8052    9.7200    9.6298    9.5346
    9.4344    9.3291    9.2189    9.1037    8.9834
    8.8581    8.7278    8.5926    8.4523    8.3069
    8.1566

     0     1

 ROT OUTPUT  YRSMO,YRSMOF
    0.0000    0.0102    0.0307    0.0614    0.1024
    0.1536    0.2150    0.2867    0.3686    0.4608
    0.5632    0.6758    0.7987    0.9318    1.0751
    1.2287    1.3925    1.5666    1.7509    1.9455
    2.1503    2.3653    2.5905    2.8260    3.0718
    3.3278    3.5940    3.8705    4.1572    4.4541
    4.7613

     0     1

    8.0022    8.0086    8.0215    8.0407    8.0664
    8.0985    8.1370    8.1819    8.2332    8.2909
    8.3551    8.4257    8.5026    8.5860    8.6759
    8.7721    8.8748    8.9838    9.0993    9.2212
    9.3495    9.4842    9.6254    9.7729    9.9269
   10.0873   10.2541   10.4273   10.6070   10.7930
   10.9855

     0     1

 BARRIER
    8.0022    7.9984    7.9908    7.9793    7.9640
    7.9449    7.9219    7.8952    7.8646    7.8302
    7.7919    7.7499    7.7040    7.6543    7.6007
    7.5434    7.4822    7.4172    7.3484    7.2757
    7.1993    7.1190    7.0348    6.9469    6.8551
    6.7595    6.6601    6.5569    6.4498    6.3389
    6.2242

     0     1


 ROT OUTPUT  FORMAT:   1   0   0
 EJAY,EJAYF
    0.0000    1.4252    1.4479    1.4820    1.5274
    1.5841    1.6523    1.7317    1.8226    1.9247
    2.0383    2.1632    2.2994    2.4470    2.6060
    2.7763    2.9579    3.1509    3.3553    3.5710
    3.7981    4.0365    4.2863    4.5474    4.8199
    5.1037    5.3989    5.7055    6.0234    6.3526
    6.6932

     0     1

   11.4847   11.4912   11.5040   11.5233   11.5490
   11.5811   11.6197   11.6647   11.7161   11.7739
   11.8382   11.9089   11.9860   12.0696   12.1595
   12.2559   12.3587   12.4680   12.5837   12.7058
   12.8343   12.9693   13.1106   13.2585   13.4127
   13.5734   13.7404   13.9140   14.0939   14.2803
   14.4731

     0     1

 BARRIER
   11.4847   10.0660   10.0561   10.0413   10.0216
    9.9970    9.9674    9.9330    9.8935    9.8492
    9.7999    9.7457    9.6866    9.6225    9.5536
    9.4797    9.4008    9.3171    9.2284    9.1348
    9.0362    8.9328    8.8244    8.7111    8.5928
    8.4696    8.3415    8.2085    8.0705    7.9277
    7.7799

     0     1

 ROT OUTPUT  YRSMO,YRSMOF
    0.0000    0.0103    0.0310    0.0620    0.1033
    0.1549    0.2169    0.2891    0.3717    0.4647
    0.5679    0.6815    0.8054    0.9397    1.0843
    1.2392    1.4044    1.5799    1.7658    1.9620
    2.1685    2.3854    2.6125    2.8501    3.0979
    3.3560    3.6245    3.9033    4.1925    4.4919
    4.8017

     0     1

    7.9712    7.9776    7.9905    8.0097    8.0354
    8.0676    8.1061    8.1511    8.2025    8.2604
    8.3246    8.3953    8.4724    8.5560    8.6460
    8.7424    8.8452    8.9544    9.0701    9.1922
    9.3208    9.4557    9.5971    9.7449    9.8991
   10.0598   10.2269   10.4004   10.5804   10.7667
   10.9595

     0     1

 BARRIER
    7.9712    7.9673    7.9595    7.9478    7.9322
    7.9127    7.8893    7.8620    7.8308    7.7957
    7.7567    7.7138    7.6670    7.6163    7.5617
    7.5032    7.4408    7.3745    7.3043    7.2302
    7.1522    7.0703    6.9845    6.8949    6.8013
    6.7038    6.6024    6.4971    6.3879    6.2748
    6.1578

     0     1


 ROT OUTPUT  FORMAT:   1   0   0
 EJAY,EJAYF
    0.0000    1.1560    1.1786    1.2125    1.2578
    1.3143    1.3822    1.4613    1.5518    1.6536
    1.7667    1.8911    2.0268    2.1739    2.3322
    2.5019    2.6828    2.8751    3.0787    3.2936
    3.5197    3.7573    4.0061    4.2662    4.5376
    4.8204    5.1144    5.4198    5.7365    6.0645
    6.4038

     0     1

   10.8629   10.8694   10.8823   10.9016   10.9273
   10.9595   10.9981   11.0432   11.0947   11.1526
   11.2170   11.2878   11.3650   11.4487   11.5388
   11.6354   11.7383   11.8478   11.9636   12.0859
   12.2147   12.3498   12.4914   12.6395   12.7940
   12.9549   13.1223   13.2960   13.4763   13.6629
   13.8560

     0     1

 BARRIER
   10.8629    9.7134    9.7037    9.6890    9.6695
    9.6452    9.6159    9.5818    9.5428    9.4990
    9.4503    9.3966    9.3382    9.2748    9.2066
    9.1335    9.0555    8.9727    8.8850    8.7924
    8.6949    8.5926    8.4854    8.3733    8.2563
    8.1345    8.0078    7.8762    7.7398    7.5985
    7.4523

     0     1

 ROT OUTPUT  YRSMO,YRSMOF
    0.0000    0.0104    0.0312    0.0625    0.1041
    0.1562    0.2187    0.2916    0.3749    0.4686
    0.5728    0.6874    0.8123    0.9477    1.0935
    1.2497    1.4164    1.5934    1.7809    1.9787
    2.1870    2.4057    2.6348    2.8744    3.1243
    3.3847    3.6555    3.9366    4.2282    4.5303
    4.8427

     0     1

    7.9324    7.9388    7.9517    7.9710    7.9968
    8.0289    8.0676    8.1126    8.1641    8.2221
    8.2864    8.3572    8.4345    8.5181    8.6083
    8.7048    8.8078    8.9172    9.0331    9.1554
    9.2841    9.4193    9.5609    9.7089    9.8634
   10.0244   10.1917   10.3655   10.5457   10.7324
   10.9255

     0     1

 BARRIER
    7.9324    7.9284    7.9205    7.9085    7.8926
    7.8727    7.8489    7.8210    7.7892    7.7534
    7.7136    7.6699    7.6221    7.5704    7.5147
    7.4551    7.3914    7.3238    7.2522    7.1766
    7.0971    7.0136    6.9261    6.8346    6.7391
    6.6397    6.5363    6.4289    6.3175    6.2021
    6.0828

     0     1


 ROT OUTPUT  FORMAT:   1   0   0
 EJAY,EJAYF
    0.0000    0.8723    0.8948    0.9284    0.9733
    1.0295    1.0968    1.1754    1.2652    1.3662
    1.4785    1.6019    1.7367    1.8826    2.0397
    2.2081    2.3877    2.5785    2.7806    2.9939
    3.2184    3.4541    3.7011    3.9593    4.2287
    4.5093    4.8012    5.1042    5.4185    5.7441
    6.0808

     0     1

   10.1448   10.1513   10.1642   10.1836   10.2094
   10.2417   10.2804   10.3256   10.3773   10.4354
   10.4999   10.5710   10.6484   10.7324   10.8228
   10.9196   11.0229   11.1327   11.2489   11.3716
   11.5007   11.6363   11.7783   11.9268   12.0818
   12.2432   12.4111   12.5854   12.7662   12.9534
   13.1471

     0     1

 BARRIER
   10.1448    9.2790    9.2695    9.2551    9.2361
    9.2122    9.1836    9.1502    9.1121    9.0692
    9.0215    8.9690    8.9118    8.8498    8.7830
    8.7115    8.6352    8.5541    8.4683    8.3777
    8.2823    8.1822    8.0773    7.9676    7.8531
    7.7339    7.6099    7.4812    7.3476    7.2094
    7.0663

     0     1

 ROT OUTPUT  YRSMO,YRSMOF
    0.0000    0.0105    0.0315    0.0630    0.1050
    0.1576    0.2206    0.2941    0.3781    0.4727
    0.5777    0.6932    0.8193    0.9558    1.1029
    1.2604    1.4285    1.6070    1.7961    1.9957
    2.2058    2.4263    2.6574    2.8990    3.1511
    3.4137    3.6868    3.9704    4.2645    4.5691
    4.8842

     0     1

    7.8788    7.8852    7.8981    7.9175    7.9433
    7.9756    8.0144    8.0595    8.1112    8.1693
    8.2339    8.3049    8.3824    8.4663    8.5567
    8.6535    8.7569    8.8666    8.9828    9.1055
    9.2346    9.3702    9.5123    9.6608    9.8157
    9.9771   10.1450   10.3193   10.5001   10.6874
   10.8810

     0     1

 BARRIER
    7.8788    7.8747    7.8666    7.8545    7.8383
    7.8181    7.7938    7.7654    7.7331    7.6966
    7.6562    7.6117    7.5631    7.5105    7.4538
    7.3931    7.3284    7.2596    7.1867    7.1098
    7.0289    6.9439    6.8549    6.7618    6.6646
    6.5635    6.4582    6.3490    6.2357    6.1183
    5.9969

     0     1


 ROT OUTPUT  FORMAT:   1   0   0
 EJAY,EJAYF
    0.0000    2.2114    2.2341    2.2681    2.3136
    2.3704    2.4385    2.5180    2.6088    2.7111
    2.8246    2.9495    3.0858    3.2335    3.3925
    3.5628    3.7445    3.9376    4.1420    4.3578
    4.5849    4.8234    5.0733    5.3345    5.6070
    5.8909    6.1862    6.4929    6.8108    7.1402
    7.4809

     0     1

   13.2102   13.2168   13.2299   13.2495   13.2756
   13.3083   13.3476   13.3934   13.4457   13.5045
   13.5699   13.6419   13.7204   13.8054   13.8969
   13.9950   14.0997   14.2109   14.3286   14.4528
   14.5836   14.7210   14.8649   15.0153   15.1722
   15.3357   15.5058   15.6824   15.8655   16.0551
   16.2513

     0     1

 BARRIER
   13.2102   11.0054   10.9958   10.9813   10.9621
   10.9380   10.9091   10.8754   10.8368   10.7935
   10.7453   10.6923   10.6345   10.5719   10.5045
   10.4322   10.3552   10.2733   10.1866   10.0950
    9.9987    9.8976    9.7916    9.6808    9.5652
    9.4448    9.3196    9.1895    9.0546    8.9150
    8.7705

     0     1

 ROT OUTPUT  YRSMO,YRSMOF
    0.0000    0.0102    0.0307    0.0615    0.1024
    0.1537    0.2151    0.2868    0.3688    0.4610
    0.5634    0.6761    0.7991    0.9322    1.0757
    1.2293    1.3932    1.5674    1.7518    1.9465
    2.1513    2.3665    2.5919    2.8275    3.0733
    3.3295    3.5958    3.8724    4.1593    4.4563
    4.7637

     0     1

    8.4678    8.4743    8.4874    8.5070    8.5332
    8.5659    8.6051    8.6509    8.7032    8.7621
    8.8275    8.8994    8.9779    9.0629    9.1545
    9.2526    9.3572    9.4684    9.5861    9.7104
    9.8412    9.9785   10.1224   10.2728   10.4298
   10.5933   10.7633   10.9399   11.1230   11.3127
   11.5089

     0     1

 BARRIER
    8.4678    8.4640    8.4566    8.4455    8.4307
    8.4122    8.3900    8.3640    8.3344    8.3011
    8.2640    8.2233    8.1788    8.1306    8.0788
    8.0232    7.9639    7.9010    7.8343    7.7639
    7.6898    7.6120    7.5305    7.4453    7.3564
    7.2638    7.1675    7.0675    6.9637    6.8563
    6.7452

     0     1


 ROT OUTPUT  FORMAT:   1   0   0
 EJAY,EJAYF
    0.0000    1.7812    1.8038    1.8376    1.8827
    1.9390    2.0067    2.0856    2.1758    2.2773
    2.3900    2.5140    2.6493    2.7959    2.9537
    3.1228    3.3032    3.4948    3.6978    3.9120
    4.1375    4.3742    4.6222    4.8816    5.1521
    5.4340    5.7271    6.0315    6.3472    6.6741
    7.0123

     0     1

   12.3207   12.3273   12.3404   12.3601   12.3864
   12.4192   12.4586   12.5045   12.5571   12.6162
   12.6818   12.7541   12.8328   12.9182   13.0101
   13.1086   13.2137   13.3253   13.4435   13.5683
   13.6996   13.8375   13.9819   14.1329   14.2905
   14.4547   14.6254   14.8027   14.9865   15.1770
   15.3739

     0     1

 BARRIER
   12.3207   10.5461   10.5366   10.5225   10.5037
   10.4801   10.4519   10.4189   10.3813   10.3389
   10.2918   10.2400   10.1835   10.1223   10.0564
    9.9858    9.9105    9.8305    9.7457    9.6563
    9.5621    9.4632    9.3597    9.2514    9.1384
    9.0207    8.8983    8.7712    8.6394    8.5028
    8.3616

     0     1

 ROT OUTPUT  YRSMO,YRSMOF
    0.0000    0.0103    0.0310    0.0620    0.1033
    0.1550    0.2170    0.2893    0.3719    0.4649
    0.5682    0.6819    0.8059    0.9402    1.0848
    1.2398    1.4051    1.5807    1.7667    1.9630
    2.1696    2.3866    2.6139    2.8515    3.0995
    3.3578    3.6264    3.9053    4.1946    4.4942
    4.8042

     0     1

    8.4386    8.4452    8.4583    8.4780    8.5043
    8.5371    8.5765    8.6225    8.6750    8.7341
    8.7998    8.8720    8.9508    9.0362    9.1281
    9.2266    9.3316    9.4433    9.5614    9.6862
    9.8175    9.9554   10.0999   10.2509   10.4085
   10.5726   10.7434   10.9206   11.1045   11.2949
   11.4919

     0     1

 BARRIER
    8.4386    8.4349    8.4273    8.4160    8.4010
    8.3822    8.3596    8.3332    8.3031    8.2692
    8.2315    8.1901    8.1449    8.0960    8.0433
    7.9868    7.9265    7.8625    7.7948    7.7232
    7.6479    7.5688    7.4860    7.3994    7.3090
    7.2149    7.1170    7.0153    6.9099    6.8007
    6.6877

     0     1


 ROT OUTPUT  FORMAT:   1   0   0
 EJAY,EJAYF
    0.0000    1.6101    1.6327    1.6667    1.7120
    1.7685    1.8364    1.9157    2.0062    2.1080
    2.2212    2.3457    2.4815    2.6286    2.7870
    2.9568    3.1379    3.3302    3.5339    3.7490
    3.9753    4.2130    4.4619    4.7222    4.9938
    5.2767    5.5710    5.8765    6.1934    6.5216
    6.8611

     0     1

   11.9657   11.9723   11.9855   12.0053   12.0317
   12.0646   12.1042   12.1504   12.2031   12.2625
   12.3284   12.4010   12.4801   12.5659   12.6582
   12.7571   12.8626   12.9748   13.0935   13.2188
   13.3507   13.4892   13.6343   13.7859   13.9442
   14.1091   14.2806   14.4586   14.6433   14.8345
   15.0324

     0     1

 BARRIER
   11.9657   10.3622   10.3528   10.3386   10.3197
   10.2961   10.2678   10.2347   10.1970   10.1545
   10.1072   10.0553    9.9986    9.9373    9.8712
    9.8003    9.7248    9.6445    9.5595    9.4698
    9.3754    9.2762    9.1723    9.0637    8.9504
    8.8324    8.7096    8.5821    8.4499    8.3130
    8.1713

     0     1

 ROT OUTPUT  YRSMO,YRSMOF
    0.0000    0.0104    0.0313    0.0625    0.1042
    0.1563    0.2188    0.2918    0.3751    0.4689
    0.5731    0.6877    0.8127    0.9482    1.0941
    1.2504    1.4171    1.5942    1.7818    1.9798
    2.1882    2.4070    2.6362    2.8759    3.1259
    3.3864    3.6573    3.9387    4.2304    4.5326
    4.8452

     0     1

    8.3976    8.4042    8.4174    8.4372    8.4635
    8.4965    8.5361    8.5823    8.6350    8.6944
    8.7603    8.8329    8.9120    8.9977    9.0901
    9.1890    9.2945    9.4066    9.5253    9.6506
    9.7825    9.9210   10.0661   10.2178   10.3761
   10.5410   10.7124   10.8905   11.0752   11.2664
   11.4643

     0     1

 BARRIER
    8.3976    8.3938    8.3861    8.3746    8.3593
    8.3402    8.3173    8.2905    8.2599    8.2255
    8.1872    8.1452    8.0993    8.0495    7.9960
    7.9386    7.8774    7.8124    7.7436    7.6709
    7.5944    7.5141    7.4299    7.3419    7.2502
    7.1545    7.0551    6.9518    6.8447    6.7338
    6.6191

     0     1


 ROT OUTPUT  FORMAT:   1   0   0
 EJAY,EJAYF
    0.0000    1.1769    1.1993    1.2329    1.2777
    1.3337    1.4009    1.4793    1.5688    1.6696
    1.7816    1.9048    2.0392    2.1848    2.3416
    2.5096    2.6887    2.8791    3.0807    3.2935
    3.5175    3.7526    3.9990    4.2566    4.5254
    4.8053    5.0965    5.3989    5.7124    6.0372
    6.3732

     0     1

   10.9941   11.0007   11.0140   11.0338   11.0604
   11.0935   11.1332   11.1796   11.2326   11.2923
   11.3585   11.4314   11.5109   11.5970   11.6898
   11.7892   11.8952   12.0078   12.1271   12.2530
   12.3855   12.5247   12.6704   12.8228   12.9818
   13.1475   13.3198   13.4987   13.6842   13.8763
   14.0751

     0     1

 BARRIER
   10.9941    9.8238    9.8147    9.8010    9.7827
    9.7598    9.7324    9.7004    9.6638    9.6226
    9.5769    9.5266    9.4717    9.4123    9.3482
    9.2796    9.2065    9.1287    9.0464    8.9595
    8.8681    8.7720    8.6714    8.5662    8.4565
    8.3422    8.2233    8.0998    7.9718    7.8391
    7.7019

     0     1

 ROT OUTPUT  YRSMO,YRSMOF
    0.0000    0.0105    0.0315    0.0631    0.1051
    0.1576    0.2207    0.2943    0.3783    0.4729
    0.5780    0.6936    0.8197    0.9563    1.1035
    1.2611    1.4293    1.6079    1.7971    1.9968
    2.2069    2.4276    2.6588    2.9005    3.1528
    3.4155    3.6887    3.9725    4.2667    4.5715
    4.8868

     0     1

    8.3461    8.3527    8.3660    8.3859    8.4124
    8.4455    8.4853    8.5316    8.5847    8.6443
    8.7105    8.7834    8.8629    8.9491    9.0418
    9.1412    9.2472    9.3599    9.4791    9.6050
    9.7376    9.8767   10.0225   10.1749   10.3339
   10.4995   10.6718   10.8507   11.0362   11.2284
   11.4271

     0     1

 BARRIER
    8.3461    8.3422    8.3345    8.3228    8.3073
    8.2879    8.2646    8.2374    8.2063    8.1714
    8.1325    8.0898    8.0432    7.9927    7.9384
    7.8801    7.8180    7.7520    7.6821    7.6083
    7.5306    7.4491    7.3636    7.2743    7.1811
    7.0840    6.9831    6.8782    6.7695    6.6569
    6.5404

     0     1


 ROT OUTPUT  FORMAT:   1   0   0
 EJAY,EJAYF
    0.0000    0.9998    1.0222    1.0559    1.1008
    1.1569    1.2242    1.3027    1.3925    1.4934
    1.6056    1.7291    1.8637    2.0095    2.1666
    2.3349    2.5144    2.7051    2.9071    3.1203
    3.3446    3.5803    3.8271    4.0851    4.3544
    4.6349    4.9266    5.2295    5.5436    5.8690
    6.2056

     0     1

   10.5865   10.5932   10.6065   10.6265   10.6531
   10.6863   10.7263   10.7728   10.8261   10.8859
   10.9525   11.0257   11.1055   11.1920   11.2851
   11.3849   11.4914   11.6045   11.7242   11.8507
   11.9837   12.1234   12.2698   12.4228   12.5825
   12.7488   12.9218   13.1015   13.2878   13.4807
   13.6803

     0     1

 BARRIER
   10.5865    9.5934    9.5843    9.5706    9.5523
    9.5295    9.5021    9.4701    9.4336    9.3925
    9.3468    9.2966    9.2418    9.1824    9.1185
    9.0500    8.9770    8.8993    8.8172    8.7304
    8.6391    8.5432    8.4427    8.3377    8.2281
    8.1140    7.9952    7.8720    7.7441    7.6117
    7.4747

     0     1

 ROT OUTPUT  YRSMO,YRSMOF
    0.0000    0.0106    0.0318    0.0636    0.1060
    0.1590    0.2226    0.2968    0.3816    0.4770
    0.5830    0.6996    0.8268    0.9646    1.1130
    1.2720    1.4416    1.6218    1.8126    2.0140
    2.2260    2.4486    2.6818    2.9256    3.1800
    3.4450    3.7206    4.0067    4.3035    4.6109
    4.9289

     0     1

    8.2958    8.3024    8.3157    8.3357    8.3623
    8.3956    8.4355    8.4820    8.5353    8.5952
    8.6617    8.7349    8.8147    8.9012    8.9943
    9.0941    9.2006    9.3137    9.4335    9.5599
    9.6929    9.8327    9.9790   10.1320   10.2917
   10.4581   10.6310   10.8107   10.9970   11.1899
   11.3895

     0     1

 BARRIER
    8.2958    8.2918    8.2839    8.2721    8.2563
    8.2366    8.2129    8.1853    8.1537    8.1182
    8.0787    8.0353    7.9879    7.9366    7.8814
    7.8222    7.7590    7.6919    7.6209    7.5459
    7.4670    7.3841    7.2973    7.2065    7.1118
    7.0131    6.9105    6.8039    6.6934    6.5790
    6.4606

     0     1


 ROT OUTPUT  FORMAT:   1   0   0
 EJAY,EJAYF
    0.0000    0.7168    0.7391    0.7726    0.8173
    0.8731    0.9401    1.0183    1.1076    1.2081
    1.3197    1.4426    1.5766    1.7217    1.8781
    2.0456    2.2242    2.4140    2.6150    2.8272
    3.0505    3.2850    3.5307    3.7875    4.0555
    4.3347    4.6250    4.9265    5.2391    5.5629
    5.8979

     0     1

    9.9559    9.9625    9.9759    9.9959   10.0225
   10.0558   10.0958   10.1424   10.1957   10.2557
   10.3223   10.3956   10.4756   10.5622   10.6554
   10.7554   10.8620   10.9752   11.0952   11.2218
   11.3550   11.4949   11.6415   11.7947   11.9546
   12.1212   12.2944   12.4743   12.6608   12.8541
   13.0539

     0     1

 BARRIER
    9.9559    9.2458    9.2368    9.2233    9.2052
    9.1827    9.1557    9.1242    9.0881    9.0476
    9.0026    8.9530    8.8990    8.8404    8.7774
    8.7098    8.6378    8.5612    8.4801    8.3946
    8.3045    8.2099    8.1108    8.0072    7.8991
    7.7865    7.6694    7.5478    7.4217    7.2911
    7.1560

     0     1

 ROT OUTPUT  YRSMO,YRSMOF
    0.0000    0.0107    0.0321    0.0642    0.1069
    0.1604    0.2245    0.2994    0.3849    0.4811
    0.5880    0.7057    0.8340    0.9730    1.1226
    1.2830    1.4541    1.6358    1.8283    2.0314
    2.2453    2.4698    2.7050    2.9509    3.2075
    3.4748    3.7528    4.0415    4.3409    4.6509
    4.9717

     0     1

    8.2756    8.2823    8.2956    8.3156    8.3422
    8.3755    8.4155    8.4622    8.5155    8.5754
    8.6420    8.7153    8.7953    8.8819    8.9752
    9.0751    9.1817    9.2950    9.4149    9.5415
    9.6747    9.8146    9.9612   10.1144   10.2743
   10.4409   10.6141   10.7940   10.9806   11.1738
   11.3737

     0     1

 BARRIER
    8.2756    8.2716    8.2635    8.2514    8.2353
    8.2152    8.1910    8.1628    8.1306    8.0943
    8.0540    8.0097    7.9613    7.9089    7.8525
    7.7921    7.7276    7.6591    7.5866    7.5100
    7.4295    7.3448    7.2562    7.1635    7.0668
    6.9661    6.8613    6.7525    6.6397    6.5229
    6.4020

     0     1


 ROT OUTPUT  FORMAT:   1   0   0
 EJAY,EJAYF
    0.0000    0.6188    0.6412    0.6749    0.7198
    0.7759    0.8433    0.9218    1.0116    1.1127
    1.2249    1.3484    1.4831    1.6290    1.7862
    1.9545    2.1341    2.3249    2.5270    2.7403
    2.9647    3.2005    3.4474    3.7056    3.9750
    4.2556    4.5474    4.8505    5.1648    5.4903
    5.8271

     0     1

    9.7357    9.7423    9.7557    9.7757    9.8024
    9.8357    9.8758    9.9225    9.9758   10.0359
   10.1026   10.1760   10.2561   10.3428   10.4362
   10.5363   10.6430   10.7564   10.8765   11.0033
   11.1367   11.2768   11.4236   11.5770   11.7371
   11.9039   12.0774   12.2575   12.4443   12.6378
   12.8380

     0     1

 BARRIER
    9.7357    9.1236    9.1145    9.1008    9.0826
    9.0598    9.0325    9.0006    8.9642    8.9232
    8.8777    8.8276    8.7730    8.7138    8.6500
    8.5817    8.5089    8.4315    8.3495    8.2630
    8.1720    8.0763    7.9762    7.8715    7.7622
    7.6483    7.5300    7.4070    7.2795    7.1475
    7.0109

     0     1

 ROT OUTPUT  YRSMO,YRSMOF
    0.0000    0.0108    0.0324    0.0647    0.1078
    0.1618    0.2265    0.3020    0.3883    0.4853
    0.5932    0.7118    0.8412    0.9814    1.1324
    1.2942    1.4667    1.6501    1.8442    2.0491
    2.2648    2.4913    2.7286    2.9766    3.2355
    3.5051    3.7855    4.0767    4.3787    4.6914
    5.0150

     0     1

    8.2464    8.2531    8.2664    8.2864    8.3131
    8.3465    8.3865    8.4332    8.4866    8.5466
    8.6133    8.6867    8.7668    8.8535    8.9469
    9.0470    9.1537    9.2671    9.3872    9.5140
    9.6474    9.7875    9.9343   10.0877   10.2479
   10.4147   10.5881   10.7682   10.9551   11.1485
   11.3487

     0     1

 BARRIER
    8.2464    8.2423    8.2340    8.2217    8.2052
    8.1847    8.1600    8.1312    8.0983    8.0613
    8.0202    7.9749    7.9255    7.8721    7.8145
    7.7528    7.6870    7.6170    7.5430    7.4649
    7.3826    7.2962    7.2057    7.1111    7.0124
    6.9096    6.8026    6.6915    6.5764    6.4571
    6.3337

     0     1


 ROT OUTPUT  FORMAT:   1   0   0
 EJAY,EJAYF
    0.0000    2.0404    2.0628    2.0964    2.1412
    2.1972    2.2644    2.3428    2.4324    2.5332
    2.6452    2.7684    2.9028    3.0484    3.2052
    3.3732    3.5524    3.7429    3.9445    4.1573
    4.3813    4.6165    4.8629    5.1205    5.3893
    5.6694    5.9606    6.2630    6.5766    6.9014
    7.2374

     0     1

   13.0106   13.0172   13.0305   13.0504   13.0770
   13.1102   13.1500   13.1965   13.2496   13.3093
   13.3757   13.4487   13.5284   13.6147   13.7077
   13.8072   13.9135   14.0263   14.1458   14.2720
   14.4047   14.5441   14.6902   14.8429   15.0022
   15.1682   15.3408   15.5201   15.7059   15.8985
   16.0976

     0     1

 BARRIER
   13.0106   10.9768   10.9677   10.9540   10.9358
   10.9130   10.8856   10.8537   10.8172   10.7761
   10.7305   10.6803   10.6256   10.5663   10.5024
   10.4340   10.3610   10.2835   10.2014   10.1147
   10.0234    9.9276    9.8273    9.7224    9.6129
    9.4988    9.3802    9.2571    9.1293    8.9971
    8.8602

     0     1

 ROT OUTPUT  YRSMO,YRSMOF
    0.0000    0.0103    0.0310    0.0620    0.1034
    0.1551    0.2171    0.2894    0.3721    0.4652
    0.5685    0.6822    0.8063    0.9406    1.0854
    1.2404    1.4058    1.5815    1.7676    1.9640
    2.1707    2.3878    2.6152    2.8529    3.1010
    3.3594    3.6282    3.9073    4.1967    4.4965
    4.8066

     0     1

    8.9018    8.9084    8.9217    8.9416    8.9682
    9.0014    9.0412    9.0877    9.1408    9.2005
    9.2669    9.3399    9.4196    9.5059    9.5989
    9.6984    9.8047    9.9175   10.0370   10.1632
   10.2959   10.4354   10.5814   10.7341   10.8934
   11.0594   11.2320   11.4113   11.5971   11.7897
   11.9888

     0     1

 BARRIER
    8.9018    8.8981    8.8907    8.8796    8.8648
    8.8463    8.8241    8.7982    8.7687    8.7354
    8.6984    8.6577    8.6134    8.5653    8.5135
    8.4580    8.3989    8.3360    8.2695    8.1992
    8.1252    8.0476    7.9662    7.8812    7.7924
    7.7000    7.6038    7.5040    7.4005    7.2932
    7.1823

     0     1


 ROT OUTPUT  FORMAT:   1   0   0
 EJAY,EJAYF
    0.0000    1.7140    1.7364    1.7699    1.8147
    1.8706    1.9376    2.0159    2.1053    2.2059
    2.3177    2.4407    2.5749    2.7202    2.8767
    3.0444    3.2233    3.4133    3.6146    3.8270
    4.0506    4.2854    4.5313    4.7884    5.0567
    5.3362    5.6269    5.9288    6.2418    6.5660
    6.9014

     0     1

   12.3504   12.3571   12.3704   12.3905   12.4172
   12.4506   12.4906   12.5374   12.5908   12.6509
   12.7177   12.7911   12.8713   12.9581   13.0516
   13.1517   13.2586   13.3721   13.4923   13.6192
   13.7527   13.8930   14.0399   14.1935   14.3537
   14.5207   14.6943   14.8746   15.0616   15.2552
   15.4556

     0     1

 BARRIER
   12.3504   10.6430   10.6340   10.6205   10.6025
   10.5800   10.5530   10.5215   10.4855   10.4450
   10.3999   10.3504   10.2964   10.2379   10.1749
   10.1073   10.0353    9.9588    9.8777    9.7922
    9.7022    9.6076    9.5086    9.4050    9.2970
    9.1844    9.0674    8.9458    8.8198    8.6892
    8.5542

     0     1

 ROT OUTPUT  YRSMO,YRSMOF
    0.0000    0.0104    0.0313    0.0626    0.1043
    0.1564    0.2189    0.2919    0.3753    0.4691
    0.5734    0.6881    0.8132    0.9487    1.0946
    1.2510    1.4178    1.5950    1.7827    1.9808
    2.1893    2.4082    2.6375    2.8773    3.1275
    3.3881    3.6592    3.9407    4.2326    4.5349
    4.8476

     0     1

    8.8628    8.8695    8.8828    8.9029    8.9296
    8.9630    9.0030    9.0498    9.1032    9.1633
    9.2301    9.3035    9.3837    9.4705    9.5640
    9.6641    9.7710    9.8845   10.0047   10.1316
   10.2651   10.4054   10.5523   10.7059   10.8661
   11.0331   11.2067   11.3870   11.5740   11.7676
   11.9680

     0     1

 BARRIER
    8.8628    8.8590    8.8515    8.8403    8.8253
    8.8066    8.7841    8.7579    8.7279    8.6942
    8.6567    8.6155    8.5705    8.5218    8.4693
    8.4131    8.3532    8.2895    8.2220    8.1508
    8.0759    7.9972    7.9147    7.8286    7.7386
    7.6449    7.5475    7.4463    7.3414    7.2327
    7.1203

     0     1


 ROT OUTPUT  FORMAT:   1   0   0
 EJAY,EJAYF
    0.0000    1.3977    1.4200    1.4535    1.4981
    1.5539    1.6208    1.6989    1.7882    1.8886
    2.0002    2.1229    2.2568    2.4018    2.5580
    2.7253    2.9038    3.0935    3.2943    3.5063
    3.7294    3.9637    4.2091    4.4657    4.7335
    5.0124    5.3025    5.6037    5.9161    6.2396
    6.5743

     0     1

   11.7064   11.7131   11.7265   11.7467   11.7735
   11.8071   11.8474   11.8944   11.9481   12.0085
   12.0756   12.1494   12.2300   12.3173   12.4112
   12.5119   12.6193   12.7335   12.8543   12.9818
   13.1161   13.2570   13.4047   13.5591   13.7202
   13.8881   14.0626   14.2438   14.4318   14.6265
   14.8278

     0     1

 BARRIER
   11.7064   10.3154   10.3065   10.2932   10.2754
   10.2532   10.2265   10.1954   10.1599   10.1199
   10.0754   10.0266    9.9732    9.9155    9.8533
    9.7866    9.7155    9.6400    9.5600    9.4755
    9.3867    9.2933    9.1956    9.0934    8.9867
    8.8756    8.7601    8.6401    8.5157    8.3868
    8.2535

     0     1

 ROT OUTPUT  YRSMO,YRSMOF
    0.0000    0.0105    0.0315    0.0631    0.1051
    0.1577    0.2208    0.2944    0.3785    0.4732
    0.5783    0.6940    0.8201    0.9568    1.1040
    1.2617    1.4300    1.6087    1.7980    1.9978
    2.2081    2.4289    2.6602    2.9020    3.1544
    3.4172    3.6906    3.9745    4.2689    4.5738
    4.8893

     0     1

    8.8290    8.8357    8.8491    8.8692    8.8961
    8.9297    8.9699    9.0169    9.0706    9.1310
    9.1982    9.2720    9.3526    9.4398    9.5338
    9.6345    9.7419    9.8560    9.9769   10.1044
   10.2386   10.3796   10.5273   10.6817   10.8428
   11.0106   11.1852   11.3664   11.5544   11.7490
   11.9504

     0     1

 BARRIER
    8.8290    8.8252    8.8176    8.8062    8.7909
    8.7719    8.7491    8.7225    8.6921    8.6579
    8.6199    8.5780    8.5324    8.4830    8.4298
    8.3728    8.3119    8.2473    8.1789    8.1066
    8.0306    7.9508    7.8671    7.7797    7.6884
    7.5934    7.4945    7.3919    7.2854    7.1752
    7.0611

     0     1


 ROT OUTPUT  FORMAT:   1   0   0
 EJAY,EJAYF
    0.0000    1.0762    1.0985    1.1318    1.1763
    1.2319    1.2987    1.3765    1.4655    1.5656
    1.6768    1.7992    1.9326    2.0772    2.2330
    2.3998    2.5778    2.7668    2.9670    3.1784
    3.4008    3.6344    3.8791    4.1349    4.4018
    4.6799    4.9691    5.2694    5.5808    5.9034
    6.2370

     0     1

   11.0426   11.0494   11.0629   11.0831   11.1101
   11.1438   11.1842   11.2315   11.2854   11.3461
   11.4135   11.4877   11.5687   11.6563   11.7508
   11.8519   11.9598   12.0745   12.1959   12.3240
   12.4589   12.6005   12.7489   12.9040   13.0659
   13.2345   13.4098   13.5919   13.7807   13.9763
   14.1786

     0     1

 BARRIER
   11.0426    9.9732    9.9644    9.9513    9.9337
    9.9119    9.8856    9.8549    9.8199    9.7805
    9.7367    9.6886    9.6360    9.5791    9.5178
    9.4521    9.3821    9.3076    9.2288    9.1456
    9.0581    8.9661    8.8698    8.7691    8.6640
    8.5546    8.4407    8.3225    8.1999    8.0729
    7.9416

     0     1

 ROT OUTPUT  YRSMO,YRSMOF
    0.0000    0.0106    0.0318    0.0636    0.1061
    0.1591    0.2227    0.2969    0.3818    0.4772
    0.5833    0.7000    0.8272    0.9651    1.1136
    1.2726    1.4423    1.6226    1.8135    2.0150
    2.2271    2.4498    2.6831    2.9271    3.1816
    3.4467    3.7225    4.0088    4.3058    4.6133
    4.9315

     0     1

    8.7990    8.8057    8.8192    8.8395    8.8664
    8.9001    8.9406    8.9878    9.0418    9.1025
    9.1699    9.2441    9.3250    9.4127    9.5071
    9.6083    9.7162    9.8308    9.9522   10.0804
   10.2152   10.3569   10.5052   10.6604   10.8222
   10.9908   11.1662   11.3483   11.5371   11.7327
   11.9350

     0     1

 BARRIER
    8.7990    8.7951    8.7874    8.7758    8.7604
    8.7411    8.7179    8.6909    8.6600    8.6252
    8.5866    8.5441    8.4978    8.4476    8.3936
    8.3356    8.2739    8.2082    8.1387    8.0654
    7.9881    7.9070    7.8221    7.7333    7.6406
    7.5441    7.4437    7.3394    7.2313    7.1194
    7.0035

     0     1


 ROT OUTPUT  FORMAT:   1   0   0
 EJAY,EJAYF
    0.0000    0.9082    0.9305    0.9640    1.0086
    1.0644    1.1313    1.2094    1.2986    1.3990
    1.5105    1.6332    1.7671    1.9121    2.0682
    2.2355    2.4140    2.6036    2.8044    3.0163
    3.2394    3.4736    3.7190    3.9755    4.2432
    4.5221    4.8121    5.1132    5.4255    5.7490
    6.0836

     0     1

   10.6710   10.6778   10.6914   10.7117   10.7388
   10.7727   10.8134   10.8609   10.9151   10.9761
   11.0439   11.1185   11.1999   11.2880   11.3829
   11.4846   11.5931   11.7083   11.8304   11.9592
   12.0948   12.2372   12.3863   12.5423   12.7050
   12.8745   13.0508   13.2338   13.4236   13.6203
   13.8237

     0     1

 BARRIER
   10.6710    9.7696    9.7608    9.7477    9.7302
    9.7084    9.6821    9.6515    9.6165    9.5771
    9.5334    9.4853    9.4328    9.3759    9.3147
    9.2491    9.1791    9.1047    9.0260    8.9429
    8.8554    8.7636    8.6673    8.5667    8.4618
    8.3524    8.2387    8.1206    7.9981    7.8713
    7.7401

     0     1

 ROT OUTPUT  YRSMO,YRSMOF
    0.0000    0.0107    0.0321    0.0642    0.1070
    0.1605    0.2246    0.2995    0.3851    0.4814
    0.5884    0.7060    0.8344    0.9735    1.1232
    1.2837    1.4548    1.6367    1.8292    2.0325
    2.2464    2.4711    2.7064    2.9525    3.2092
    3.4766    3.7548    4.0436    4.3431    4.6533
    4.9742

     0     1

    8.7538    8.7606    8.7741    8.7945    8.8216
    8.8555    8.8962    8.9436    8.9979    9.0589
    9.1267    9.2013    9.2826    9.3708    9.4657
    9.5674    9.6759    9.7911    9.9132   10.0420
   10.1776   10.3199   10.4691   10.6250   10.7878
   10.9572   11.1335   11.3166   11.5064   11.7030
   11.9064

     0     1

 BARRIER
    8.7538    8.7499    8.7420    8.7303    8.7146
    8.6950    8.6715    8.6441    8.6128    8.5775
    8.5383    8.4952    8.4482    8.3973    8.3425
    8.2837    8.2210    8.1544    8.0839    8.0095
    7.9311    7.8489    7.7627    7.6726    7.5786
    7.4806    7.3788    7.2730    7.1633    7.0497
    6.9322

     0     1


 ROT OUTPUT  FORMAT:   1   0   0
 EJAY,EJAYF
    0.0000    0.5996    0.6218    0.6551    0.6995
    0.7551    0.8217    0.8994    0.9883    1.0882
    1.1993    1.3215    1.4548    1.5991    1.7546
    1.9212    2.0989    2.2877    2.4877    2.6987
    2.9208    3.1541    3.3984    3.6538    3.9204
    4.1981    4.4868    4.7867    5.0977    5.4198
    5.7530

     0     1

   10.0017   10.0085   10.0221   10.0426   10.0698
   10.1038   10.1447   10.1923   10.2468   10.3081
   10.3761   10.4510   10.5327   10.6212   10.7165
   10.8186   10.9275   11.0432   11.1658   11.2951
   11.4313   11.5742   11.7240   11.8805   12.0439
   12.2141   12.3911   12.5749   12.7655   12.9629
   13.1671

     0     1

 BARRIER
   10.0017    9.4090    9.4004    9.3875    9.3703
    9.3488    9.3230    9.2929    9.2585    9.2198
    9.1768    9.1295    9.0779    9.0220    8.9619
    8.8974    8.8286    8.7555    8.6781    8.5964
    8.5104    8.4202    8.3256    8.2267    8.1235
    8.0160    7.9042    7.7882    7.6678    7.5431
    7.4141

     0     1

 ROT OUTPUT  YRSMO,YRSMOF
    0.0000    0.0108    0.0324    0.0647    0.1079
    0.1619    0.2266    0.3021    0.3885    0.4856
    0.5935    0.7122    0.8417    0.9819    1.1330
    1.2949    1.4675    1.6510    1.8452    2.0502
    2.2660    2.4926    2.7300    2.9782    3.2372
    3.5069    3.7875    4.0788    4.3810    4.6939
    5.0176

     0     1

    8.7215    8.7284    8.7420    8.7624    8.7896
    8.8237    8.8645    8.9121    8.9666    9.0279
    9.0959    9.1708    9.2525    9.3410    9.4363
    9.5384    9.6473    9.7631    9.8856   10.0149
   10.1511   10.2940   10.4438   10.6004   10.7637
   10.9339   11.1109   11.2947   11.4853   11.6827
   11.8869

     0     1

 BARRIER
    8.7215    8.7176    8.7096    8.6976    8.6817
    8.6618    8.6379    8.6100    8.5781    8.5423
    8.5025    8.4586    8.4108    8.3591    8.3033
    8.2436    8.1798    8.1121    8.0404    7.9647
    7.8851    7.8014    7.7138    7.6222    7.5266
    7.4270    7.3234    7.2159    7.1043    6.9888
    6.8693

     0     1


 ROT OUTPUT  FORMAT:   1   0   0
 EJAY,EJAYF
    0.0000    2.0029    2.0253    2.0588    2.1035
    2.1593    2.2264    2.3046    2.3939    2.4945
    2.6062    2.7291    2.8631    3.0084    3.1648
    3.3323    3.5111    3.7010    3.9021    4.1143
    4.3377    4.5723    4.8181    5.0750    5.3432
    5.6224    5.9129    6.2145    6.5273    6.8513
    7.1864

     0     1

   13.1824   13.1891   13.2025   13.2226   13.2495
   13.2830   13.3233   13.3703   13.4239   13.4843
   13.5514   13.6253   13.7058   13.7930   13.8869
   13.9876   14.0950   14.2090   14.3298   14.4573
   14.5915   14.7324   14.8800   15.0344   15.1954
   15.3632   15.5376   15.7188   15.9067   16.1013
   16.3026

     0     1

 BARRIER
   13.1824   11.1862   11.1772   11.1638   11.1460
   11.1237   11.0969   11.0657   11.0300   10.9899
   10.9452   10.8962   10.8426   10.7846   10.7222
   10.6553   10.5839   10.5081   10.4278   10.3430
   10.2538   10.1601   10.0619    9.9593    9.8523
    9.7407    9.6247    9.5043    9.3794    9.2500
    9.1162

     0     1

 ROT OUTPUT  YRSMO,YRSMOF
    0.0000    0.0104    0.0313    0.0626    0.1043
    0.1565    0.2190    0.2920    0.3755    0.4694
    0.5737    0.6884    0.8135    0.9491    1.0952
    1.2516    1.4185    1.5958    1.7835    1.9817
    2.1903    2.4094    2.6388    2.8787    3.1290
    3.3898    3.6610    3.9426    4.2346    4.5371
    4.8500

     0     1

    9.3314    9.3381    9.3515    9.3717    9.3985
    9.4321    9.4723    9.5193    9.5730    9.6334
    9.7005    9.7743    9.8548    9.9420   10.0360
   10.1366   10.2440   10.3581   10.4788   10.6063
   10.7405   10.8814   11.0291   11.1834   11.3444
   11.5122   11.6867   11.8678   12.0557   12.2503
   12.4516

     0     1

 BARRIER
    9.3314    9.3277    9.3202    9.3091    9.2942
    9.2756    9.2533    9.2272    9.1975    9.1640
    9.1268    9.0859    9.0412    8.9929    8.9408
    8.8850    8.8255    8.7622    8.6953    8.6246
    8.5502    8.4721    8.3902    8.3047    8.2154
    8.1224    8.0257    7.9252    7.8211    7.7132
    7.6016

     0     1


 ROT OUTPUT  FORMAT:   1   0   0
 EJAY,EJAYF
    0.0000    1.5388    1.5610    1.5944    1.6388
    1.6944    1.7610    1.8388    1.9277    2.0277
    2.1388    2.2610    2.3943    2.5387    2.6942
    2.8609    3.0387    3.2275    3.4275    3.6386
    3.8608    4.0941    4.3385    4.5940    4.8607
    5.1384    5.4273    5.7272    6.0383    6.3605
    6.6938

     0     1

   12.2955   12.3022   12.3157   12.3360   12.3630
   12.3967   12.4372   12.4844   12.5384   12.5992
   12.6666   12.7409   12.8218   12.9096   13.0040
   13.1052   13.2132   13.3279   13.4494   13.5776
   13.7125   13.8543   14.0027   14.1579   14.3199
   14.4885   14.6640   14.8462   15.0351   15.2308
   15.4332

     0     1

 BARRIER
   12.2955   10.7634   10.7547   10.7416   10.7242
   10.7024   10.6762   10.6457   10.6108   10.5715
   10.5279   10.4799   10.4276   10.3708   10.3098
   10.2443   10.1746   10.1004   10.0219    9.9390
    9.8518    9.7602    9.6642    9.5639    9.4592
    9.3501    9.2367    9.1189    8.9968    8.8703
    8.7394

     0     1

 ROT OUTPUT  YRSMO,YRSMOF
    0.0000    0.0105    0.0316    0.0631    0.1052
    0.1578    0.2209    0.2946    0.3787    0.4734
    0.5786    0.6943    0.8205    0.9573    1.1046
    1.2624    1.4307    1.6095    1.7989    1.9988
    2.2091    2.4301    2.6615    2.9035    3.1559
    3.4189    3.6924    3.9765    4.2710    4.5761
    4.8917

     0     1

    9.3110    9.3178    9.3313    9.3515    9.3785
    9.4122    9.4527    9.5000    9.5540    9.6147
    9.6822    9.7564    9.8374    9.9251   10.0196
   10.1208   10.2287   10.3435   10.4649   10.5931
   10.7281   10.8698   11.0182   11.1734   11.3354
   11.5041   11.6795   11.8617   12.0507   12.2463
   12.4488

     0     1

 BARRIER
    9.3110    9.3073    9.2997    9.2884    9.2733
    9.2545    9.2318    9.2054    9.1752    9.1413
    9.1036    9.0621    9.0168    8.9678    8.9150
    8.8584    8.7981    8.7339    8.6660    8.5944
    8.5189    8.4397    8.3567    8.2700    8.1795
    8.0852    7.9871    7.8852    7.7796    7.6703
    7.5571

     0     1


 ROT OUTPUT  FORMAT:   1   0   0
 EJAY,EJAYF
    0.0000    1.4319    1.4543    1.4878    1.5326
    1.5885    1.6555    1.7338    1.8232    1.9239
    2.0357    2.1586    2.2928    2.4381    2.5947
    2.7624    2.9412    3.1313    3.3325    3.5450
    3.7686    4.0033    4.2493    4.5064    4.7748
    5.0543    5.3449    5.6468    5.9599    6.2841
    6.6195

     0     1

   12.0819   12.0887   12.1023   12.1226   12.1498
   12.1837   12.2245   12.2720   12.3263   12.3874
   12.4553   12.5300   12.6115   12.6997   12.7948
   12.8966   13.0052   13.1206   13.2428   13.3718
   13.5076   13.6502   13.7995   13.9557   14.1186
   14.2884   14.4649   14.6482   14.8383   15.0352
   15.2388

     0     1

 BARRIER
   12.0819   10.6568   10.6480   10.6348   10.6172
   10.5953   10.5689   10.5382   10.5031   10.4636
   10.4196   10.3713   10.3187   10.2616   10.2001
   10.1342   10.0640    9.9893    9.9103    9.8269
    9.7391    9.6468    9.5502    9.4493    9.3439
    9.2341    9.1199    9.0014    8.8784    8.7511
    8.6194

     0     1

 ROT OUTPUT  YRSMO,YRSMOF
    0.0000    0.0106    0.0318    0.0637    0.1061
    0.1592    0.2228    0.2971    0.3820    0.4775
    0.5836    0.7003    0.8276    0.9656    1.1141
    1.2733    1.4430    1.6234    1.8144    2.0160
    2.2282    2.4511    2.6845    2.9285    3.1832
    3.4484    3.7243    4.0108    4.3079    4.6156
    4.9339

     0     1

    9.2785    9.2853    9.2989    9.3193    9.3464
    9.3804    9.4211    9.4686    9.5229    9.5840
    9.6519    9.7266    9.8081    9.8963    9.9914
   10.0932   10.2019   10.3173   10.4395   10.5685
   10.7042   10.8468   10.9962   11.1523   11.3153
   11.4850   11.6615   11.8448   12.0349   12.2318
   12.4355

     0     1

 BARRIER
    9.2785    9.2747    9.2671    9.2556    9.2403
    9.2212    9.1983    9.1715    9.1410    9.1066
    9.0683    9.0263    8.9805    8.9308    8.8773
    8.8200    8.7588    8.6938    8.6251    8.5525
    8.4760    8.3958    8.3117    8.2238    8.1321
    8.0366    7.9372    7.8340    7.7270    7.6162
    7.5015

     0     1


 ROT OUTPUT  FORMAT:   1   0   0
 EJAY,EJAYF
    0.0000    0.9954    1.0176    1.0510    1.0954
    1.1510    1.2176    1.2954    1.3843    1.4843
    1.5954    1.7177    1.8510    1.9955    2.1511
    2.3177    2.4955    2.6844    2.8844    3.0956
    3.3178    3.5512    3.7956    4.0512    4.3179
    4.5957    4.8846    5.1846    5.4958    5.8180
    6.1514

     0     1

   11.1968   11.2036   11.2173   11.2378   11.2651
   11.2993   11.3403   11.3881   11.4428   11.5043
   11.5726   11.6478   11.7298   11.8186   11.9143
   12.0168   12.1261   12.2423   12.3653   12.4952
   12.6318   12.7753   12.9257   13.0828   13.2468
   13.4177   13.5953   13.7798   13.9712   14.1693
   14.3743

     0     1

 BARRIER
   11.1968   10.2082   10.1997   10.1868   10.1697
   10.1483   10.1227   10.0927   10.0585   10.0200
    9.9772    9.9301    9.8788    9.8232    9.7633
    9.6991    9.6306    9.5579    9.4809    9.3996
    9.3140    9.2242    9.1300    9.0316    8.9289
    8.8220    8.7107    8.5952    8.4754    8.3513
    8.2230

     0     1

 ROT OUTPUT  YRSMO,YRSMOF
    0.0000    0.0107    0.0321    0.0642    0.1070
    0.1605    0.2248    0.2997    0.3853    0.4816
    0.5886    0.7064    0.8348    0.9739    1.1238
    1.2843    1.4556    1.6375    1.8302    2.0335
    2.2476    2.4723    2.7078    2.9539    3.2108
    3.4784    3.7567    4.0456    4.3453    4.6557
    4.9768

     0     1

    9.2355    9.2424    9.2560    9.2765    9.3039
    9.3380    9.3790    9.4269    9.4815    9.5430
    9.6114    9.6865    9.7685    9.8574    9.9531
   10.0556   10.1649   10.2811   10.4041   10.5339
   10.6706   10.8141   10.9644   11.1216   11.2856
   11.4564   11.6341   11.8186   12.0099   12.2081
   12.4131

     0     1

 BARRIER
    9.2355    9.2317    9.2239    9.2123    9.1969
    9.1775    9.1543    9.1272    9.0962    9.0614
    9.0227    8.9802    8.9337    8.8834    8.8293
    8.7712    8.7093    8.6435    8.5739    8.5004
    8.4230    8.3417    8.2566    8.1676    8.0748
    7.9780    7.8774    7.7729    7.6646    7.5524
    7.4363

     0     1


 ROT OUTPUT  FORMAT:   1   0   0
 EJAY,EJAYF
    0.0000    0.9662    0.9886    1.0222    1.0671
    1.1231    1.1904    1.2688    1.3585    1.4593
    1.5714    1.6947    1.8292    1.9749    2.1318
    2.2999    2.4793    2.6698    2.8716    3.0845
    3.3087    3.5440    3.7906    4.0484    4.3174
    4.5976    4.8890    5.1916    5.5054    5.8305
    6.1667

     0     1

   11.1012   11.1081   11.1218   11.1425   11.1700
   11.2044   11.2457   11.2939   11.3489   11.4109
   11.4797   11.5554   11.6379   11.7274   11.8237
   11.9270   12.0371   12.1541   12.2779   12.4087
   12.5463   12.6908   12.8422   13.0005   13.1656
   13.3377   13.5166   13.7024   13.8951   14.0946
   14.3011

     0     1

 BARRIER
   11.1012   10.1419   10.1332   10.1202   10.1029
   10.0813   10.0554   10.0251    9.9905    9.9515
    9.9082    9.8607    9.8087    9.7525    9.6919
    9.6270    9.5578    9.4842    9.4064    9.3242
    9.2376    9.1468    9.0516    8.9521    8.8482
    8.7401    8.6276    8.5108    8.3896    8.2642
    8.1344

     0     1

 ROT OUTPUT  YRSMO,YRSMOF
    0.0000    0.0108    0.0324    0.0648    0.1080
    0.1619    0.2267    0.3023    0.3887    0.4858
    0.5938    0.7125    0.8421    0.9824    1.1336
    1.2955    1.4683    1.6518    1.8461    2.0513
    2.2672    2.4939    2.7314    2.9797    3.2388
    3.5087    3.7894    4.0809    4.3832    4.6963
    5.0202

     0     1

    9.1803    9.1872    9.2010    9.2216    9.2491
    9.2835    9.3248    9.3730    9.4281    9.4900
    9.5588    9.6345    9.7171    9.8065    9.9029
   10.0061   10.1162   10.2332   10.3570   10.4878
   10.6254   10.7699   10.9213   11.0796   11.2448
   11.4168   11.5957   11.7815   11.9742   12.1737
   12.3802

     0     1

 BARRIER
    9.1803    9.1764    9.1686    9.1568    9.1412
    9.1216    9.0981    9.0707    9.0394    9.0042
    8.9650    8.9220    8.8750    8.8241    8.7693
    8.7106    8.6479    8.5814    8.5109    8.4365
    8.3582    8.2760    8.1899    8.0999    8.0059
    7.9081    7.8063    7.7006    7.5910    7.4774
    7.3600

     0     1


 ROT OUTPUT  FORMAT:   1   0   0
 EJAY,EJAYF
    0.0000    0.5872    0.6095    0.6429    0.6875
    0.7433    0.8102    0.8882    0.9774    1.0778
    1.1893    1.3119    1.4457    1.5906    1.7467
    1.9140    2.0924    2.2819    2.4826    2.6945
    2.9175    3.1516    3.3969    3.6534    3.9209
    4.1997    4.4896    4.7906    5.1028    5.4262
    5.7607

     0     1

   10.3109   10.3178   10.3317   10.3524   10.3801
   10.4147   10.4563   10.5047   10.5601   10.6224
   10.6916   10.7678   10.8508   10.9408   11.0377
   11.1416   11.2523   11.3700   11.4946   11.6261
   11.7646   11.9099   12.0622   12.2214   12.3875
   12.5606   12.7406   12.9275   13.1213   13.3220
   13.5297

     0     1

 BARRIER
   10.3109    9.7307    9.7222    9.7095    9.6926
    9.6715    9.6461    9.6165    9.5827    9.5446
    9.5024    9.4559    9.4051    9.3502    9.2910
    9.2276    9.1599    9.0881    9.0120    8.9316
    8.8471    8.7583    8.6653    8.5681    8.4666
    8.3609    8.2510    8.1368    8.0185    7.8959
    7.7690

     0     1

 ROT OUTPUT  YRSMO,YRSMOF
    0.0000    0.0109    0.0327    0.0653    0.1089
    0.1634    0.2287    0.3049    0.3921    0.4901
    0.5990    0.7188    0.8495    0.9911    1.1435
    1.3069    1.4811    1.6663    1.8623    2.0692
    2.2871    2.5158    2.7554    3.0058    3.2672
    3.5395    3.8227    4.1167    4.4216    4.7375
    5.0642

     0     1

    9.1384    9.1453    9.1592    9.1800    9.2076
    9.2423    9.2838    9.3322    9.3876    9.4499
    9.5191    9.5953    9.6783    9.7683    9.8652
    9.9691   10.0798   10.1975   10.3221   10.4536
   10.5921   10.7374   10.8897   11.0489   11.2151
   11.3881   11.5681   11.7550   11.9488   12.1496
   12.3572

     0     1

 BARRIER
    9.1384    9.1344    9.1265    9.1146    9.0987
    9.0789    9.0551    9.0273    8.9955    8.9598
    8.9201    8.8765    8.8289    8.7773    8.7217
    8.6622    8.5987    8.5312    8.4598    8.3844
    8.3050    8.2217    8.1344    8.0431    7.9478
    7.8486    7.7454    7.6383    7.5272    7.4121
    7.2930

     0     1


 ROT OUTPUT  FORMAT:   1   0   0
 EJAY,EJAYF
    0.0000    0.5782    0.6007    0.6345    0.6795
    0.7358    0.8033    0.8821    0.9721    1.0734
    1.1859    1.3097    1.4448    1.5911    1.7487
    1.9175    2.0976    2.2889    2.4915    2.7053
    2.9304    3.1668    3.4144    3.6732    3.9433
    4.2247    4.5173    4.8212    5.1363    5.4627
    5.8003

     0     1

   10.2900   10.2969   10.3108   10.3317   10.3595
   10.3942   10.4359   10.4846   10.5402   10.6028
   10.6723   10.7488   10.8322   10.9226   11.0199
   11.1242   11.2354   11.3536   11.4787   11.6108
   11.7498   11.8958   12.0487   12.2086   12.3754
   12.5492   12.7300   12.9177   13.1123   13.3139
   13.5225

     0     1

 BARRIER
   10.2900    9.7187    9.7101    9.6972    9.6800
    9.6585    9.6327    9.6025    9.5681    9.5294
    9.4864    9.4390    9.3874    9.3314    9.2712
    9.2067    9.1378    9.0647    8.9872    8.9055
    8.8194    8.7290    8.6344    8.5354    8.4321
    8.3246    8.2127    8.0965    7.9760    7.8512
    7.7221

     0     1

 ROT OUTPUT  YRSMO,YRSMOF
    0.0000    0.0110    0.0330    0.0659    0.1099
    0.1648    0.2307    0.3076    0.3955    0.4944
    0.6043    0.7251    0.8570    0.9998    1.1536
    1.3184    1.4942    1.6810    1.8787    2.0875
    2.3072    2.5379    2.7796    3.0323    3.2960
    3.5707    3.8563    4.1530    4.4606    4.7792
    5.1088

     0     1

    9.1178    9.1248    9.1387    9.1595    9.1873
    9.2221    9.2638    9.3124    9.3681    9.4306
    9.5001    9.5766    9.6600    9.7504    9.8477
    9.9520   10.0632   10.1814   10.3065   10.4386
   10.5776   10.7236   10.8766   11.0364   11.2033
   11.3771   11.5578   11.7455   11.9402   12.1418
   12.3503

     0     1

 BARRIER
    9.1178    9.1138    9.1057    9.0936    9.0775
    9.0573    9.0331    9.0048    8.9725    8.9362
    8.8959    8.8515    8.8031    8.7506    8.6941
    8.6336    8.5690    8.5004    8.4278    8.3511
    8.2704    8.1857    8.0969    8.0041    7.9073
    7.8064    7.7015    7.5925    7.4795    7.3625
    7.2415

     0     1


 ROT OUTPUT  FORMAT:   1   0   0
 EJAY,EJAYF
    0.0000    0.5004    0.5230    0.5570    0.6023
    0.6589    0.7269    0.8062    0.8968    0.9987
    1.1120    1.2366    1.3725    1.5198    1.6784
    1.8483    2.0295    2.2221    2.4259    2.6411
    2.8677    3.1056    3.3547    3.6153    3.8871
    4.1703    4.4648    4.7706    5.0878    5.4162
    5.7561

     0     1

   10.1135   10.1205   10.1345   10.1554   10.1834
   10.2183   10.2602   10.3091   10.3649   10.4278
   10.4976   10.5744   10.6582   10.7490   10.8468
   10.9515   11.0633   11.1820   11.3077   11.4404
   11.5800   11.7267   11.8803   12.0409   12.2085
   12.3831   12.5647   12.7532   12.9488   13.1513
   13.3608

     0     1

 BARRIER
   10.1135    9.6202    9.6115    9.5984    9.5811
    9.5593    9.5333    9.5029    9.4681    9.4290
    9.3856    9.3378    9.2857    9.2292    9.1684
    9.1033    9.0338    8.9599    8.8818    8.7992
    8.7124    8.6211    8.5256    8.4257    8.3214
    8.2128    8.0999    7.9826    7.8610    7.7351
    7.6048

     0     1

 ROT OUTPUT  YRSMO,YRSMOF
    0.0000    0.0111    0.0333    0.0665    0.1108
    0.1663    0.2328    0.3104    0.3990    0.4988
    0.6096    0.7315    0.8646    1.0086    1.1638
    1.3301    1.5074    1.6959    1.8954    2.1060
    2.3277    2.5604    2.8043    3.0592    3.3252
    3.6023    3.8905    4.1898    4.5001    4.8216
    5.1541

     0     1

    9.0864    9.0933    9.1073    9.1283    9.1562
    9.1911    9.2330    9.2819    9.3378    9.4006
    9.4704    9.5473    9.6311    9.7219    9.8196
    9.9244   10.0361   10.1548   10.2805   10.4132
   10.5529   10.6995   10.8532   11.0138   11.1814
   11.3560   11.5375   11.7261   11.9216   12.1241
   12.3336

     0     1

 BARRIER
    9.0864    9.0823    9.0741    9.0618    9.0454
    9.0249    9.0002    8.9715    8.9387    8.9018
    8.8608    8.8157    8.7665    8.7132    8.6558
    8.5943    8.5287    8.4590    8.3851    8.3072
    8.2252    8.1391    8.0489    7.9546    7.8562
    7.7536    7.6470    7.5363    7.4215    7.3026
    7.1795

     0     1


 ROT OUTPUT  FORMAT:   1   0   0
 EJAY,EJAYF
    0.0000    2.0381    2.0615    2.0965    2.1432
    2.2016    2.2717    2.3534    2.4468    2.5519
    2.6687    2.7972    2.9373    3.0891    3.2526
    3.4278    3.6146    3.8132    4.0234    4.2453
    4.4788    4.7241    4.9810    5.2496    5.5298
    5.8218    6.1254    6.4407    6.7677    7.1064
    7.4567

     0     1

   12.8893   12.8956   12.9082   12.9270   12.9521
   12.9835   13.0212   13.0652   13.1154   13.1720
   13.2348   13.3039   13.3792   13.4609   13.5488
   13.6430   13.7435   13.8503   13.9634   14.0827
   14.2083   14.3402   14.4784   14.6229   14.7736
   14.9306   15.0939   15.2635   15.4394   15.6215
   15.8100

     0     1

 BARRIER
   12.8893   10.8575   10.8467   10.8305   10.8089
   10.7819   10.7496   10.7118   10.6686   10.6200
   10.5661   10.5067   10.4419   10.3718   10.2962
   10.2152   10.1289   10.0371    9.9400    9.8374
    9.7295    9.6162    9.4974    9.3733    9.2438
    9.1088    8.9685    8.8228    8.6717    8.5151
    8.3532

     0     1

 ROT OUTPUT  YRSMO,YRSMOF
    0.0000    0.0101    0.0302    0.0604    0.1006
    0.1509    0.2113    0.2817    0.3622    0.4528
    0.5534    0.6641    0.7848    0.9156    1.0565
    1.2074    1.3684    1.5395    1.7206    1.9118
    2.1130    2.3243    2.5456    2.7771    3.0186
    3.2701    3.5317    3.8034    4.0851    4.3769
    4.6788

     0     1

    7.6099    7.6162    7.6288    7.6476    7.6727
    7.7041    7.7418    7.7858    7.8360    7.8926
    7.9554    8.0245    8.0998    8.1815    8.2694
    8.3636    8.4641    8.5709    8.6840    8.8033
    8.9289    9.0608    9.1990    9.3435    9.4942
    9.6512    9.8145    9.9841   10.1600   10.3421
   10.5306

     0     1

 BARRIER
    7.6099    7.6061    7.5986    7.5872    7.5721
    7.5532    7.5305    7.5041    7.4738    7.4398
    7.4020    7.3604    7.3150    7.2659    7.2129
    7.1562    7.0957    7.0314    6.9634    6.8916
    6.8159    6.7365    6.6534    6.5664    6.4756
    6.3811    6.2828    6.1807    6.0749    5.9652
    5.8518

     0     1


 ROT OUTPUT  FORMAT:   1   0   0
 EJAY,EJAYF
    0.0000    1.6426    1.6656    1.7002    1.7462
    1.8038    1.8728    1.9534    2.0455    2.1491
    2.2642    2.3909    2.5290    2.6787    2.8398
    3.0125    3.1967    3.3924    3.5996    3.8183
    4.0485    4.2903    4.5435    4.8083    5.0846
    5.3724    5.6717    5.9825    6.3048    6.6387
    6.9840

     0     1

   11.9054   11.9117   11.9243   11.9433   11.9686
   12.0002   12.0381   12.0823   12.1328   12.1897
   12.2529   12.3223   12.3982   12.4803   12.5687
   12.6635   12.7646   12.8720   12.9857   13.1057
   13.2320   13.3647   13.5037   13.6490   13.8006
   13.9586   14.1228   14.2934   14.4703   14.6535
   14.8430

     0     1

 BARRIER
   11.9054   10.2691   10.2587   10.2431   10.2224
   10.1964   10.1652   10.1289   10.0873   10.0406
    9.9886    9.9315    9.8692    9.8016    9.7289
    9.6510    9.5679    9.4796    9.3861    9.2874
    9.1835    9.0744    8.9602    8.8407    8.7160
    8.5862    8.4511    8.3109    8.1654    8.0148
    7.8590

     0     1

 ROT OUTPUT  YRSMO,YRSMOF
    0.0000    0.0101    0.0304    0.0609    0.1015
    0.1522    0.2131    0.2841    0.3652    0.4566
    0.5580    0.6696    0.7914    0.9233    1.0653
    1.2175    1.3798    1.5523    1.7349    1.9277
    2.1306    2.3437    2.5669    2.8002    3.0437
    3.2974    3.5612    3.8351    4.1192    4.4134
    4.7178

     0     1

    7.5725    7.5788    7.5914    7.6104    7.6357
    7.6672    7.7051    7.7494    7.7999    7.8568
    7.9199    7.9894    8.0652    8.1474    8.2358
    8.3306    8.4316    8.5390    8.6528    8.7728
    8.8991    9.0318    9.1708    9.3161    9.4677
    9.6256    9.7899    9.9605   10.1373   10.3206
   10.5101

     0     1

 BARRIER
    7.5725    7.5687    7.5610    7.5495    7.5342
    7.5151    7.4921    7.4653    7.4347    7.4002
    7.3619    7.3198    7.2739    7.2241    7.1705
    7.1131    7.0518    6.9867    6.9178    6.8451
    6.7685    6.6881    6.6039    6.5159    6.4240
    6.3283    6.2287    6.1254    6.0182    5.9072
    5.7923

     0     1


 ROT OUTPUT  FORMAT:   1   0   0
 EJAY,EJAYF
    0.0000    1.5016    1.5247    1.5593    1.6055
    1.6632    1.7324    1.8132    1.9055    2.0094
    2.1248    2.2517    2.3902    2.5402    2.7018
    2.8749    3.0595    3.2557    3.4634    3.6827
    3.9135    4.1558    4.4097    4.6751    4.9521
    5.2406    5.5406    5.8522    6.1753    6.5100
    6.8562

     0     1

   11.5572   11.5636   11.5763   11.5954   11.6208
   11.6526   11.6907   11.7352   11.7861   11.8433
   11.9069   11.9768   12.0531   12.1358   12.2248
   12.3202   12.4219   12.5300   12.6444   12.7653
   12.8924   13.0259   13.1658   13.3121   13.4647
   13.6236   13.7889   13.9606   14.1386   14.3230
   14.5138

     0     1

 BARRIER
   11.5572   10.0619   10.0516   10.0360   10.0153
    9.9894    9.9583    9.9220    9.8806    9.8339
    9.7821    9.7251    9.6629    9.5956    9.5230
    9.4453    9.3624    9.2743    9.1810    9.0826
    8.9789    8.8701    8.7561    8.6369    8.5126
    8.3830    8.2483    8.1084    7.9633    7.8130
    7.6575

     0     1

 ROT OUTPUT  YRSMO,YRSMOF
    0.0000    0.0102    0.0307    0.0614    0.1023
    0.1535    0.2148    0.2865    0.3683    0.4604
    0.5627    0.6752    0.7980    0.9310    1.0742
    1.2277    1.3914    1.5653    1.7494    1.9438
    2.1484    2.3633    2.5884    2.8237    3.0692
    3.3250    3.5910    3.8672    4.1537    4.4504
    4.7573

     0     1

    7.5234    7.5297    7.5425    7.5615    7.5870
    7.6188    7.6569    7.7014    7.7523    7.8095
    7.8731    7.9430    8.0193    8.1020    8.1910
    8.2864    8.3881    8.4962    8.6106    8.7314
    8.8586    8.9921    9.1320    9.2782    9.4308
    9.5898    9.7551    9.9268   10.1048   10.2892
   10.4799

     0     1

 BARRIER
    7.5234    7.5195    7.5118    7.5001    7.4847
    7.4653    7.4421    7.4149    7.3840    7.3491
    7.3104    7.2678    7.2213    7.1710    7.1168
    7.0587    6.9967    6.9309    6.8612    6.7876
    6.7101    6.6288    6.5436    6.4546    6.3616
    6.2648    6.1641    6.0596    5.9511    5.8388
    5.7227

     0     1


 ROT OUTPUT  FORMAT:   1   0   0
 EJAY,EJAYF
    0.0000    1.1344    1.1571    1.1912    1.2366
    1.2934    1.3616    1.4411    1.5320    1.6342
    1.7478    1.8728    2.0091    2.1568    2.3159
    2.4863    2.6680    2.8612    3.0657    3.2815
    3.5087    3.7473    3.9972    4.2585    4.5312
    4.8152    5.1105    5.4173    5.7354    6.0648
    6.4056

     0     1

   10.5992   10.6056   10.6184   10.6376   10.6631
   10.6951   10.7334   10.7782   10.8293   10.8868
   10.9507   11.0210   11.0977   11.1808   11.2703
   11.3661   11.4684   11.5770   11.6921   11.8135
   11.9413   12.0756   12.2162   12.3632   12.5165
   12.6763   12.8425   13.0151   13.1940   13.3794
   13.5711

     0     1

 BARRIER
   10.5992    9.4712    9.4613    9.4464    9.4265
    9.4017    9.3718    9.3370    9.2973    9.2526
    9.2029    9.1482    9.0886    9.0240    8.9544
    8.8799    8.8004    8.7159    8.6264    8.5320
    8.4326    8.3283    8.2189    8.1046    7.9854
    7.8611    7.7319    7.5978    7.4586    7.3145
    7.1654

     0     1

 ROT OUTPUT  YRSMO,YRSMOF
    0.0000    0.0103    0.0310    0.0619    0.1032
    0.1548    0.2167    0.2889    0.3714    0.4643
    0.5674    0.6809    0.8047    0.9388    1.0833
    1.2380    1.4031    1.5785    1.7642    1.9602
    2.1665    2.3832    2.6101    2.8474    3.0950
    3.3530    3.6212    3.8997    4.1886    4.4878
    4.7973

     0     1

    7.4859    7.4923    7.5051    7.5242    7.5498
    7.5818    7.6201    7.6648    7.7160    7.7735
    7.8374    7.9077    7.9844    8.0675    8.1570
    8.2528    8.3551    8.4637    8.5788    8.7002
    8.8280    8.9622    9.1029    9.2498    9.4032
    9.5630    9.7292    9.9017   10.0807   10.2660
   10.4578

     0     1

 BARRIER
    7.4859    7.4820    7.4741    7.4623    7.4466
    7.4270    7.4035    7.3760    7.3446    7.3092
    7.2700    7.2268    7.1797    7.1287    7.0737
    7.0148    6.9520    6.8853    6.8146    6.7400
    6.6615    6.5791    6.4927    6.4024    6.3082
    6.2101    6.1080    6.0020    5.8921    5.7782
    5.6605

     0     1


 ROT OUTPUT  FORMAT:   1   0   0
 EJAY,EJAYF
    0.0000    1.0439    1.0667    1.1010    1.1467
    1.2038    1.2723    1.3523    1.4437    1.5465
    1.6607    1.7863    1.9234    2.0719    2.2318
    2.4031    2.5859    2.7800    2.9856    3.2027
    3.4311    3.6710    3.9223    4.1850    4.4591
    4.7446    5.0416    5.3500    5.6698    6.0011
    6.3437

     0     1

   10.3821   10.3886   10.4014   10.4207   10.4464
   10.4785   10.5170   10.5620   10.6134   10.6712
   10.7354   10.8061   10.8832   10.9667   11.0566
   11.1530   11.2557   11.3649   11.4806   11.6026
   11.7311   11.8660   12.0073   12.1550   12.3092
   12.4698   12.6368   12.8102   12.9901   13.1764
   13.3691

     0     1

 BARRIER
   10.3821    9.3447    9.3347    9.3197    9.2997
    9.2747    9.2447    9.2097    9.1697    9.1247
    9.0748    9.0198    8.9598    8.8948    8.8248
    8.7498    8.6699    8.5849    8.4949    8.4000
    8.3000    8.1950    8.0850    7.9701    7.8501
    7.7252    7.5952    7.4602    7.3203    7.1753
    7.0254

     0     1

 ROT OUTPUT  YRSMO,YRSMOF
    0.0000    0.0104    0.0312    0.0624    0.1040
    0.1561    0.2185    0.2913    0.3745    0.4682
    0.5722    0.6867    0.8115    0.9468    1.0924
    1.2485    1.4149    1.5918    1.7791    1.9768
    2.1848    2.4033    2.6322    2.8715    3.1212
    3.3813    3.6518    3.9327    4.2240    4.5257
    4.8379

     0     1

    7.4453    7.4517    7.4646    7.4838    7.5095
    7.5417    7.5802    7.6252    7.6765    7.7344
    7.7986    7.8693    7.9463    8.0298    8.1198
    8.2161    8.3189    8.4281    8.5437    8.6658
    8.7942    8.9291    9.0705    9.2182    9.3724
    9.5330    9.7000    9.8734   10.0533   10.2396
   10.4323

     0     1

 BARRIER
    7.4453    7.4413    7.4334    7.4214    7.4055
    7.3856    7.3617    7.3338    7.3020    7.2662
    7.2264    7.1826    7.1348    7.0831    7.0274
    6.9676    6.9040    6.8363    6.7646    6.6890
    6.6094    6.5258    6.4383    6.3467    6.2512
    6.1517    6.0482    5.9407    5.8293    5.7138
    5.5944

     0     1


 ROT OUTPUT  FORMAT:   1   0   0
 EJAY,EJAYF
    0.0000    0.7127    0.7352    0.7689    0.8138
    0.8700    0.9374    1.0160    1.1059    1.2070
    1.3193    1.4429    1.5777    1.7238    1.8811
    2.0496    2.2293    2.4203    2.6225    2.8360
    3.0607    3.2966    3.5437    3.8021    4.0717
    4.3526    4.6447    4.9480    5.2626    5.5884
    5.9254

     0     1

    9.4818    9.4883    9.5011    9.5205    9.5463
    9.5785    9.6172    9.6623    9.7138    9.7718
    9.8363    9.9072    9.9845   10.0683   10.1586
   10.2552   10.3584   10.4679   10.5839   10.7064
   10.8353   10.9707   11.1125   11.2607   11.4154
   11.5765   11.7441   11.9181   12.0986   12.2855
   12.4788

     0     1

 BARRIER
    9.4818    8.7756    8.7660    8.7516    8.7325
    8.7085    8.6798    8.6463    8.6079    8.5648
    8.5170    8.4643    8.4068    8.3445    8.2775
    8.2057    8.1290    8.0476    7.9614    7.8704
    7.7746    7.6741    7.5687    7.4586    7.3436
    7.2239    7.0994    6.9701    6.8360    6.6971
    6.5534

     0     1

 ROT OUTPUT  YRSMO,YRSMOF
    0.0000    0.0105    0.0315    0.0630    0.1049
    0.1574    0.2203    0.2938    0.3777    0.4722
    0.5771    0.6925    0.8184    0.9548    1.1017
    1.2591    1.4270    1.6053    1.7942    1.9935
    2.2034    2.4237    2.6546    2.8959    3.1477
    3.4100    3.6828    3.9661    4.2599    4.5642
    4.8789

     0     1

    7.4201    7.4265    7.4394    7.4587    7.4845
    7.5167    7.5554    7.6005    7.6521    7.7101
    7.7745    7.8454    7.9228    8.0066    8.0968
    8.1935    8.2966    8.4062    8.5222    8.6446
    8.7736    8.9089    9.0507    9.1989    9.3536
    9.5148    9.6823    9.8563   10.0368   10.2237
   10.4171

     0     1

 BARRIER
    7.4201    7.4160    7.4079    7.3958    7.3796
    7.3593    7.3351    7.3067    7.2744    7.2379
    7.1975    7.1529    7.1044    7.0518    6.9951
    6.9344    6.8696    6.8008    6.7280    6.6511
    6.5702    6.4852    6.3961    6.3030    6.2059
    6.1047    5.9995    5.8902    5.7769    5.6596
    5.5381

     0     1


 ROT OUTPUT  FORMAT:   1   0   0
 EJAY,EJAYF
    0.0000    2.0197    2.0425    2.0768    2.1225
    2.1796    2.2481    2.3281    2.4195    2.5223
    2.6365    2.7621    2.8992    3.0477    3.2076
    3.3789    3.5617    3.7558    3.9614    4.1785
    4.4069    4.6468    4.8981    5.1608    5.4349
    5.7204    6.0174    6.3258    6.6456    6.9769
    7.3195

     0     1

   12.7438   12.7502   12.7630   12.7822   12.8079
   12.8399   12.8783   12.9232   12.9745   13.0321
   13.0962   13.1667   13.2435   13.3268   13.4165
   13.5126   13.6152   13.7241   13.8394   13.9611
   14.0893   14.2238   14.3648   14.5121   14.6659
   14.8261   14.9927   15.1657   15.3451   15.5309
   15.7231

     0     1

 BARRIER
   12.7438   10.7305   10.7205   10.7054   10.6854
   10.6603   10.6302   10.5951   10.5550   10.5099
   10.4597   10.4045   10.3444   10.2792   10.2090
   10.1337   10.0535    9.9682    9.8780    9.7827
    9.6824    9.5771    9.4667    9.3514    9.2310
    9.1056    8.9753    8.8399    8.6994    8.5540
    8.4035

     0     1

 ROT OUTPUT  YRSMO,YRSMOF
    0.0000    0.0102    0.0305    0.0609    0.1015
    0.1523    0.2132    0.2843    0.3655    0.4569
    0.5584    0.6701    0.7920    0.9240    1.0661
    1.2184    1.3809    1.5535    1.7362    1.9292
    2.1322    2.3455    2.5688    2.8024    3.0460
    3.2999    3.5639    3.8380    4.1223    4.4168
    4.7214

     0     1

    8.0199    8.0263    8.0391    8.0583    8.0839
    8.1160    8.1544    8.1993    8.2505    8.3082
    8.3722    8.4427    8.5196    8.6029    8.6926
    8.7887    8.8912    9.0001    9.1155    9.2372
    9.3653    9.4999    9.6408    9.7882    9.9420
   10.1022   10.2687   10.4417   10.6211   10.8069
   10.9991

     0     1

 BARRIER
    8.0199    8.0161    8.0086    7.9974    7.9824
    7.9637    7.9412    7.9150    7.8850    7.8513
    7.8138    7.7726    7.7276    7.6789    7.6265
    7.5703    7.5103    7.4467    7.3792    7.3080
    7.2331    7.1544    7.0720    6.9858    6.8959
    6.8023    6.7049    6.6037    6.4988    6.3902
    6.2778

     0     1


 ROT OUTPUT  FORMAT:   1   0   0
 EJAY,EJAYF
    0.0000    1.7648    1.7876    1.8219    1.8676
    1.9247    1.9933    2.0733    2.1647    2.2675
    2.3818    2.5075    2.6446    2.7932    2.9531
    3.1245    3.3073    3.5016    3.7073    3.9244
    4.1529    4.3928    4.6442    4.9070    5.1813
    5.4669    5.7640    6.0725    6.3925    6.7238
    7.0666

     0     1

   12.2400   12.2464   12.2592   12.2785   12.3041
   12.3362   12.3747   12.4196   12.4709   12.5287
   12.5928   12.6634   12.7404   12.8238   12.9136
   13.0099   13.1125   13.2216   13.3371   13.4589
   13.5873   13.7220   13.8631   14.0107   14.1647
   14.3251   14.4919   14.6651   14.8447   15.0308
   15.2233

     0     1

 BARRIER
   12.2400   10.4816   10.4716   10.4566   10.4365
   10.4115   10.3814   10.3463   10.3062   10.2611
   10.2110   10.1559   10.0958   10.0306    9.9605
    9.8853    9.8052    9.7200    9.6298    9.5346
    9.4344    9.3291    9.2189    9.1037    8.9834
    8.8581    8.7278    8.5926    8.4523    8.3069
    8.1566

     0     1

 ROT OUTPUT  YRSMO,YRSMOF
    0.0000    0.0102    0.0307    0.0614    0.1024
    0.1536    0.2150    0.2867    0.3686    0.4608
    0.5632    0.6758    0.7987    0.9318    1.0751
    1.2287    1.3925    1.5666    1.7509    1.9455
    2.1503    2.3653    2.5905    2.8260    3.0718
    3.3278    3.5940    3.8705    4.1572    4.4541
    4.7613

     0     1

    8.0022    8.0086    8.0215    8.0407    8.0664
    8.0985    8.1370    8.1819    8.2332    8.2909
    8.3551    8.4257    8.5026    8.5860    8.6759
    8.7721    8.8748    8.9838    9.0993    9.2212
    9.3495    9.4842    9.6254    9.7729    9.9269
   10.0873   10.2541   10.4273   10.6070   10.7930
   10.9855

     0     1

 BARRIER
    8.0022    7.9984    7.9908    7.9793    7.9640
    7.9449    7.9219    7.8952    7.8646    7.8302
    7.7919    7.7499    7.7040    7.6543    7.6007
    7.5434    7.4822    7.4172    7.3484    7.2757
    7.1993    7.1190    7.0348    6.9469    6.8551
    6.7595    6.6601    6.5569    6.4498    6.3389
    6.2242

     0     1


 ROT OUTPUT  FORMAT:   1   0   0
 EJAY,EJAYF
    0.0000    1.4252    1.4479    1.4820    1.5274
    1.5841    1.6523    1.7317    1.8226    1.9247
    2.0383    2.1632    2.2994    2.4470    2.6060
    2.7763    2.9579    3.1509    3.3553    3.5710
    3.7981    4.0365    4.2863    4.5474    4.8199
    5.1037    5.3989    5.7055    6.0234    6.3526
    6.6932

     0     1

   11.4847   11.4912   11.5040   11.5233   11.5490
   11.5811   11.6197   11.6647   11.7161   11.7739
   11.8382   11.9089   11.9860   12.0696   12.1595
   12.2559   12.3587   12.4680   12.5837   12.7058
   12.8343   12.9693   13.1106   13.2585   13.4127
   13.5734   13.7404   13.9140   14.0939   14.2803
   14.4731

     0     1

 BARRIER
   11.4847   10.0660   10.0561   10.0413   10.0216
    9.9970    9.9674    9.9330    9.8935    9.8492
    9.7999    9.7457    9.6866    9.6225    9.5536
    9.4797    9.4008    9.3171    9.2284    9.1348
    9.0362    8.9328    8.8244    8.7111    8.5928
    8.4696    8.3415    8.2085    8.0705    7.9277
    7.7799

     0     1

 ROT OUTPUT  YRSMO,YRSMOF
    0.0000    0.0103    0.0310    0.0620    0.1033
    0.1549    0.2169    0.2891    0.3717    0.4647
    0.5679    0.6815    0.8054    0.9397    1.0843
    1.2392    1.4044    1.5799    1.7658    1.9620
    2.1685    2.3854    2.6125    2.8501    3.0979
    3.3560    3.6245    3.9033    4.1925    4.4919
    4.8017

     0     1

    7.9712    7.9776    7.9905    8.0097    8.0354
    8.0676    8.1061    8.1511    8.2025    8.2604
    8.3246    8.3953    8.4724    8.5560    8.6460
    8.7424    8.8452    8.9544    9.0701    9.1922
    9.3208    9.4557    9.5971    9.7449    9.8991
   10.0598   10.2269   10.4004   10.5804   10.7667
   10.9595

     0     1

 BARRIER
    7.9712    7.9673    7.9595    7.9478    7.9322
    7.9127    7.8893    7.8620    7.8308    7.7957
    7.7567    7.7138    7.6670    7.6163    7.5617
    7.5032    7.4408    7.3745    7.3043    7.2302
    7.1522    7.0703    6.9845    6.8949    6.8013
    6.7038    6.6024    6.4971    6.3879    6.2748
    6.1578

     0     1


 ROT OUTPUT  FORMAT:   1   0   0
 EJAY,EJAYF
    0.0000    1.1560    1.1786    1.2125    1.2578
    1.3143    1.3822    1.4613    1.5518    1.6536
    1.7667    1.8911    2.0268    2.1739    2.3322
    2.5019    2.6828    2.8751    3.0787    3.2936
    3.5197    3.7573    4.0061    4.2662    4.5376
    4.8204    5.1144    5.4198    5.7365    6.0645
    6.4038

     0     1

   10.8629   10.8694   10.8823   10.9016   10.9273
   10.9595   10.9981   11.0432   11.0947   11.1526
   11.2170   11.2878   11.3650   11.4487   11.5388
   11.6354   11.7383   11.8478   11.9636   12.0859
   12.2147   12.3498   12.4914   12.6395   12.7940
   12.9549   13.1223   13.2960   13.4763   13.6629
   13.8560

     0     1

 BARRIER
   10.8629    9.7134    9.7037    9.6890    9.6695
    9.6452    9.6159    9.5818    9.5428    9.4990
    9.4503    9.3966    9.3382    9.2748    9.2066
    9.1335    9.0555    8.9727    8.8850    8.7924
    8.6949    8.5926    8.4854    8.3733    8.2563
    8.1345    8.0078    7.8762    7.7398    7.5985
    7.4523

     0     1

 ROT OUTPUT  YRSMO,YRSMOF
    0.0000    0.0104    0.0312    0.0625    0.1041
    0.1562    0.2187    0.2916    0.3749    0.4686
    0.5728    0.6874    0.8123    0.9477    1.0935
    1.2497    1.4164    1.5934    1.7809    1.9787
    2.1870    2.4057    2.6348    2.8744    3.1243
    3.3847    3.6555    3.9366    4.2282    4.5303
    4.8427

     0     1

    7.9324    7.9388    7.9517    7.9710    7.9968
    8.0289    8.0676    8.1126    8.1641    8.2221
    8.2864    8.3572    8.4345    8.5181    8.6083
    8.7048    8.8078    8.9172    9.0331    9.1554
    9.2841    9.4193    9.5609    9.7089    9.8634
   10.0244   10.1917   10.3655   10.5457   10.7324
   10.9255

     0     1

 BARRIER
    7.9324    7.9284    7.9205    7.9085    7.8926
    7.8727    7.8489    7.8210    7.7892    7.7534
    7.7136    7.6699    7.6221    7.5704    7.5147
    7.4551    7.3914    7.3238    7.2522    7.1766
    7.0971    7.0136    6.9261    6.8346    6.7391
    6.6397    6.5363    6.4289    6.3175    6.2021
    6.0828

     0     1


 ROT OUTPUT  FORMAT:   1   0   0
 EJAY,EJAYF
    0.0000    0.8723    0.8948    0.9284    0.9733
    1.0295    1.0968    1.1754    1.2652    1.3662
    1.4785    1.6019    1.7367    1.8826    2.0397
    2.2081    2.3877    2.5785    2.7806    2.9939
    3.2184    3.4541    3.7011    3.9593    4.2287
    4.5093    4.8012    5.1042    5.4185    5.7441
    6.0808

     0     1

   10.1448   10.1513   10.1642   10.1836   10.2094
   10.2417   10.2804   10.3256   10.3773   10.4354
   10.4999   10.5710   10.6484   10.7324   10.8228
   10.9196   11.0229   11.1327   11.2489   11.3716
   11.5007   11.6363   11.7783   11.9268   12.0818
   12.2432   12.4111   12.5854   12.7662   12.9534
   13.1471

     0     1

 BARRIER
   10.1448    9.2790    9.2695    9.2551    9.2361
    9.2122    9.1836    9.1502    9.1121    9.0692
    9.0215    8.9690    8.9118    8.8498    8.7830
    8.7115    8.6352    8.5541    8.4683    8.3777
    8.2823    8.1822    8.0773    7.9676    7.8531
    7.7339    7.6099    7.4812    7.3476    7.2094
    7.0663

     0     1

 ROT OUTPUT  YRSMO,YRSMOF
    0.0000    0.0105    0.0315    0.0630    0.1050
    0.1576    0.2206    0.2941    0.3781    0.4727
    0.5777    0.6932    0.8193    0.9558    1.1029
    1.2604    1.4285    1.6070    1.7961    1.9957
    2.2058    2.4263    2.6574    2.8990    3.1511
    3.4137    3.6868    3.9704    4.2645    4.5691
    4.8842

     0     1

    7.8788    7.8852    7.8981    7.9175    7.9433
    7.9756    8.0144    8.0595    8.1112    8.1693
    8.2339    8.3049    8.3824    8.4663    8.5567
    8.6535    8.7569    8.8666    8.9828    9.1055
    9.2346    9.3702    9.5123    9.6608    9.8157
    9.9771   10.1450   10.3193   10.5001   10.6874
   10.8810

     0     1

 BARRIER
    7.8788    7.8747    7.8666    7.8545    7.8383
    7.8181    7.7938    7.7654    7.7331    7.6966
    7.6562    7.6117    7.5631    7.5105    7.4538
    7.3931    7.3284    7.2596    7.1867    7.1098
    7.0289    6.9439    6.8549    6.7618    6.6646
    6.5635    6.4582    6.3490    6.2357    6.1183
    5.9969

     0     1


 ROT OUTPUT  FORMAT:   1   0   0
 EJAY,EJAYF
    0.0000    2.2114    2.2341    2.2681    2.3136
    2.3704    2.4385    2.5180    2.6088    2.7111
    2.8246    2.9495    3.0858    3.2335    3.3925
    3.5628    3.7445    3.9376    4.1420    4.3578
    4.5849    4.8234    5.0733    5.3345    5.6070
    5.8909    6.1862    6.4929    6.8108    7.1402
    7.4809

     0     1

   13.2102   13.2168   13.2299   13.2495   13.2756
   13.3083   13.3476   13.3934   13.4457   13.5045
   13.5699   13.6419   13.7204   13.8054   13.8969
   13.9950   14.0997   14.2109   14.3286   14.4528
   14.5836   14.7210   14.8649   15.0153   15.1722
   15.3357   15.5058   15.6824   15.8655   16.0551
   16.2513

     0     1

 BARRIER
   13.2102   11.0054   10.9958   10.9813   10.9621
   10.9380   10.9091   10.8754   10.8368   10.7935
   10.7453   10.6923   10.6345   10.5719   10.5045
   10.4322   10.3552   10.2733   10.1866   10.0950
    9.9987    9.8976    9.7916    9.6808    9.5652
    9.4448    9.3196    9.1895    9.0546    8.9150
    8.7705

     0     1

 ROT OUTPUT  YRSMO,YRSMOF
    0.0000    0.0102    0.0307    0.0615    0.1024
    0.1537    0.2151    0.2868    0.3688    0.4610
    0.5634    0.6761    0.7991    0.9322    1.0757
    1.2293    1.3932    1.5674    1.7518    1.9465
    2.1513    2.3665    2.5919    2.8275    3.0733
    3.3295    3.5958    3.8724    4.1593    4.4563
    4.7637

     0     1

    8.4678    8.4743    8.4874    8.5070    8.5332
    8.5659    8.6051    8.6509    8.7032    8.7621
    8.8275    8.8994    8.9779    9.0629    9.1545
    9.2526    9.3572    9.4684    9.5861    9.7104
    9.8412    9.9785   10.1224   10.2728   10.4298
   10.5933   10.7633   10.9399   11.1230   11.3127
   11.5089

     0     1

 BARRIER
    8.4678    8.4640    8.4566    8.4455    8.4307
    8.4122    8.3900    8.3640    8.3344    8.3011
    8.2640    8.2233    8.1788    8.1306    8.0788
    8.0232    7.9639    7.9010    7.8343    7.7639
    7.6898    7.6120    7.5305    7.4453    7.3564
    7.2638    7.1675    7.0675    6.9637    6.8563
    6.7452

     0     1


 ROT OUTPUT  FORMAT:   1   0   0
 EJAY,EJAYF
    0.0000    1.7812    1.8038    1.8376    1.8827
    1.9390    2.0067    2.0856    2.1758    2.2773
    2.3900    2.5140    2.6493    2.7959    2.9537
    3.1228    3.3032    3.4948    3.6978    3.9120
    4.1375    4.3742    4.6222    4.8816    5.1521
    5.4340    5.7271    6.0315    6.3472    6.6741
    7.0123

     0     1

   12.3207   12.3273   12.3404   12.3601   12.3864
   12.4192   12.4586   12.5045   12.5571   12.6162
   12.6818   12.7541   12.8328   12.9182   13.0101
   13.1086   13.2137   13.3253   13.4435   13.5683
   13.6996   13.8375   13.9819   14.1329   14.2905
   14.4547   14.6254   14.8027   14.9865   15.1770
   15.3739

     0     1

 BARRIER
   12.3207   10.5461   10.5366   10.5225   10.5037
   10.4801   10.4519   10.4189   10.3813   10.3389
   10.2918   10.2400   10.1835   10.1223   10.0564
    9.9858    9.9105    9.8305    9.7457    9.6563
    9.5621    9.4632    9.3597    9.2514    9.1384
    9.0207    8.8983    8.7712    8.6394    8.5028
    8.3616

     0     1

 ROT OUTPUT  YRSMO,YRSMOF
    0.0000    0.0103    0.0310    0.0620    0.1033
    0.1550    0.2170    0.2893    0.3719    0.4649
    0.5682    0.6819    0.8059    0.9402    1.0848
    1.2398    1.4051    1.5807    1.7667    1.9630
    2.1696    2.3866    2.6139    2.8515    3.0995
    3.3578    3.6264    3.9053    4.1946    4.4942
    4.8042

     0     1

    8.4386    8.4452    8.4583    8.4780    8.5043
    8.5371    8.5765    8.6225    8.6750    8.7341
    8.7998    8.8720    8.9508    9.0362    9.1281
    9.2266    9.3316    9.4433    9.5614    9.6862
    9.8175    9.9554   10.0999   10.2509   10.4085
   10.5726   10.7434   10.9206   11.1045   11.2949
   11.4919

     0     1

 BARRIER
    8.4386    8.4349    8.4273    8.4160    8.4010
    8.3822    8.3596    8.3332    8.3031    8.2692
    8.2315    8.1901    8.1449    8.0960    8.0433
    7.9868    7.9265    7.8625    7.7948    7.7232
    7.6479    7.5688    7.4860    7.3994    7.3090
    7.2149    7.1170    7.0153    6.9099    6.8007
    6.6877

     0     1


 ROT OUTPUT  FORMAT:   1   0   0
 EJAY,EJAYF
    0.0000    1.6101    1.6327    1.6667    1.7120
    1.7685    1.8364    1.9157    2.0062    2.1080
    2.2212    2.3457    2.4815    2.6286    2.7870
    2.9568    3.1379    3.3302    3.5339    3.7490
    3.9753    4.2130    4.4619    4.7222    4.9938
    5.2767    5.5710    5.8765    6.1934    6.5216
    6.8611

     0     1

   11.9657   11.9723   11.9855   12.0053   12.0317
   12.0646   12.1042   12.1504   12.2031   12.2625
   12.3284   12.4010   12.4801   12.5659   12.6582
   12.7571   12.8626   12.9748   13.0935   13.2188
   13.3507   13.4892   13.6343   13.7859   13.9442
   14.1091   14.2806   14.4586   14.6433   14.8345
   15.0324

     0     1

 BARRIER
   11.9657   10.3622   10.3528   10.3386   10.3197
   10.2961   10.2678   10.2347   10.1970   10.1545
   10.1072   10.0553    9.9986    9.9373    9.8712
    9.8003    9.7248    9.6445    9.5595    9.4698
    9.3754    9.2762    9.1723    9.0637    8.9504
    8.8324    8.7096    8.5821    8.4499    8.3130
    8.1713

     0     1

 ROT OUTPUT  YRSMO,YRSMOF
    0.0000    0.0104    0.0313    0.0625    0.1042
    0.1563    0.2188    0.2918    0.3751    0.4689
    0.5731    0.6877    0.8127    0.9482    1.0941
    1.2504    1.4171    1.5942    1.7818    1.9798
    2.1882    2.4070    2.6362    2.8759    3.1259
    3.3864    3.6573    3.9387    4.2304    4.5326
    4.8452

     0     1

    8.3976    8.4042    8.4174    8.4372    8.4635
    8.4965    8.5361    8.5823    8.6350    8.6944
    8.7603    8.8329    8.9120    8.9977    9.0901
    9.1890    9.2945    9.4066    9.5253    9.6506
    9.7825    9.9210   10.0661   10.2178   10.3761
   10.5410   10.7124   10.8905   11.0752   11.2664
   11.4643

     0     1

 BARRIER
    8.3976    8.3938    8.3861    8.3746    8.3593
    8.3402    8.3173    8.2905    8.2599    8.2255
    8.1872    8.1452    8.0993    8.0495    7.9960
    7.9386    7.8774    7.8124    7.7436    7.6709
    7.5944    7.5141    7.4299    7.3419    7.2502
    7.1545    7.0551    6.9518    6.8447    6.7338
    6.6191

     0     1


 ROT OUTPUT  FORMAT:   1   0   0
 EJAY,EJAYF
    0.0000    1.1769    1.1993    1.2329    1.2777
    1.3337    1.4009    1.4793    1.5688    1.6696
    1.7816    1.9048    2.0392    2.1848    2.3416
    2.5096    2.6887    2.8791    3.0807    3.2935
    3.5175    3.7526    3.9990    4.2566    4.5254
    4.8053    5.0965    5.3989    5.7124    6.0372
    6.3732

     0     1

   10.9941   11.0007   11.0140   11.0338   11.0604
   11.0935   11.1332   11.1796   11.2326   11.2923
   11.3585   11.4314   11.5109   11.5970   11.6898
   11.7892   11.8952   12.0078   12.1271   12.2530
   12.3855   12.5247   12.6704   12.8228   12.9818
   13.1475   13.3198   13.4987   13.6842   13.8763
   14.0751

     0     1

 BARRIER
   10.9941    9.8238    9.8147    9.8010    9.7827
    9.7598    9.7324    9.7004    9.6638    9.6226
    9.5769    9.5266    9.4717    9.4123    9.3482
    9.2796    9.2065    9.1287    9.0464    8.9595
    8.8681    8.7720    8.6714    8.5662    8.4565
    8.3422    8.2233    8.0998    7.9718    7.8391
    7.7019

     0     1

 ROT OUTPUT  YRSMO,YRSMOF
    0.0000    0.0105    0.0315    0.0631    0.1051
    0.1576    0.2207    0.2943    0.3783    0.4729
    0.5780    0.6936    0.8197    0.9563    1.1035
    1.2611    1.4293    1.6079    1.7971    1.9968
    2.2069    2.4276    2.6588    2.9005    3.1528
    3.4155    3.6887    3.9725    4.2667    4.5715
    4.8868

     0     1

    8.3461    8.3527    8.3660    8.3859    8.4124
    8.4455    8.4853    8.5316    8.5847    8.6443
    8.7105    8.7834    8.8629    8.9491    9.0418
    9.1412    9.2472    9.3599    9.4791    9.6050
    9.7376    9.8767   10.0225   10.1749   10.3339
   10.4995   10.6718   10.8507   11.0362   11.2284
   11.4271

     0     1

 BARRIER
    8.3461    8.3422    8.3345    8.3228    8.3073
    8.2879    8.2646    8.2374    8.2063    8.1714
    8.1325    8.0898    8.0432    7.9927    7.9384
    7.8801    7.8180    7.7520    7.6821    7.6083
    7.5306    7.4491    7.3636    7.2743    7.1811
    7.0840    6.9831    6.8782    6.7695    6.6569
    6.5404

     0     1


 ROT OUTPUT  FORMAT:   1   0   0
 EJAY,EJAYF
    0.0000    0.9998    1.0222    1.0559    1.1008
    1.1569    1.2242    1.3027    1.3925    1.4934
    1.6056    1.7291    1.8637    2.0095    2.1666
    2.3349    2.5144    2.7051    2.9071    3.1203
    3.3446    3.5803    3.8271    4.0851    4.3544
    4.6349    4.9266    5.2295    5.5436    5.8690
    6.2056

     0     1

   10.5865   10.5932   10.6065   10.6265   10.6531
   10.6863   10.7263   10.7728   10.8261   10.8859
   10.9525   11.0257   11.1055   11.1920   11.2851
   11.3849   11.4914   11.6045   11.7242   11.8507
   11.9837   12.1234   12.2698   12.4228   12.5825
   12.7488   12.9218   13.1015   13.2878   13.4807
   13.6803

     0     1

 BARRIER
   10.5865    9.5934    9.5843    9.5706    9.5523
    9.5295    9.5021    9.4701    9.4336    9.3925
    9.3468    9.2966    9.2418    9.1824    9.1185
    9.0500    8.9770    8.8993    8.8172    8.7304
    8.6391    8.5432    8.4427    8.3377    8.2281
    8.1140    7.9952    7.8720    7.7441    7.6117
    7.4747

     0     1

 ROT OUTPUT  YRSMO,YRSMOF
    0.0000    0.0106    0.0318    0.0636    0.1060
    0.1590    0.2226    0.2968    0.3816    0.4770
    0.5830    0.6996    0.8268    0.9646    1.1130
    1.2720    1.4416    1.6218    1.8126    2.0140
    2.2260    2.4486    2.6818    2.9256    3.1800
    3.4450    3.7206    4.0067    4.3035    4.6109
    4.9289

     0     1

    8.2958    8.3024    8.3157    8.3357    8.3623
    8.3956    8.4355    8.4820    8.5353    8.5952
    8.6617    8.7349    8.8147    8.9012    8.9943
    9.0941    9.2006    9.3137    9.4335    9.5599
    9.6929    9.8327    9.9790   10.1320   10.2917
   10.4581   10.6310   10.8107   10.9970   11.1899
   11.3895

     0     1

 BARRIER
    8.2958    8.2918    8.2839    8.2721    8.2563
    8.2366    8.2129    8.1853    8.1537    8.1182
    8.0787    8.0353    7.9879    7.9366    7.8814
    7.8222    7.7590    7.6919    7.6209    7.5459
    7.4670    7.3841    7.2973    7.2065    7.1118
    7.0131    6.9105    6.8039    6.6934    6.5790
    6.4606

     0     1


 ROT OUTPUT  FORMAT:   1   0   0
 EJAY,EJAYF
    0.0000    0.7168    0.7391    0.7726    0.8173
    0.8731    0.9401    1.0183    1.1076    1.2081
    1.3197    1.4426    1.5766    1.7217    1.8781
    2.0456    2.2242    2.4140    2.6150    2.8272
    3.0505    3.2850    3.5307    3.7875    4.0555
    4.3347    4.6250    4.9265    5.2391    5.5629
    5.8979

     0     1

    9.9559    9.9625    9.9759    9.9959   10.0225
   10.0558   10.0958   10.1424   10.1957   10.2557
   10.3223   10.3956   10.4756   10.5622   10.6554
   10.7554   10.8620   10.9752   11.0952   11.2218
   11.3550   11.4949   11.6415   11.7947   11.9546
   12.1212   12.2944   12.4743   12.6608   12.8541
   13.0539

     0     1

 BARRIER
    9.9559    9.2458    9.2368    9.2233    9.2052
    9.1827    9.1557    9.1242    9.0881    9.0476
    9.0026    8.9530    8.8990    8.8404    8.7774
    8.7098    8.6378    8.5612    8.4801    8.3946
    8.3045    8.2099    8.1108    8.0072    7.8991
    7.7865    7.6694    7.5478    7.4217    7.2911
    7.1560

     0     1

 ROT OUTPUT  YRSMO,YRSMOF
    0.0000    0.0107    0.0321    0.0642    0.1069
    0.1604    0.2245    0.2994    0.3849    0.4811
    0.5880    0.7057    0.8340    0.9730    1.1226
    1.2830    1.4541    1.6358    1.8283    2.0314
    2.2453    2.4698    2.7050    2.9509    3.2075
    3.4748    3.7528    4.0415    4.3409    4.6509
    4.9717

     0     1

    8.2756    8.2823    8.2956    8.3156    8.3422
    8.3755    8.4155    8.4622    8.5155    8.5754
    8.6420    8.7153    8.7953    8.8819    8.9752
    9.0751    9.1817    9.2950    9.4149    9.5415
    9.6747    9.8146    9.9612   10.1144   10.2743
   10.4409   10.6141   10.7940   10.9806   11.1738
   11.3737

     0     1

 BARRIER
    8.2756    8.2716    8.2635    8.2514    8.2353
    8.2152    8.1910    8.1628    8.1306    8.0943
    8.0540    8.0097    7.9613    7.9089    7.8525
    7.7921    7.7276    7.6591    7.5866    7.5100
    7.4295    7.3448    7.2562    7.1635    7.0668
    6.9661    6.8613    6.7525    6.6397    6.5229
    6.4020

     0     1


 ROT OUTPUT  FORMAT:   1   0   0
 EJAY,EJAYF
    0.0000    0.6188    0.6412    0.6749    0.7198
    0.7759    0.8433    0.9218    1.0116    1.1127
    1.2249    1.3484    1.4831    1.6290    1.7862
    1.9545    2.1341    2.3249    2.5270    2.7403
    2.9647    3.2005    3.4474    3.7056    3.9750
    4.2556    4.5474    4.8505    5.1648    5.4903
    5.8271

     0     1

    9.7357    9.7423    9.7557    9.7757    9.8024
    9.8357    9.8758    9.9225    9.9758   10.0359
   10.1026   10.1760   10.2561   10.3428   10.4362
   10.5363   10.6430   10.7564   10.8765   11.0033
   11.1367   11.2768   11.4236   11.5770   11.7371
   11.9039   12.0774   12.2575   12.4443   12.6378
   12.8380

     0     1

 BARRIER
    9.7357    9.1236    9.1145    9.1008    9.0826
    9.0598    9.0325    9.0006    8.9642    8.9232
    8.8777    8.8276    8.7730    8.7138    8.6500
    8.5817    8.5089    8.4315    8.3495    8.2630
    8.1720    8.0763    7.9762    7.8715    7.7622
    7.6483    7.5300    7.4070    7.2795    7.1475
    7.0109

     0     1

 ROT OUTPUT  YRSMO,YRSMOF
    0.0000    0.0108    0.0324    0.0647    0.1078
    0.1618    0.2265    0.3020    0.3883    0.4853
    0.5932    0.7118    0.8412    0.9814    1.1324
    1.2942    1.4667    1.6501    1.8442    2.0491
    2.2648    2.4913    2.7286    2.9766    3.2355
    3.5051    3.7855    4.0767    4.3787    4.6914
    5.0150

     0     1

    8.2464    8.2531    8.2664    8.2864    8.3131
    8.3465    8.3865    8.4332    8.4866    8.5466
    8.6133    8.6867    8.7668    8.8535    8.9469
    9.0470    9.1537    9.2671    9.3872    9.5140
    9.6474    9.7875    9.9343   10.0877   10.2479
   10.4147   10.5881   10.7682   10.9551   11.1485
   11.3487

     0     1

 BARRIER
    8.2464    8.2423    8.2340    8.2217    8.2052
    8.1847    8.1600    8.1312    8.0983    8.0613
    8.0202    7.9749    7.9255    7.8721    7.8145
    7.7528    7.6870    7.6170    7.5430    7.4649
    7.3826    7.2962    7.2057    7.1111    7.0124
    6.9096    6.8026    6.6915    6.5764    6.4571
    6.3337

     0     1


 ROT OUTPUT  FORMAT:   1   0   0
 EJAY,EJAYF
    0.0000    2.0404    2.0628    2.0964    2.1412
    2.1972    2.2644    2.3428    2.4324    2.5332
    2.6452    2.7684    2.9028    3.0484    3.2052
    3.3732    3.5524    3.7429    3.9445    4.1573
    4.3813    4.6165    4.8629    5.1205    5.3893
    5.6694    5.9606    6.2630    6.5766    6.9014
    7.2374

     0     1

   13.0106   13.0172   13.0305   13.0504   13.0770
   13.1102   13.1500   13.1965   13.2496   13.3093
   13.3757   13.4487   13.5284   13.6147   13.7077
   13.8072   13.9135   14.0263   14.1458   14.2720
   14.4047   14.5441   14.6902   14.8429   15.0022
   15.1682   15.3408   15.5201   15.7059   15.8985
   16.0976

     0     1

 BARRIER
   13.0106   10.9768   10.9677   10.9540   10.9358
   10.9130   10.8856   10.8537   10.8172   10.7761
   10.7305   10.6803   10.6256   10.5663   10.5024
   10.4340   10.3610   10.2835   10.2014   10.1147
   10.0234    9.9276    9.8273    9.7224    9.6129
    9.4988    9.3802    9.2571    9.1293    8.9971
    8.8602

     0     1

 ROT OUTPUT  YRSMO,YRSMOF
    0.0000    0.0103    0.0310    0.0620    0.1034
    0.1551    0.2171    0.2894    0.3721    0.4652
    0.5685    0.6822    0.8063    0.9406    1.0854
    1.2404    1.4058    1.5815    1.7676    1.9640
    2.1707    2.3878    2.6152    2.8529    3.1010
    3.3594    3.6282    3.9073    4.1967    4.4965
    4.8066

     0     1

    8.9018    8.9084    8.9217    8.9416    8.9682
    9.0014    9.0412    9.0877    9.1408    9.2005
    9.2669    9.3399    9.4196    9.5059    9.5989
    9.6984    9.8047    9.9175   10.0370   10.1632
   10.2959   10.4354   10.5814   10.7341   10.8934
   11.0594   11.2320   11.4113   11.5971   11.7897
   11.9888

     0     1

 BARRIER
    8.9018    8.8981    8.8907    8.8796    8.8648
    8.8463    8.8241    8.7982    8.7687    8.7354
    8.6984    8.6577    8.6134    8.5653    8.5135
    8.4580    8.3989    8.3360    8.2695    8.1992
    8.1252    8.0476    7.9662    7.8812    7.7924
    7.7000    7.6038    7.5040    7.4005    7.2932
    7.1823

     0     1


 ROT OUTPUT  FORMAT:   1   0   0
 EJAY,EJAYF
    0.0000    1.7140    1.7364    1.7699    1.8147
    1.8706    1.9376    2.0159    2.1053    2.2059
    2.3177    2.4407    2.5749    2.7202    2.8767
    3.0444    3.2233    3.4133    3.6146    3.8270
    4.0506    4.2854    4.5313    4.7884    5.0567
    5.3362    5.6269    5.9288    6.2418    6.5660
    6.9014

     0     1

   12.3504   12.3571   12.3704   12.3905   12.4172
   12.4506   12.4906   12.5374   12.5908   12.6509
   12.7177   12.7911   12.8713   12.9581   13.0516
   13.1517   13.2586   13.3721   13.4923   13.6192
   13.7527   13.8930   14.0399   14.1935   14.3537
   14.5207   14.6943   14.8746   15.0616   15.2552
   15.4556

     0     1

 BARRIER
   12.3504   10.6430   10.6340   10.6205   10.6025
   10.5800   10.5530   10.5215   10.4855   10.4450
   10.3999   10.3504   10.2964   10.2379   10.1749
   10.1073   10.0353    9.9588    9.8777    9.7922
    9.7022    9.6076    9.5086    9.4050    9.2970
    9.1844    9.0674    8.9458    8.8198    8.6892
    8.5542

     0     1

 ROT OUTPUT  YRSMO,YRSMOF
    0.0000    0.0104    0.0313    0.0626    0.1043
    0.1564    0.2189    0.2919    0.3753    0.4691
    0.5734    0.6881    0.8132    0.9487    1.0946
    1.2510    1.4178    1.5950    1.7827    1.9808
    2.1893    2.4082    2.6375    2.8773    3.1275
    3.3881    3.6592    3.9407    4.2326    4.5349
    4.8476

     0     1

    8.8628    8.8695    8.8828    8.9029    8.9296
    8.9630    9.0030    9.0498    9.1032    9.1633
    9.2301    9.3035    9.3837    9.4705    9.5640
    9.6641    9.7710    9.8845   10.0047   10.1316
   10.2651   10.4054   10.5523   10.7059   10.8661
   11.0331   11.2067   11.3870   11.5740   11.7676
   11.9680

     0     1

 BARRIER
    8.8628    8.8590    8.8515    8.8403    8.8253
    8.8066    8.7841    8.7579    8.7279    8.6942
    8.6567    8.6155    8.5705    8.5218    8.4693
    8.4131    8.3532    8.2895    8.2220    8.1508
    8.0759    7.9972    7.9147    7.8286    7.7386
    7.6449    7.5475    7.4463    7.3414    7.2327
    7.1203

     0     1


 ROT OUTPUT  FORMAT:   1   0   0
 EJAY,EJAYF
    0.0000    1.3977    1.4200    1.4535    1.4981
    1.5539    1.6208    1.6989    1.7882    1.8886
    2.0002    2.1229    2.2568    2.4018    2.5580
    2.7253    2.9038    3.0935    3.2943    3.5063
    3.7294    3.9637    4.2091    4.4657    4.7335
    5.0124    5.3025    5.6037    5.9161    6.2396
    6.5743

     0     1

   11.7064   11.7131   11.7265   11.7467   11.7735
   11.8071   11.8474   11.8944   11.9481   12.0085
   12.0756   12.1494   12.2300   12.3173   12.4112
   12.5119   12.6193   12.7335   12.8543   12.9818
   13.1161   13.2570   13.4047   13.5591   13.7202
   13.8881   14.0626   14.2438   14.4318   14.6265
   14.8278

     0     1

 BARRIER
   11.7064   10.3154   10.3065   10.2932   10.2754
   10.2532   10.2265   10.1954   10.1599   10.1199
   10.0754   10.0266    9.9732    9.9155    9.8533
    9.7866    9.7155    9.6400    9.5600    9.4755
    9.3867    9.2933    9.1956    9.0934    8.9867
    8.8756    8.7601    8.6401    8.5157    8.3868
    8.2535

     0     1

 ROT OUTPUT  YRSMO,YRSMOF
    0.0000    0.0105    0.0315    0.0631    0.1051
    0.1577    0.2208    0.2944    0.3785    0.4732
    0.5783    0.6940    0.8201    0.9568    1.1040
    1.2617    1.4300    1.6087    1.7980    1.9978
    2.2081    2.4289    2.6602    2.9020    3.1544
    3.4172    3.6906    3.9745    4.2689    4.5738
    4.8893

     0     1

    8.8290    8.8357    8.8491    8.8692    8.8961
    8.9297    8.9699    9.0169    9.0706    9.1310
    9.1982    9.2720    9.3526    9.4398    9.5338
    9.6345    9.7419    9.8560    9.9769   10.1044
   10.2386   10.3796   10.5273   10.6817   10.8428
   11.0106   11.1852   11.3664   11.5544   11.7490
   11.9504

     0     1

 BARRIER
    8.8290    8.8252    8.8176    8.8062    8.7909
    8.7719    8.7491    8.7225    8.6921    8.6579
    8.6199    8.5780    8.5324    8.4830    8.4298
    8.3728    8.3119    8.2473    8.1789    8.1066
    8.0306    7.9508    7.8671    7.7797    7.6884
    7.5934    7.4945    7.3919    7.2854    7.1752
    7.0611

     0     1


 ROT OUTPUT  FORMAT:   1   0   0
 EJAY,EJAYF
    0.0000    1.0762    1.0985    1.1318    1.1763
    1.2319    1.2987    1.3765    1.4655    1.5656
    1.6768    1.7992    1.9326    2.0772    2.2330
    2.3998    2.5778    2.7668    2.9670    3.1784
    3.4008    3.6344    3.8791    4.1349    4.4018
    4.6799    4.9691    5.2694    5.5808    5.9034
    6.2370

     0     1

   11.0426   11.0494   11.0629   11.0831   11.1101
   11.1438   11.1842   11.2315   11.2854   11.3461
   11.4135   11.4877   11.5687   11.6563   11.7508
   11.8519   11.9598   12.0745   12.1959   12.3240
   12.4589   12.6005   12.7489   12.9040   13.0659
   13.2345   13.4098   13.5919   13.7807   13.9763
   14.1786

     0     1

 BARRIER
   11.0426    9.9732    9.9644    9.9513    9.9337
    9.9119    9.8856    9.8549    9.8199    9.7805
    9.7367    9.6886    9.6360    9.5791    9.5178
    9.4521    9.3821    9.3076    9.2288    9.1456
    9.0581    8.9661    8.8698    8.7691    8.6640
    8.5546    8.4407    8.3225    8.1999    8.0729
    7.9416

     0     1

 ROT OUTPUT  YRSMO,YRSMOF
    0.0000    0.0106    0.0318    0.0636    0.1061
    0.1591    0.2227    0.2969    0.3818    0.4772
    0.5833    0.7000    0.8272    0.9651    1.1136
    1.2726    1.4423    1.6226    1.8135    2.0150
    2.2271    2.4498    2.6831    2.9271    3.1816
    3.4467    3.7225    4.0088    4.3058    4.6133
    4.9315

     0     1

    8.7990    8.8057    8.8192    8.8395    8.8664
    8.9001    8.9406    8.9878    9.0418    9.1025
    9.1699    9.2441    9.3250    9.4127    9.5071
    9.6083    9.7162    9.8308    9.9522   10.0804
   10.2152   10.3569   10.5052   10.6604   10.8222
   10.9908   11.1662   11.3483   11.5371   11.7327
   11.9350

     0     1

 BARRIER
    8.7990    8.7951    8.7874    8.7758    8.7604
    8.7411    8.7179    8.6909    8.6600    8.6252
    8.5866    8.5441    8.4978    8.4476    8.3936
    8.3356    8.2739    8.2082    8.1387    8.0654
    7.9881    7.9070    7.8221    7.7333    7.6406
    7.5441    7.4437    7.3394    7.2313    7.1194
    7.0035

     0     1


 ROT OUTPUT  FORMAT:   1   0   0
 EJAY,EJAYF
    0.0000    0.9082    0.9305    0.9640    1.0086
    1.0644    1.1313    1.2094    1.2986    1.3990
    1.5105    1.6332    1.7671    1.9121    2.0682
    2.2355    2.4140    2.6036    2.8044    3.0163
    3.2394    3.4736    3.7190    3.9755    4.2432
    4.5221    4.8121    5.1132    5.4255    5.7490
    6.0836

     0     1

   10.6710   10.6778   10.6914   10.7117   10.7388
   10.7727   10.8134   10.8609   10.9151   10.9761
   11.0439   11.1185   11.1999   11.2880   11.3829
   11.4846   11.5931   11.7083   11.8304   11.9592
   12.0948   12.2372   12.3863   12.5423   12.7050
   12.8745   13.0508   13.2338   13.4236   13.6203
   13.8237

     0     1

 BARRIER
   10.6710    9.7696    9.7608    9.7477    9.7302
    9.7084    9.6821    9.6515    9.6165    9.5771
    9.5334    9.4853    9.4328    9.3759    9.3147
    9.2491    9.1791    9.1047    9.0260    8.9429
    8.8554    8.7636    8.6673    8.5667    8.4618
    8.3524    8.2387    8.1206    7.9981    7.8713
    7.7401

     0     1

 ROT OUTPUT  YRSMO,YRSMOF
    0.0000    0.0107    0.0321    0.0642    0.1070
    0.1605    0.2246    0.2995    0.3851    0.4814
    0.5884    0.7060    0.8344    0.9735    1.1232
    1.2837    1.4548    1.6367    1.8292    2.0325
    2.2464    2.4711    2.7064    2.9525    3.2092
    3.4766    3.7548    4.0436    4.3431    4.6533
    4.9742

     0     1

    8.7538    8.7606    8.7741    8.7945    8.8216
    8.8555    8.8962    8.9436    8.9979    9.0589
    9.1267    9.2013    9.2826    9.3708    9.4657
    9.5674    9.6759    9.7911    9.9132   10.0420
   10.1776   10.3199   10.4691   10.6250   10.7878
   10.9572   11.1335   11.3166   11.5064   11.7030
   11.9064

     0     1

 BARRIER
    8.7538    8.7499    8.7420    8.7303    8.7146
    8.6950    8.6715    8.6441    8.6128    8.5775
    8.5383    8.4952    8.4482    8.3973    8.3425
    8.2837    8.2210    8.1544    8.0839    8.0095
    7.9311    7.8489    7.7627    7.6726    7.5786
    7.4806    7.3788    7.2730    7.1633    7.0497
    6.9322

     0     1


 ROT OUTPUT  FORMAT:   1   0   0
 EJAY,EJAYF
    0.0000    0.5996    0.6218    0.6551    0.6995
    0.7551    0.8217    0.8994    0.9883    1.0882
    1.1993    1.3215    1.4548    1.5991    1.7546
    1.9212    2.0989    2.2877    2.4877    2.6987
    2.9208    3.1541    3.3984    3.6538    3.9204
    4.1981    4.4868    4.7867    5.0977    5.4198
    5.7530

     0     1

   10.0017   10.0085   10.0221   10.0426   10.0698
   10.1038   10.1447   10.1923   10.2468   10.3081
   10.3761   10.4510   10.5327   10.6212   10.7165
   10.8186   10.9275   11.0432   11.1658   11.2951
   11.4313   11.5742   11.7240   11.8805   12.0439
   12.2141   12.3911   12.5749   12.7655   12.9629
   13.1671

     0     1

 BARRIER
   10.0017    9.4090    9.4004    9.3875    9.3703
    9.3488    9.3230    9.2929    9.2585    9.2198
    9.1768    9.1295    9.0779    9.0220    8.9619
    8.8974    8.8286    8.7555    8.6781    8.5964
    8.5104    8.4202    8.3256    8.2267    8.1235
    8.0160    7.9042    7.7882    7.6678    7.5431
    7.4141

     0     1

 ROT OUTPUT  YRSMO,YRSMOF
    0.0000    0.0108    0.0324    0.0647    0.1079
    0.1619    0.2266    0.3021    0.3885    0.4856
    0.5935    0.7122    0.8417    0.9819    1.1330
    1.2949    1.4675    1.6510    1.8452    2.0502
    2.2660    2.4926    2.7300    2.9782    3.2372
    3.5069    3.7875    4.0788    4.3810    4.6939
    5.0176

     0     1

    8.7215    8.7284    8.7420    8.7624    8.7896
    8.8237    8.8645    8.9121    8.9666    9.0279
    9.0959    9.1708    9.2525    9.3410    9.4363
    9.5384    9.6473    9.7631    9.8856   10.0149
   10.1511   10.2940   10.4438   10.6004   10.7637
   10.9339   11.1109   11.2947   11.4853   11.6827
   11.8869

     0     1

 BARRIER
    8.7215    8.7176    8.7096    8.6976    8.6817
    8.6618    8.6379    8.6100    8.5781    8.5423
    8.5025    8.4586    8.4108    8.3591    8.3033
    8.2436    8.1798    8.1121    8.0404    7.9647
    7.8851    7.8014    7.7138    7.6222    7.5266
    7.4270    7.3234    7.2159    7.1043    6.9888
    6.8693

     0     1


 ROT OUTPUT  FORMAT:   1   0   0
 EJAY,EJAYF
    0.0000    2.0029    2.0253    2.0588    2.1035
    2.1593    2.2264    2.3046    2.3939    2.4945
    2.6062    2.7291    2.8631    3.0084    3.1648
    3.3323    3.5111    3.7010    3.9021    4.1143
    4.3377    4.5723    4.8181    5.0750    5.3432
    5.6224    5.9129    6.2145    6.5273    6.8513
    7.1864

     0     1

   13.1824   13.1891   13.2025   13.2226   13.2495
   13.2830   13.3233   13.3703   13.4239   13.4843
   13.5514   13.6253   13.7058   13.7930   13.8869
   13.9876   14.0950   14.2090   14.3298   14.4573
   14.5915   14.7324   14.8800   15.0344   15.1954
   15.3632   15.5376   15.7188   15.9067   16.1013
   16.3026

     0     1

 BARRIER
   13.1824   11.1862   11.1772   11.1638   11.1460
   11.1237   11.0969   11.0657   11.0300   10.9899
   10.9452   10.8962   10.8426   10.7846   10.7222
   10.6553   10.5839   10.5081   10.4278   10.3430
   10.2538   10.1601   10.0619    9.9593    9.8523
    9.7407    9.6247    9.5043    9.3794    9.2500
    9.1162

     0     1

 ROT OUTPUT  YRSMO,YRSMOF
    0.0000    0.0104    0.0313    0.0626    0.1043
    0.1565    0.2190    0.2920    0.3755    0.4694
    0.5737    0.6884    0.8135    0.9491    1.0952
    1.2516    1.4185    1.5958    1.7835    1.9817
    2.1903    2.4094    2.6388    2.8787    3.1290
    3.3898    3.6610    3.9426    4.2346    4.5371
    4.8500

     0     1

    9.3314    9.3381    9.3515    9.3717    9.3985
    9.4321    9.4723    9.5193    9.5730    9.6334
    9.7005    9.7743    9.8548    9.9420   10.0360
   10.1366   10.2440   10.3581   10.4788   10.6063
   10.7405   10.8814   11.0291   11.1834   11.3444
   11.5122   11.6867   11.8678   12.0557   12.2503
   12.4516

     0     1

 BARRIER
    9.3314    9.3277    9.3202    9.3091    9.2942
    9.2756    9.2533    9.2272    9.1975    9.1640
    9.1268    9.0859    9.0412    8.9929    8.9408
    8.8850    8.8255    8.7622    8.6953    8.6246
    8.5502    8.4721    8.3902    8.3047    8.2154
    8.1224    8.0257    7.9252    7.8211    7.7132
    7.6016

     0     1


 ROT OUTPUT  FORMAT:   1   0   0
 EJAY,EJAYF
    0.0000    1.5388    1.5610    1.5944    1.6388
    1.6944    1.7610    1.8388    1.9277    2.0277
    2.1388    2.2610    2.3943    2.5387    2.6942
    2.8609    3.0387    3.2275    3.4275    3.6386
    3.8608    4.0941    4.3385    4.5940    4.8607
    5.1384    5.4273    5.7272    6.0383    6.3605
    6.6938

     0     1

   12.2955   12.3022   12.3157   12.3360   12.3630
   12.3967   12.4372   12.4844   12.5384   12.5992
   12.6666   12.7409   12.8218   12.9096   13.0040
   13.1052   13.2132   13.3279   13.4494   13.5776
   13.7125   13.8543   14.0027   14.1579   14.3199
   14.4885   14.6640   14.8462   15.0351   15.2308
   15.4332

     0     1

 BARRIER
   12.2955   10.7634   10.7547   10.7416   10.7242
   10.7024   10.6762   10.6457   10.6108   10.5715
   10.5279   10.4799   10.4276   10.3708   10.3098
   10.2443   10.1746   10.1004   10.0219    9.9390
    9.8518    9.7602    9.6642    9.5639    9.4592
    9.3501    9.2367    9.1189    8.9968    8.8703
    8.7394

     0     1

 ROT OUTPUT  YRSMO,YRSMOF
    0.0000    0.0105    0.0316    0.0631    0.1052
    0.1578    0.2209    0.2946    0.3787    0.4734
    0.5786    0.6943    0.8205    0.9573    1.1046
    1.2624    1.4307    1.6095    1.7989    1.9988
    2.2091    2.4301    2.6615    2.9035    3.1559
    3.4189    3.6924    3.9765    4.2710    4.5761
    4.8917

     0     1

    9.3110    9.3178    9.3313    9.3515    9.3785
    9.4122    9.4527    9.5000    9.5540    9.6147
    9.6822    9.7564    9.8374    9.9251   10.0196
   10.1208   10.2287   10.3435   10.4649   10.5931
   10.7281   10.8698   11.0182   11.1734   11.3354
   11.5041   11.6795   11.8617   12.0507   12.2463
   12.4488

     0     1

 BARRIER
    9.3110    9.3073    9.2997    9.2884    9.2733
    9.2545    9.2318    9.2054    9.1752    9.1413
    9.1036    9.0621    9.0168    8.9678    8.9150
    8.8584    8.7981    8.7339    8.6660    8.5944
    8.5189    8.4397    8.3567    8.2700    8.1795
    8.0852    7.9871    7.8852    7.7796    7.6703
    7.5571

     0     1


 ROT OUTPUT  FORMAT:   1   0   0
 EJAY,EJAYF
    0.0000    1.4319    1.4543    1.4878    1.5326
    1.5885    1.6555    1.7338    1.8232    1.9239
    2.0357    2.1586    2.2928    2.4381    2.5947
    2.7624    2.9412    3.1313    3.3325    3.5450
    3.7686    4.0033    4.2493    4.5064    4.7748
    5.0543    5.3449    5.6468    5.9599    6.2841
    6.6195

     0     1

   12.0819   12.0887   12.1023   12.1226   12.1498
   12.1837   12.2245   12.2720   12.3263   12.3874
   12.4553   12.5300   12.6115   12.6997   12.7948
   12.8966   13.0052   13.1206   13.2428   13.3718
   13.5076   13.6502   13.7995   13.9557   14.1186
   14.2884   14.4649   14.6482   14.8383   15.0352
   15.2388

     0     1

 BARRIER
   12.0819   10.6568   10.6480   10.6348   10.6172
   10.5953   10.5689   10.5382   10.5031   10.4636
   10.4196   10.3713   10.3187   10.2616   10.2001
   10.1342   10.0640    9.9893    9.9103    9.8269
    9.7391    9.6468    9.5502    9.4493    9.3439
    9.2341    9.1199    9.0014    8.8784    8.7511
    8.6194

     0     1

 ROT OUTPUT  YRSMO,YRSMOF
    0.0000    0.0106    0.0318    0.0637    0.1061
    0.1592    0.2228    0.2971    0.3820    0.4775
    0.5836    0.7003    0.8276    0.9656    1.1141
    1.2733    1.4430    1.6234    1.8144    2.0160
    2.2282    2.4511    2.6845    2.9285    3.1832
    3.4484    3.7243    4.0108    4.3079    4.6156
    4.9339

     0     1

    9.2785    9.2853    9.2989    9.3193    9.3464
    9.3804    9.4211    9.4686    9.5229    9.5840
    9.6519    9.7266    9.8081    9.8963    9.9914
   10.0932   10.2019   10.3173   10.4395   10.5685
   10.7042   10.8468   10.9962   11.1523   11.3153
   11.4850   11.6615   11.8448   12.0349   12.2318
   12.4355

     0     1

 BARRIER
    9.2785    9.2747    9.2671    9.2556    9.2403
    9.2212    9.1983    9.1715    9.1410    9.1066
    9.0683    9.0263    8.9805    8.9308    8.8773
    8.8200    8.7588    8.6938    8.6251    8.5525
    8.4760    8.3958    8.3117    8.2238    8.1321
    8.0366    7.9372    7.8340    7.7270    7.6162
    7.5015

     0     1


 ROT OUTPUT  FORMAT:   1   0   0
 EJAY,EJAYF
    0.0000    0.9954    1.0176    1.0510    1.0954
    1.1510    1.2176    1.2954    1.3843    1.4843
    1.5954    1.7177    1.8510    1.9955    2.1511
    2.3177    2.4955    2.6844    2.8844    3.0956
    3.3178    3.5512    3.7956    4.0512    4.3179
    4.5957    4.8846    5.1846    5.4958    5.8180
    6.1514

     0     1

   11.1968   11.2036   11.2173   11.2378   11.2651
   11.2993   11.3403   11.3881   11.4428   11.5043
   11.5726   11.6478   11.7298   11.8186   11.9143
   12.0168   12.1261   12.2423   12.3653   12.4952
   12.6318   12.7753   12.9257   13.0828   13.2468
   13.4177   13.5953   13.7798   13.9712   14.1693
   14.3743

     0     1

 BARRIER
   11.1968   10.2082   10.1997   10.1868   10.1697
   10.1483   10.1227   10.0927   10.0585   10.0200
    9.9772    9.9301    9.8788    9.8232    9.7633
    9.6991    9.6306    9.5579    9.4809    9.3996
    9.3140    9.2242    9.1300    9.0316    8.9289
    8.8220    8.7107    8.5952    8.4754    8.3513
    8.2230

     0     1

 ROT OUTPUT  YRSMO,YRSMOF
    0.0000    0.0107    0.0321    0.0642    0.1070
    0.1605    0.2248    0.2997    0.3853    0.4816
    0.5886    0.7064    0.8348    0.9739    1.1238
    1.2843    1.4556    1.6375    1.8302    2.0335
    2.2476    2.4723    2.7078    2.9539    3.2108
    3.4784    3.7567    4.0456    4.3453    4.6557
    4.9768

     0     1

    9.2355    9.2424    9.2560    9.2765    9.3039
    9.3380    9.3790    9.4269    9.4815    9.5430
    9.6114    9.6865    9.7685    9.8574    9.9531
   10.0556   10.1649   10.2811   10.4041   10.5339
   10.6706   10.8141   10.9644   11.1216   11.2856
   11.4564   11.6341   11.8186   12.0099   12.2081
   12.4131

     0     1

 BARRIER
    9.2355    9.2317    9.2239    9.2123    9.1969
    9.1775    9.1543    9.1272    9.0962    9.0614
    9.0227    8.9802    8.9337    8.8834    8.8293
    8.7712    8.7093    8.6435    8.5739    8.5004
    8.4230    8.3417    8.2566    8.1676    8.0748
    7.9780    7.8774    7.7729    7.6646    7.5524
    7.4363

     0     1


 ROT OUTPUT  FORMAT:   1   0   0
 EJAY,EJAYF
    0.0000    0.9662    0.9886    1.0222    1.0671
    1.1231    1.1904    1.2688    1.3585    1.4593
    1.5714    1.6947    1.8292    1.9749    2.1318
    2.2999    2.4793    2.6698    2.8716    3.0845
    3.3087    3.5440    3.7906    4.0484    4.3174
    4.5976    4.8890    5.1916    5.5054    5.8305
    6.1667

     0     1

   11.1012   11.1081   11.1218   11.1425   11.1700
   11.2044   11.2457   11.2939   11.3489   11.4109
   11.4797   11.5554   11.6379   11.7274   11.8237
   11.9270   12.0371   12.1541   12.2779   12.4087
   12.5463   12.6908   12.8422   13.0005   13.1656
   13.3377   13.5166   13.7024   13.8951   14.0946
   14.3011

     0     1

 BARRIER
   11.1012   10.1419   10.1332   10.1202   10.1029
   10.0813   10.0554   10.0251    9.9905    9.9515
    9.9082    9.8607    9.8087    9.7525    9.6919
    9.6270    9.5578    9.4842    9.4064    9.3242
    9.2376    9.1468    9.0516    8.9521    8.8482
    8.7401    8.6276    8.5108    8.3896    8.2642
    8.1344

     0     1

 ROT OUTPUT  YRSMO,YRSMOF
    0.0000    0.0108    0.0324    0.0648    0.1080
    0.1619    0.2267    0.3023    0.3887    0.4858
    0.5938    0.7125    0.8421    0.9824    1.1336
    1.2955    1.4683    1.6518    1.8461    2.0513
    2.2672    2.4939    2.7314    2.9797    3.2388
    3.5087    3.7894    4.0809    4.3832    4.6963
    5.0202

     0     1

    9.1803    9.1872    9.2010    9.2216    9.2491
    9.2835    9.3248    9.3730    9.4281    9.4900
    9.5588    9.6345    9.7171    9.8065    9.9029
   10.0061   10.1162   10.2332   10.3570   10.4878
   10.6254   10.7699   10.9213   11.0796   11.2448
   11.4168   11.5957   11.7815   11.9742   12.1737
   12.3802

     0     1

 BARRIER
    9.1803    9.1764    9.1686    9.1568    9.1412
    9.1216    9.0981    9.0707    9.0394    9.0042
    8.9650    8.9220    8.8750    8.8241    8.7693
    8.7106    8.6479    8.5814    8.5109    8.4365
    8.3582    8.2760    8.1899    8.0999    8.0059
    7.9081    7.8063    7.7006    7.5910    7.4774
    7.3600

     0     1


 ROT OUTPUT  FORMAT:   1   0   0
 EJAY,EJAYF
    0.0000    0.5872    0.6095    0.6429    0.6875
    0.7433    0.8102    0.8882    0.9774    1.0778
    1.1893    1.3119    1.4457    1.5906    1.7467
    1.9140    2.0924    2.2819    2.4826    2.6945
    2.9175    3.1516    3.3969    3.6534    3.9209
    4.1997    4.4896    4.7906    5.1028    5.4262
    5.7607

     0     1

   10.3109   10.3178   10.3317   10.3524   10.3801
   10.4147   10.4563   10.5047   10.5601   10.6224
   10.6916   10.7678   10.8508   10.9408   11.0377
   11.1416   11.2523   11.3700   11.4946   11.6261
   11.7646   11.9099   12.0622   12.2214   12.3875
   12.5606   12.7406   12.9275   13.1213   13.3220
   13.5297

     0     1

 BARRIER
   10.3109    9.7307    9.7222    9.7095    9.6926
    9.6715    9.6461    9.6165    9.5827    9.5446
    9.5024    9.4559    9.4051    9.3502    9.2910
    9.2276    9.1599    9.0881    9.0120    8.9316
    8.8471    8.7583    8.6653    8.5681    8.4666
    8.3609    8.2510    8.1368    8.0185    7.8959
    7.7690

     0     1

 ROT OUTPUT  YRSMO,YRSMOF
    0.0000    0.0109    0.0327    0.0653    0.1089
    0.1634    0.2287    0.3049    0.3921    0.4901
    0.5990    0.7188    0.8495    0.9911    1.1435
    1.3069    1.4811    1.6663    1.8623    2.0692
    2.2871    2.5158    2.7554    3.0058    3.2672
    3.5395    3.8227    4.1167    4.4216    4.7375
    5.0642

     0     1

    9.1384    9.1453    9.1592    9.1800    9.2076
    9.2423    9.2838    9.3322    9.3876    9.4499
    9.5191    9.5953    9.6783    9.7683    9.8652
    9.9691   10.0798   10.1975   10.3221   10.4536
   10.5921   10.7374   10.8897   11.0489   11.2151
   11.3881   11.5681   11.7550   11.9488   12.1496
   12.3572

     0     1

 BARRIER
    9.1384    9.1344    9.1265    9.1146    9.0987
    9.0789    9.0551    9.0273    8.9955    8.9598
    8.9201    8.8765    8.8289    8.7773    8.7217
    8.6622    8.5987    8.5312    8.4598    8.3844
    8.3050    8.2217    8.1344    8.0431    7.9478
    7.8486    7.7454    7.6383    7.5272    7.4121
    7.2930

     0     1


 ROT OUTPUT  FORMAT:   1   0   0
 EJAY,EJAYF
    0.0000    0.5782    0.6007    0.6345    0.6795
    0.7358    0.8033    0.8821    0.9721    1.0734
    1.1859    1.3097    1.4448    1.5911    1.7487
    1.9175    2.0976    2.2889    2.4915    2.7053
    2.9304    3.1668    3.4144    3.6732    3.9433
    4.2247    4.5173    4.8212    5.1363    5.4627
    5.8003

     0     1

   10.2900   10.2969   10.3108   10.3317   10.3595
   10.3942   10.4359   10.4846   10.5402   10.6028
   10.6723   10.7488   10.8322   10.9226   11.0199
   11.1242   11.2354   11.3536   11.4787   11.6108
   11.7498   11.8958   12.0487   12.2086   12.3754
   12.5492   12.7300   12.9177   13.1123   13.3139
   13.5225

     0     1

 BARRIER
   10.2900    9.7187    9.7101    9.6972    9.6800
    9.6585    9.6327    9.6025    9.5681    9.5294
    9.4864    9.4390    9.3874    9.3314    9.2712
    9.2067    9.1378    9.0647    8.9872    8.9055
    8.8194    8.7290    8.6344    8.5354    8.4321
    8.3246    8.2127    8.0965    7.9760    7.8512
    7.7221

     0     1

 ROT OUTPUT  YRSMO,YRSMOF
    0.0000    0.0110    0.0330    0.0659    0.1099
    0.1648    0.2307    0.3076    0.3955    0.4944
    0.6043    0.7251    0.8570    0.9998    1.1536
    1.3184    1.4942    1.6810    1.8787    2.0875
    2.3072    2.5379    2.7796    3.0323    3.2960
    3.5707    3.8563    4.1530    4.4606    4.7792
    5.1088

     0     1

    9.1178    9.1248    9.1387    9.1595    9.1873
    9.2221    9.2638    9.3124    9.3681    9.4306
    9.5001    9.5766    9.6600    9.7504    9.8477
    9.9520   10.0632   10.1814   10.3065   10.4386
   10.5776   10.7236   10.8766   11.0364   11.2033
   11.3771   11.5578   11.7455   11.9402   12.1418
   12.3503

     0     1

 BARRIER
    9.1178    9.1138    9.1057    9.0936    9.0775
    9.0573    9.0331    9.0048    8.9725    8.9362
    8.8959    8.8515    8.8031    8.7506    8.6941
    8.6336    8.5690    8.5004    8.4278    8.3511
    8.2704    8.1857    8.0969    8.0041    7.9073
    7.8064    7.7015    7.5925    7.4795    7.3625
    7.2415

     0     1


 ROT OUTPUT  FORMAT:   1   0   0
 EJAY,EJAYF
    0.0000    0.5004    0.5230    0.5570    0.6023
    0.6589    0.7269    0.8062    0.8968    0.9987
    1.1120    1.2366    1.3725    1.5198    1.6784
    1.8483    2.0295    2.2221    2.4259    2.6411
    2.8677    3.1056    3.3547    3.6153    3.8871
    4.1703    4.4648    4.7706    5.0878    5.4162
    5.7561

     0     1

   10.1135   10.1205   10.1345   10.1554   10.1834
   10.2183   10.2602   10.3091   10.3649   10.4278
   10.4976   10.5744   10.6582   10.7490   10.8468
   10.9515   11.0633   11.1820   11.3077   11.4404
   11.5800   11.7267   11.8803   12.0409   12.2085
   12.3831   12.5647   12.7532   12.9488   13.1513
   13.3608

     0     1

 BARRIER
   10.1135    9.6202    9.6115    9.5984    9.5811
    9.5593    9.5333    9.5029    9.4681    9.4290
    9.3856    9.3378    9.2857    9.2292    9.1684
    9.1033    9.0338    8.9599    8.8818    8.7992
    8.7124    8.6211    8.5256    8.4257    8.3214
    8.2128    8.0999    7.9826    7.8610    7.7351
    7.6048

     0     1

 ROT OUTPUT  YRSMO,YRSMOF
    0.0000    0.0111    0.0333    0.0665    0.1108
    0.1663    0.2328    0.3104    0.3990    0.4988
    0.6096    0.7315    0.8646    1.0086    1.1638
    1.3301    1.5074    1.6959    1.8954    2.1060
    2.3277    2.5604    2.8043    3.0592    3.3252
    3.6023    3.8905    4.1898    4.5001    4.8216
    5.1541

     0     1

    9.0864    9.0933    9.1073    9.1283    9.1562
    9.1911    9.2330    9.2819    9.3378    9.4006
    9.4704    9.5473    9.6311    9.7219    9.8196
    9.9244   10.0361   10.1548   10.2805   10.4132
   10.5529   10.6995   10.8532   11.0138   11.1814
   11.3560   11.5375   11.7261   11.9216   12.1241
   12.3336

     0     1

 BARRIER
    9.0864    9.0823    9.0741    9.0618    9.0454
    9.0249    9.0002    8.9715    8.9387    8.9018
    8.8608    8.8157    8.7665    8.7132    8.6558
    8.5943    8.5287    8.4590    8.3851    8.3072
    8.2252    8.1391    8.0489    7.9546    7.8562
    7.7536    7.6470    7.5363    7.4215    7.3026
    7.1795

     0     1


 ROT OUTPUT  FORMAT:   1   0   0
 EJAY,EJAYF
    0.0000    2.0381    2.0615    2.0965    2.1432
    2.2016    2.2717    2.3534    2.4468    2.5519
    2.6687    2.7972    2.9373    3.0891    3.2526
    3.4278    3.6146    3.8132    4.0234    4.2453
    4.4788    4.7241    4.9810    5.2496    5.5298
    5.8218    6.1254    6.4407    6.7677    7.1064
    7.4567

     0     1

   12.8893   12.8956   12.9082   12.9270   12.9521
   12.9835   13.0212   13.0652   13.1154   13.1720
   13.2348   13.3039   13.3792   13.4609   13.5488
   13.6430   13.7435   13.8503   13.9634   14.0827
   14.2083   14.3402   14.4784   14.6229   14.7736
   14.9306   15.0939   15.2635   15.4394   15.6215
   15.8100

     0     1

 BARRIER
   12.8893   10.8575   10.8467   10.8305   10.8089
   10.7819   10.7496   10.7118   10.6686   10.6200
   10.5661   10.5067   10.4419   10.3718   10.2962
   10.2152   10.1289   10.0371    9.9400    9.8374
    9.7295    9.6162    9.4974    9.3733    9.2438
    9.1088    8.9685    8.8228    8.6717    8.5151
    8.3532

     0     1

 ROT OUTPUT  YRSMO,YRSMOF
    0.0000    0.0101    0.0302    0.0604    0.1006
    0.1509    0.2113    0.2817    0.3622    0.4528
    0.5534    0.6641    0.7848    0.9156    1.0565
    1.2074    1.3684    1.5395    1.7206    1.9118
    2.1130    2.3243    2.5456    2.7771    3.0186
    3.2701    3.5317    3.8034    4.0851    4.3769
    4.6788

     0     1

    7.6099    7.6162    7.6288    7.6476    7.6727
    7.7041    7.7418    7.7858    7.8360    7.8926
    7.9554    8.0245    8.0998    8.1815    8.2694
    8.3636    8.4641    8.5709    8.6840    8.8033
    8.9289    9.0608    9.1990    9.3435    9.4942
    9.6512    9.8145    9.9841   10.1600   10.3421
   10.5306

     0     1

 BARRIER
    7.6099    7.6061    7.5986    7.5872    7.5721
    7.5532    7.5305    7.5041    7.4738    7.4398
    7.4020    7.3604    7.3150    7.2659    7.2129
    7.1562    7.0957    7.0314    6.9634    6.8916
    6.8159    6.7365    6.6534    6.5664    6.4756
    6.3811    6.2828    6.1807    6.0749    5.9652
    5.8518

     0     1


 ROT OUTPUT  FORMAT:   1   0   0
 EJAY,EJAYF
    0.0000    1.6426    1.6656    1.7002    1.7462
    1.8038    1.8728    1.9534    2.0455    2.1491
    2.2642    2.3909    2.5290    2.6787    2.8398
    3.0125    3.1967    3.3924    3.5996    3.8183
    4.0485    4.2903    4.5435    4.8083    5.0846
    5.3724    5.6717    5.9825    6.3048    6.6387
    6.9840

     0     1

   11.9054   11.9117   11.9243   11.9433   11.9686
   12.0002   12.0381   12.0823   12.1328   12.1897
   12.2529   12.3223   12.3982   12.4803   12.5687
   12.6635   12.7646   12.8720   12.9857   13.1057
   13.2320   13.3647   13.5037   13.6490   13.8006
   13.9586   14.1228   14.2934   14.4703   14.6535
   14.8430

     0     1

 BARRIER
   11.9054   10.2691   10.2587   10.2431   10.2224
   10.1964   10.1652   10.1289   10.0873   10.0406
    9.9886    9.9315    9.8692    9.8016    9.7289
    9.6510    9.5679    9.4796    9.3861    9.2874
    9.1835    9.0744    8.9602    8.8407    8.7160
    8.5862    8.4511    8.3109    8.1654    8.0148
    7.8590

     0     1

 ROT OUTPUT  YRSMO,YRSMOF
    0.0000    0.0101    0.0304    0.0609    0.1015
    0.1522    0.2131    0.2841    0.3652    0.4566
    0.5580    0.6696    0.7914    0.9233    1.0653
    1.2175    1.3798    1.5523    1.7349    1.9277
    2.1306    2.3437    2.5669    2.8002    3.0437
    3.2974    3.5612    3.8351    4.1192    4.4134
    4.7178

     0     1

    7.5725    7.5788    7.5914    7.6104    7.6357
    7.6672    7.7051    7.7494    7.7999    7.8568
    7.9199    7.9894    8.0652    8.1474    8.2358
    8.3306    8.4316    8.5390    8.6528    8.7728
    8.8991    9.0318    9.1708    9.3161    9.4677
    9.6256    9.7899    9.9605   10.1373   10.3206
   10.5101

     0     1

 BARRIER
    7.5725    7.5687    7.5610    7.5495    7.5342
    7.5151    7.4921    7.4653    7.4347    7.4002
    7.3619    7.3198    7.2739    7.2241    7.1705
    7.1131    7.0518    6.9867    6.9178    6.8451
    6.7685    6.6881    6.6039    6.5159    6.4240
    6.3283    6.2287    6.1254    6.0182    5.9072
    5.7923

     0     1


 ROT OUTPUT  FORMAT:   1   0   0
 EJAY,EJAYF
    0.0000    1.5016    1.5247    1.5593    1.6055
    1.6632    1.7324    1.8132    1.9055    2.0094
    2.1248    2.2517    2.3902    2.5402    2.7018
    2.8749    3.0595    3.2557    3.4634    3.6827
    3.9135    4.1558    4.4097    4.6751    4.9521
    5.2406    5.5406    5.8522    6.1753    6.5100
    6.8562

     0     1

   11.5572   11.5636   11.5763   11.5954   11.6208
   11.6526   11.6907   11.7352   11.7861   11.8433
   11.9069   11.9768   12.0531   12.1358   12.2248
   12.3202   12.4219   12.5300   12.6444   12.7653
   12.8924   13.0259   13.1658   13.3121   13.4647
   13.6236   13.7889   13.9606   14.1386   14.3230
   14.5138

     0     1

 BARRIER
   11.5572   10.0619   10.0516   10.0360   10.0153
    9.9894    9.9583    9.9220    9.8806    9.8339
    9.7821    9.7251    9.6629    9.5956    9.5230
    9.4453    9.3624    9.2743    9.1810    9.0826
    8.9789    8.8701    8.7561    8.6369    8.5126
    8.3830    8.2483    8.1084    7.9633    7.8130
    7.6575

     0     1

 ROT OUTPUT  YRSMO,YRSMOF
    0.0000    0.0102    0.0307    0.0614    0.1023
    0.1535    0.2148    0.2865    0.3683    0.4604
    0.5627    0.6752    0.7980    0.9310    1.0742
    1.2277    1.3914    1.5653    1.7494    1.9438
    2.1484    2.3633    2.5884    2.8237    3.0692
    3.3250    3.5910    3.8672    4.1537    4.4504
    4.7573

     0     1

    7.5234    7.5297    7.5425    7.5615    7.5870
    7.6188    7.6569    7.7014    7.7523    7.8095
    7.8731    7.9430    8.0193    8.1020    8.1910
    8.2864    8.3881    8.4962    8.6106    8.7314
    8.8586    8.9921    9.1320    9.2782    9.4308
    9.5898    9.7551    9.9268   10.1048   10.2892
   10.4799

     0     1

 BARRIER
    7.5234    7.5195    7.5118    7.5001    7.4847
    7.4653    7.4421    7.4149    7.3840    7.3491
    7.3104    7.2678    7.2213    7.1710    7.1168
    7.0587    6.9967    6.9309    6.8612    6.7876
    6.7101    6.6288    6.5436    6.4546    6.3616
    6.2648    6.1641    6.0596    5.9511    5.8388
    5.7227

     0     1


 ROT OUTPUT  FORMAT:   1   0   0
 EJAY,EJAYF
    0.0000    1.1344    1.1571    1.1912    1.2366
    1.2934    1.3616    1.4411    1.5320    1.6342
    1.7478    1.8728    2.0091    2.1568    2.3159
    2.4863    2.6680    2.8612    3.0657    3.2815
    3.5087    3.7473    3.9972    4.2585    4.5312
    4.8152    5.1105    5.4173    5.7354    6.0648
    6.4056

     0     1

   10.5992   10.6056   10.6184   10.6376   10.6631
   10.6951   10.7334   10.7782   10.8293   10.8868
   10.9507   11.0210   11.0977   11.1808   11.2703
   11.3661   11.4684   11.5770   11.6921   11.8135
   11.9413   12.0756   12.2162   12.3632   12.5165
   12.6763   12.8425   13.0151   13.1940   13.3794
   13.5711

     0     1

 BARRIER
   10.5992    9.4712    9.4613    9.4464    9.4265
    9.4017    9.3718    9.3370    9.2973    9.2526
    9.2029    9.1482    9.0886    9.0240    8.9544
    8.8799    8.8004    8.7159    8.6264    8.5320
    8.4326    8.3283    8.2189    8.1046    7.9854
    7.8611    7.7319    7.5978    7.4586    7.3145
    7.1654

     0     1

 ROT OUTPUT  YRSMO,YRSMOF
    0.0000    0.0103    0.0310    0.0619    0.1032
    0.1548    0.2167    0.2889    0.3714    0.4643
    0.5674    0.6809    0.8047    0.9388    1.0833
    1.2380    1.4031    1.5785    1.7642    1.9602
    2.1665    2.3832    2.6101    2.8474    3.0950
    3.3530    3.6212    3.8997    4.1886    4.4878
    4.7973

     0     1

    7.4859    7.4923    7.5051    7.5242    7.5498
    7.5818    7.6201    7.6648    7.7160    7.7735
    7.8374    7.9077    7.9844    8.0675    8.1570
    8.2528    8.3551    8.4637    8.5788    8.7002
    8.8280    8.9622    9.1029    9.2498    9.4032
    9.5630    9.7292    9.9017   10.0807   10.2660
   10.4578

     0     1

 BARRIER
    7.4859    7.4820    7.4741    7.4623    7.4466
    7.4270    7.4035    7.3760    7.3446    7.3092
    7.2700    7.2268    7.1797    7.1287    7.0737
    7.0148    6.9520    6.8853    6.8146    6.7400
    6.6615    6.5791    6.4927    6.4024    6.3082
    6.2101    6.1080    6.0020    5.8921    5.7782
    5.6605

     0     1


 ROT OUTPUT  FORMAT:   1   0   0
 EJAY,EJAYF
    0.0000    1.0439    1.0667    1.1010    1.1467
    1.2038    1.2723    1.3523    1.4437    1.5465
    1.6607    1.7863    1.9234    2.0719    2.2318
    2.4031    2.5859    2.7800    2.9856    3.2027
    3.4311    3.6710    3.9223    4.1850    4.4591
    4.7446    5.0416    5.3500    5.6698    6.0011
    6.3437

     0     1

   10.3821   10.3886   10.4014   10.4207   10.4464
   10.4785   10.5170   10.5620   10.6134   10.6712
   10.7354   10.8061   10.8832   10.9667   11.0566
   11.1530   11.2557   11.3649   11.4806   11.6026
   11.7311   11.8660   12.0073   12.1550   12.3092
   12.4698   12.6368   12.8102   12.9901   13.1764
   13.3691

     0     1

 BARRIER
   10.3821    9.3447    9.3347    9.3197    9.2997
    9.2747    9.2447    9.2097    9.1697    9.1247
    9.0748    9.0198    8.9598    8.8948    8.8248
    8.7498    8.6699    8.5849    8.4949    8.4000
    8.3000    8.1950    8.0850    7.9701    7.8501
    7.7252    7.5952    7.4602    7.3203    7.1753
    7.0254

     0     1

 ROT OUTPUT  YRSMO,YRSMOF
    0.0000    0.0104    0.0312    0.0624    0.1040
    0.1561    0.2185    0.2913    0.3745    0.4682
    0.5722    0.6867    0.8115    0.9468    1.0924
    1.2485    1.4149    1.5918    1.7791    1.9768
    2.1848    2.4033    2.6322    2.8715    3.1212
    3.3813    3.6518    3.9327    4.2240    4.5257
    4.8379

     0     1

    7.4453    7.4517    7.4646    7.4838    7.5095
    7.5417    7.5802    7.6252    7.6765    7.7344
    7.7986    7.8693    7.9463    8.0298    8.1198
    8.2161    8.3189    8.4281    8.5437    8.6658
    8.7942    8.9291    9.0705    9.2182    9.3724
    9.5330    9.7000    9.8734   10.0533   10.2396
   10.4323

     0     1

 BARRIER
    7.4453    7.4413    7.4334    7.4214    7.4055
    7.3856    7.3617    7.3338    7.3020    7.2662
    7.2264    7.1826    7.1348    7.0831    7.0274
    6.9676    6.9040    6.8363    6.7646    6.6890
    6.6094    6.5258    6.4383    6.3467    6.2512
    6.1517    6.0482    5.9407    5.8293    5.7138
    5.5944

     0     1


 ROT OUTPUT  FORMAT:   1   0   0
 EJAY,EJAYF
    0.0000    0.7127    0.7352    0.7689    0.8138
    0.8700    0.9374    1.0160    1.1059    1.2070
    1.3193    1.4429    1.5777    1.7238    1.8811
    2.0496    2.2293    2.4203    2.6225    2.8360
    3.0607    3.2966    3.5437    3.8021    4.0717
    4.3526    4.6447    4.9480    5.2626    5.5884
    5.9254

     0     1

    9.4818    9.4883    9.5011    9.5205    9.5463
    9.5785    9.6172    9.6623    9.7138    9.7718
    9.8363    9.9072    9.9845   10.0683   10.1586
   10.2552   10.3584   10.4679   10.5839   10.7064
   10.8353   10.9707   11.1125   11.2607   11.4154
   11.5765   11.7441   11.9181   12.0986   12.2855
   12.4788

     0     1

 BARRIER
    9.4818    8.7756    8.7660    8.7516    8.7325
    8.7085    8.6798    8.6463    8.6079    8.5648
    8.5170    8.4643    8.4068    8.3445    8.2775
    8.2057    8.1290    8.0476    7.9614    7.8704
    7.7746    7.6741    7.5687    7.4586    7.3436
    7.2239    7.0994    6.9701    6.8360    6.6971
    6.5534

     0     1

 ROT OUTPUT  YRSMO,YRSMOF
    0.0000    0.0105    0.0315    0.0630    0.1049
    0.1574    0.2203    0.2938    0.3777    0.4722
    0.5771    0.6925    0.8184    0.9548    1.1017
    1.2591    1.4270    1.6053    1.7942    1.9935
    2.2034    2.4237    2.6546    2.8959    3.1477
    3.4100    3.6828    3.9661    4.2599    4.5642
    4.8789

     0     1

    7.4201    7.4265    7.4394    7.4587    7.4845
    7.5167    7.5554    7.6005    7.6521    7.7101
    7.7745    7.8454    7.9228    8.0066    8.0968
    8.1935    8.2966    8.4062    8.5222    8.6446
    8.7736    8.9089    9.0507    9.1989    9.3536
    9.5148    9.6823    9.8563   10.0368   10.2237
   10.4171

     0     1

 BARRIER
    7.4201    7.4160    7.4079    7.3958    7.3796
    7.3593    7.3351    7.3067    7.2744    7.2379
    7.1975    7.1529    7.1044    7.0518    6.9951
    6.9344    6.8696    6.8008    6.7280    6.6511
    6.5702    6.4852    6.3961    6.3030    6.2059
    6.1047    5.9995    5.8902    5.7769    5.6596
    5.5381

     0     1


 ROT OUTPUT  FORMAT:   1   0   0
 EJAY,EJAYF
    0.0000    2.0197    2.0425    2.0768    2.1225
    2.1796    2.2481    2.3281    2.4195    2.5223
    2.6365    2.7621    2.8992    3.0477    3.2076
    3.3789    3.5617    3.7558    3.9614    4.1785
    4.4069    4.6468    4.8981    5.1608    5.4349
    5.7204    6.0174    6.3258    6.6456    6.9769
    7.3195

     0     1

   12.7438   12.7502   12.7630   12.7822   12.8079
   12.8399   12.8783   12.9232   12.9745   13.0321
   13.0962   13.1667   13.2435   13.3268   13.4165
   13.5126   13.6152   13.7241   13.8394   13.9611
   14.0893   14.2238   14.3648   14.5121   14.6659
   14.8261   14.9927   15.1657   15.3451   15.5309
   15.7231

     0     1

 BARRIER
   12.7438   10.7305   10.7205   10.7054   10.6854
   10.6603   10.6302   10.5951   10.5550   10.5099
   10.4597   10.4045   10.3444   10.2792   10.2090
   10.1337   10.0535    9.9682    9.8780    9.7827
    9.6824    9.5771    9.4667    9.3514    9.2310
    9.1056    8.9753    8.8399    8.6994    8.5540
    8.4035

     0     1

 ROT OUTPUT  YRSMO,YRSMOF
    0.0000    0.0102    0.0305    0.0609    0.1015
    0.1523    0.2132    0.2843    0.3655    0.4569
    0.5584    0.6701    0.7920    0.9240    1.0661
    1.2184    1.3809    1.5535    1.7362    1.9292
    2.1322    2.3455    2.5688    2.8024    3.0460
    3.2999    3.5639    3.8380    4.1223    4.4168
    4.7214

     0     1

    8.0199    8.0263    8.0391    8.0583    8.0839
    8.1160    8.1544    8.1993    8.2505    8.3082
    8.3722    8.4427    8.5196    8.6029    8.6926
    8.7887    8.8912    9.0001    9.1155    9.2372
    9.3653    9.4999    9.6408    9.7882    9.9420
   10.1022   10.2687   10.4417   10.6211   10.8069
   10.9991

     0     1

 BARRIER
    8.0199    8.0161    8.0086    7.9974    7.9824
    7.9637    7.9412    7.9150    7.8850    7.8513
    7.8138    7.7726    7.7276    7.6789    7.6265
    7.5703    7.5103    7.4467    7.3792    7.3080
    7.2331    7.1544    7.0720    6.9858    6.8959
    6.8023    6.7049    6.6037    6.4988    6.3902
    6.2778

     0     1


 ROT OUTPUT  FORMAT:   1   0   0
 EJAY,EJAYF
    0.0000    1.7648    1.7876    1.8219    1.8676
    1.9247    1.9933    2.0733    2.1647    2.2675
    2.3818    2.5075    2.6446    2.7932    2.9531
    3.1245    3.3073    3.5016    3.7073    3.9244
    4.1529    4.3928    4.6442    4.9070    5.1813
    5.4669    5.7640    6.0725    6.3925    6.7238
    7.0666

     0     1

   12.2400   12.2464   12.2592   12.2785   12.3041
   12.3362   12.3747   12.4196   12.4709   12.5287
   12.5928   12.6634   12.7404   12.8238   12.9136
   13.0099   13.1125   13.2216   13.3371   13.4589
   13.5873   13.7220   13.8631   14.0107   14.1647
   14.3251   14.4919   14.6651   14.8447   15.0308
   15.2233

     0     1

 BARRIER
   12.2400   10.4816   10.4716   10.4566   10.4365
   10.4115   10.3814   10.3463   10.3062   10.2611
   10.2110   10.1559   10.0958   10.0306    9.9605
    9.8853    9.8052    9.7200    9.6298    9.5346
    9.4344    9.3291    9.2189    9.1037    8.9834
    8.8581    8.7278    8.5926    8.4523    8.3069
    8.1566

     0     1

 ROT OUTPUT  YRSMO,YRSMOF
    0.0000    0.0102    0.0307    0.0614    0.1024
    0.1536    0.2150    0.2867    0.3686    0.4608
    0.5632    0.6758    0.7987    0.9318    1.0751
    1.2287    1.3925    1.5666    1.7509    1.9455
    2.1503    2.3653    2.5905    2.8260    3.0718
    3.3278    3.5940    3.8705    4.1572    4.4541
    4.7613

     0     1

    8.0022    8.0086    8.0215    8.0407    8.0664
    8.0985    8.1370    8.1819    8.2332    8.2909
    8.3551    8.4257    8.5026    8.5860    8.6759
    8.7721    8.8748    8.9838    9.0993    9.2212
    9.3495    9.4842    9.6254    9.7729    9.9269
   10.0873   10.2541   10.4273   10.6070   10.7930
   10.9855

     0     1

 BARRIER
    8.0022    7.9984    7.9908    7.9793    7.9640
    7.9449    7.9219    7.8952    7.8646    7.8302
    7.7919    7.7499    7.7040    7.6543    7.6007
    7.5434    7.4822    7.4172    7.3484    7.2757
    7.1993    7.1190    7.0348    6.9469    6.8551
    6.7595    6.6601    6.5569    6.4498    6.3389
    6.2242

     0     1


 ROT OUTPUT  FORMAT:   1   0   0
 EJAY,EJAYF
    0.0000    1.4252    1.4479    1.4820    1.5274
    1.5841    1.6523    1.7317    1.8226    1.9247
    2.0383    2.1632    2.2994    2.4470    2.6060
    2.7763    2.9579    3.1509    3.3553    3.5710
    3.7981    4.0365    4.2863    4.5474    4.8199
    5.1037    5.3989    5.7055    6.0234    6.3526
    6.6932

     0     1

   11.4847   11.4912   11.5040   11.5233   11.5490
   11.5811   11.6197   11.6647   11.7161   11.7739
   11.8382   11.9089   11.9860   12.0696   12.1595
   12.2559   12.3587   12.4680   12.5837   12.7058
   12.8343   12.9693   13.1106   13.2585   13.4127
   13.5734   13.7404   13.9140   14.0939   14.2803
   14.4731

     0     1

 BARRIER
   11.4847   10.0660   10.0561   10.0413   10.0216
    9.9970    9.9674    9.9330    9.8935    9.8492
    9.7999    9.7457    9.6866    9.6225    9.5536
    9.4797    9.4008    9.3171    9.2284    9.1348
    9.0362    8.9328    8.8244    8.7111    8.5928
    8.4696    8.3415    8.2085    8.0705    7.9277
    7.7799

     0     1

 ROT OUTPUT  YRSMO,YRSMOF
    0.0000    0.0103    0.0310    0.0620    0.1033
    0.1549    0.2169    0.2891    0.3717    0.4647
    0.5679    0.6815    0.8054    0.9397    1.0843
    1.2392    1.4044    1.5799    1.7658    1.9620
    2.1685    2.3854    2.6125    2.8501    3.0979
    3.3560    3.6245    3.9033    4.1925    4.4919
    4.8017

     0     1

    7.9712    7.9776    7.9905    8.0097    8.0354
    8.0676    8.1061    8.1511    8.2025    8.2604
    8.3246    8.3953    8.4724    8.5560    8.6460
    8.7424    8.8452    8.9544    9.0701    9.1922
    9.3208    9.4557    9.5971    9.7449    9.8991
   10.0598   10.2269   10.4004   10.5804   10.7667
   10.9595

     0     1

 BARRIER
    7.9712    7.9673    7.9595    7.9478    7.9322
    7.9127    7.8893    7.8620    7.8308    7.7957
    7.7567    7.7138    7.6670    7.6163    7.5617
    7.5032    7.4408    7.3745    7.3043    7.2302
    7.1522    7.0703    6.9845    6.8949    6.8013
    6.7038    6.6024    6.4971    6.3879    6.2748
    6.1578

     0     1


 ROT OUTPUT  FORMAT:   1   0   0
 EJAY,EJAYF
    0.0000    1.1560    1.1786    1.2125    1.2578
    1.3143    1.3822    1.4613    1.5518    1.6536
    1.7667    1.8911    2.0268    2.1739    2.3322
    2.5019    2.6828    2.8751    3.0787    3.2936
    3.5197    3.7573    4.0061    4.2662    4.5376
    4.8204    5.1144    5.4198    5.7365    6.0645
    6.4038

     0     1

   10.8629   10.8694   10.8823   10.9016   10.9273
   10.9595   10.9981   11.0432   11.0947   11.1526
   11.2170   11.2878   11.3650   11.4487   11.5388
   11.6354   11.7383   11.8478   11.9636   12.0859
   12.2147   12.3498   12.4914   12.6395   12.7940
   12.9549   13.1223   13.2960   13.4763   13.6629
   13.8560

     0     1

 BARRIER
   10.8629    9.7134    9.7037    9.6890    9.6695
    9.6452    9.6159    9.5818    9.5428    9.4990
    9.4503    9.3966    9.3382    9.2748    9.2066
    9.1335    9.0555    8.9727    8.8850    8.7924
    8.6949    8.5926    8.4854    8.3733    8.2563
    8.1345    8.0078    7.8762    7.7398    7.5985
    7.4523

     0     1

 ROT OUTPUT  YRSMO,YRSMOF
    0.0000    0.0104    0.0312    0.0625    0.1041
    0.1562    0.2187    0.2916    0.3749    0.4686
    0.5728    0.6874    0.8123    0.9477    1.0935
    1.2497    1.4164    1.5934    1.7809    1.9787
    2.1870    2.4057    2.6348    2.8744    3.1243
    3.3847    3.6555    3.9366    4.2282    4.5303
    4.8427

     0     1

    7.9324    7.9388    7.9517    7.9710    7.9968
    8.0289    8.0676    8.1126    8.1641    8.2221
    8.2864    8.3572    8.4345    8.5181    8.6083
    8.7048    8.8078    8.9172    9.0331    9.1554
    9.2841    9.4193    9.5609    9.7089    9.8634
   10.0244   10.1917   10.3655   10.5457   10.7324
   10.9255

     0     1

 BARRIER
    7.9324    7.9284    7.9205    7.9085    7.8926
    7.8727    7.8489    7.8210    7.7892    7.7534
    7.7136    7.6699    7.6221    7.5704    7.5147
    7.4551    7.3914    7.3238    7.2522    7.1766
    7.0971    7.0136    6.9261    6.8346    6.7391
    6.6397    6.5363    6.4289    6.3175    6.2021
    6.0828

     0     1


 ROT OUTPUT  FORMAT:   1   0   0
 EJAY,EJAYF
    0.0000    0.8723    0.8948    0.9284    0.9733
    1.0295    1.0968    1.1754    1.2652    1.3662
    1.4785    1.6019    1.7367    1.8826    2.0397
    2.2081    2.3877    2.5785    2.7806    2.9939
    3.2184    3.4541    3.7011    3.9593    4.2287
    4.5093    4.8012    5.1042    5.4185    5.7441
    6.0808

     0     1

   10.1448   10.1513   10.1642   10.1836   10.2094
   10.2417   10.2804   10.3256   10.3773   10.4354
   10.4999   10.5710   10.6484   10.7324   10.8228
   10.9196   11.0229   11.1327   11.2489   11.3716
   11.5007   11.6363   11.7783   11.9268   12.0818
   12.2432   12.4111   12.5854   12.7662   12.9534
   13.1471

     0     1

 BARRIER
   10.1448    9.2790    9.2695    9.2551    9.2361
    9.2122    9.1836    9.1502    9.1121    9.0692
    9.0215    8.9690    8.9118    8.8498    8.7830
    8.7115    8.6352    8.5541    8.4683    8.3777
    8.2823    8.1822    8.0773    7.9676    7.8531
    7.7339    7.6099    7.4812    7.3476    7.2094
    7.0663

     0     1

 ROT OUTPUT  YRSMO,YRSMOF
    0.0000    0.0105    0.0315    0.0630    0.1050
    0.1576    0.2206    0.2941    0.3781    0.4727
    0.5777    0.6932    0.8193    0.9558    1.1029
    1.2604    1.4285    1.6070    1.7961    1.9957
    2.2058    2.4263    2.6574    2.8990    3.1511
    3.4137    3.6868    3.9704    4.2645    4.5691
    4.8842

     0     1

    7.8788    7.8852    7.8981    7.9175    7.9433
    7.9756    8.0144    8.0595    8.1112    8.1693
    8.2339    8.3049    8.3824    8.4663    8.5567
    8.6535    8.7569    8.8666    8.9828    9.1055
    9.2346    9.3702    9.5123    9.6608    9.8157
    9.9771   10.1450   10.3193   10.5001   10.6874
   10.8810

     0     1

 BARRIER
    7.8788    7.8747    7.8666    7.8545    7.8383
    7.8181    7.7938    7.7654    7.7331    7.6966
    7.6562    7.6117    7.5631    7.5105    7.4538
    7.3931    7.3284    7.2596    7.1867    7.1098
    7.0289    6.9439    6.8549    6.7618    6.6646
    6.5635    6.4582    6.3490    6.2357    6.1183
    5.9969

     0     1


 ROT OUTPUT  FORMAT:   1   0   0
 EJAY,EJAYF
    0.0000    2.2114    2.2341    2.2681    2.3136
    2.3704    2.4385    2.5180    2.6088    2.7111
    2.8246    2.9495    3.0858    3.2335    3.3925
    3.5628    3.7445    3.9376    4.1420    4.3578
    4.5849    4.8234    5.0733    5.3345    5.6070
    5.8909    6.1862    6.4929    6.8108    7.1402
    7.4809

     0     1

   13.2102   13.2168   13.2299   13.2495   13.2756
   13.3083   13.3476   13.3934   13.4457   13.5045
   13.5699   13.6419   13.7204   13.8054   13.8969
   13.9950   14.0997   14.2109   14.3286   14.4528
   14.5836   14.7210   14.8649   15.0153   15.1722
   15.3357   15.5058   15.6824   15.8655   16.0551
   16.2513

     0     1

 BARRIER
   13.2102   11.0054   10.9958   10.9813   10.9621
   10.9380   10.9091   10.8754   10.8368   10.7935
   10.7453   10.6923   10.6345   10.5719   10.5045
   10.4322   10.3552   10.2733   10.1866   10.0950
    9.9987    9.8976    9.7916    9.6808    9.5652
    9.4448    9.3196    9.1895    9.0546    8.9150
    8.7705

     0     1

 ROT OUTPUT  YRSMO,YRSMOF
    0.0000    0.0102    0.0307    0.0615    0.1024
    0.1537    0.2151    0.2868    0.3688    0.4610
    0.5634    0.6761    0.7991    0.9322    1.0757
    1.2293    1.3932    1.5674    1.7518    1.9465
    2.1513    2.3665    2.5919    2.8275    3.0733
    3.3295    3.5958    3.8724    4.1593    4.4563
    4.7637

     0     1

    8.4678    8.4743    8.4874    8.5070    8.5332
    8.5659    8.6051    8.6509    8.7032    8.7621
    8.8275    8.8994    8.9779    9.0629    9.1545
    9.2526    9.3572    9.4684    9.5861    9.7104
    9.8412    9.9785   10.1224   10.2728   10.4298
   10.5933   10.7633   10.9399   11.1230   11.3127
   11.5089

     0     1

 BARRIER
    8.4678    8.4640    8.4566    8.4455    8.4307
    8.4122    8.3900    8.3640    8.3344    8.3011
    8.2640    8.2233    8.1788    8.1306    8.0788
    8.0232    7.9639    7.9010    7.8343    7.7639
    7.6898    7.6120    7.5305    7.4453    7.3564
    7.2638    7.1675    7.0675    6.9637    6.8563
    6.7452

     0     1


 ROT OUTPUT  FORMAT:   1   0   0
 EJAY,EJAYF
    0.0000    1.7812    1.8038    1.8376    1.8827
    1.9390    2.0067    2.0856    2.1758    2.2773
    2.3900    2.5140    2.6493    2.7959    2.9537
    3.1228    3.3032    3.4948    3.6978    3.9120
    4.1375    4.3742    4.6222    4.8816    5.1521
    5.4340    5.7271    6.0315    6.3472    6.6741
    7.0123

     0     1

   12.3207   12.3273   12.3404   12.3601   12.3864
   12.4192   12.4586   12.5045   12.5571   12.6162
   12.6818   12.7541   12.8328   12.9182   13.0101
   13.1086   13.2137   13.3253   13.4435   13.5683
   13.6996   13.8375   13.9819   14.1329   14.2905
   14.4547   14.6254   14.8027   14.9865   15.1770
   15.3739

     0     1

 BARRIER
   12.3207   10.5461   10.5366   10.5225   10.5037
   10.4801   10.4519   10.4189   10.3813   10.3389
   10.2918   10.2400   10.1835   10.1223   10.0564
    9.9858    9.9105    9.8305    9.7457    9.6563
    9.5621    9.4632    9.3597    9.2514    9.1384
    9.0207    8.8983    8.7712    8.6394    8.5028
    8.3616

     0     1

 ROT OUTPUT  YRSMO,YRSMOF
    0.0000    0.0103    0.0310    0.0620    0.1033
    0.1550    0.2170    0.2893    0.3719    0.4649
    0.5682    0.6819    0.8059    0.9402    1.0848
    1.2398    1.4051    1.5807    1.7667    1.9630
    2.1696    2.3866    2.6139    2.8515    3.0995
    3.3578    3.6264    3.9053    4.1946    4.4942
    4.8042

     0     1

    8.4386    8.4452    8.4583    8.4780    8.5043
    8.5371    8.5765    8.6225    8.6750    8.7341
    8.7998    8.8720    8.9508    9.0362    9.1281
    9.2266    9.3316    9.4433    9.5614    9.6862
    9.8175    9.9554   10.0999   10.2509   10.4085
   10.5726   10.7434   10.9206   11.1045   11.2949
   11.4919

     0     1

 BARRIER
    8.4386    8.4349    8.4273    8.4160    8.4010
    8.3822    8.3596    8.3332    8.3031    8.2692
    8.2315    8.1901    8.1449    8.0960    8.0433
    7.9868    7.9265    7.8625    7.7948    7.7232
    7.6479    7.5688    7.4860    7.3994    7.3090
    7.2149    7.1170    7.0153    6.9099    6.8007
    6.6877

     0     1


 ROT OUTPUT  FORMAT:   1   0   0
 EJAY,EJAYF
    0.0000    1.6101    1.6327    1.6667    1.7120
    1.7685    1.8364    1.9157    2.0062    2.1080
    2.2212    2.3457    2.4815    2.6286    2.7870
    2.9568    3.1379    3.3302    3.5339    3.7490
    3.9753    4.2130    4.4619    4.7222    4.9938
    5.2767    5.5710    5.8765    6.1934    6.5216
    6.8611

     0     1

   11.9657   11.9723   11.9855   12.0053   12.0317
   12.0646   12.1042   12.1504   12.2031   12.2625
   12.3284   12.4010   12.4801   12.5659   12.6582
   12.7571   12.8626   12.9748   13.0935   13.2188
   13.3507   13.4892   13.6343   13.7859   13.9442
   14.1091   14.2806   14.4586   14.6433   14.8345
   15.0324

     0     1

 BARRIER
   11.9657   10.3622   10.3528   10.3386   10.3197
   10.2961   10.2678   10.2347   10.1970   10.1545
   10.1072   10.0553    9.9986    9.9373    9.8712
    9.8003    9.7248    9.6445    9.5595    9.4698
    9.3754    9.2762    9.1723    9.0637    8.9504
    8.8324    8.7096    8.5821    8.4499    8.3130
    8.1713

     0     1

 ROT OUTPUT  YRSMO,YRSMOF
    0.0000    0.0104    0.0313    0.0625    0.1042
    0.1563    0.2188    0.2918    0.3751    0.4689
    0.5731    0.6877    0.8127    0.9482    1.0941
    1.2504    1.4171    1.5942    1.7818    1.9798
    2.1882    2.4070    2.6362    2.8759    3.1259
    3.3864    3.6573    3.9387    4.2304    4.5326
    4.8452

     0     1

    8.3976    8.4042    8.4174    8.4372    8.4635
    8.4965    8.5361    8.5823    8.6350    8.6944
    8.7603    8.8329    8.9120    8.9977    9.0901
    9.1890    9.2945    9.4066    9.5253    9.6506
    9.7825    9.9210   10.0661   10.2178   10.3761
   10.5410   10.7124   10.8905   11.0752   11.2664
   11.4643

     0     1

 BARRIER
    8.3976    8.3938    8.3861    8.3746    8.3593
    8.3402    8.3173    8.2905    8.2599    8.2255
    8.1872    8.1452    8.0993    8.0495    7.9960
    7.9386    7.8774    7.8124    7.7436    7.6709
    7.5944    7.5141    7.4299    7.3419    7.2502
    7.1545    7.0551    6.9518    6.8447    6.7338
    6.6191

     0     1


 ROT OUTPUT  FORMAT:   1   0   0
 EJAY,EJAYF
    0.0000    1.1769    1.1993    1.2329    1.2777
    1.3337    1.4009    1.4793    1.5688    1.6696
    1.7816    1.9048    2.0392    2.1848    2.3416
    2.5096    2.6887    2.8791    3.0807    3.2935
    3.5175    3.7526    3.9990    4.2566    4.5254
    4.8053    5.0965    5.3989    5.7124    6.0372
    6.3732

     0     1

   10.9941   11.0007   11.0140   11.0338   11.0604
   11.0935   11.1332   11.1796   11.2326   11.2923
   11.3585   11.4314   11.5109   11.5970   11.6898
   11.7892   11.8952   12.0078   12.1271   12.2530
   12.3855   12.5247   12.6704   12.8228   12.9818
   13.1475   13.3198   13.4987   13.6842   13.8763
   14.0751

     0     1

 BARRIER
   10.9941    9.8238    9.8147    9.8010    9.7827
    9.7598    9.7324    9.7004    9.6638    9.6226
    9.5769    9.5266    9.4717    9.4123    9.3482
    9.2796    9.2065    9.1287    9.0464    8.9595
    8.8681    8.7720    8.6714    8.5662    8.4565
    8.3422    8.2233    8.0998    7.9718    7.8391
    7.7019

     0     1

 ROT OUTPUT  YRSMO,YRSMOF
    0.0000    0.0105    0.0315    0.0631    0.1051
    0.1576    0.2207    0.2943    0.3783    0.4729
    0.5780    0.6936    0.8197    0.9563    1.1035
    1.2611    1.4293    1.6079    1.7971    1.9968
    2.2069    2.4276    2.6588    2.9005    3.1528
    3.4155    3.6887    3.9725    4.2667    4.5715
    4.8868

     0     1

    8.3461    8.3527    8.3660    8.3859    8.4124
    8.4455    8.4853    8.5316    8.5847    8.6443
    8.7105    8.7834    8.8629    8.9491    9.0418
    9.1412    9.2472    9.3599    9.4791    9.6050
    9.7376    9.8767   10.0225   10.1749   10.3339
   10.4995   10.6718   10.8507   11.0362   11.2284
   11.4271

     0     1

 BARRIER
    8.3461    8.3422    8.3345    8.3228    8.3073
    8.2879    8.2646    8.2374    8.2063    8.1714
    8.1325    8.0898    8.0432    7.9927    7.9384
    7.8801    7.8180    7.7520    7.6821    7.6083
    7.5306    7.4491    7.3636    7.2743    7.1811
    7.0840    6.9831    6.8782    6.7695    6.6569
    6.5404

     0     1


 ROT OUTPUT  FORMAT:   1   0   0
 EJAY,EJAYF
    0.0000    0.9998    1.0222    1.0559    1.1008
    1.1569    1.2242    1.3027    1.3925    1.4934
    1.6056    1.7291    1.8637    2.0095    2.1666
    2.3349    2.5144    2.7051    2.9071    3.1203
    3.3446    3.5803    3.8271    4.0851    4.3544
    4.6349    4.9266    5.2295    5.5436    5.8690
    6.2056

     0     1

   10.5865   10.5932   10.6065   10.6265   10.6531
   10.6863   10.7263   10.7728   10.8261   10.8859
   10.9525   11.0257   11.1055   11.1920   11.2851
   11.3849   11.4914   11.6045   11.7242   11.8507
   11.9837   12.1234   12.2698   12.4228   12.5825
   12.7488   12.9218   13.1015   13.2878   13.4807
   13.6803

     0     1

 BARRIER
   10.5865    9.5934    9.5843    9.5706    9.5523
    9.5295    9.5021    9.4701    9.4336    9.3925
    9.3468    9.2966    9.2418    9.1824    9.1185
    9.0500    8.9770    8.8993    8.8172    8.7304
    8.6391    8.5432    8.4427    8.3377    8.2281
    8.1140    7.9952    7.8720    7.7441    7.6117
    7.4747

     0     1

 ROT OUTPUT  YRSMO,YRSMOF
    0.0000    0.0106    0.0318    0.0636    0.1060
    0.1590    0.2226    0.2968    0.3816    0.4770
    0.5830    0.6996    0.8268    0.9646    1.1130
    1.2720    1.4416    1.6218    1.8126    2.0140
    2.2260    2.4486    2.6818    2.9256    3.1800
    3.4450    3.7206    4.0067    4.3035    4.6109
    4.9289

     0     1

    8.2958    8.3024    8.3157    8.3357    8.3623
    8.3956    8.4355    8.4820    8.5353    8.5952
    8.6617    8.7349    8.8147    8.9012    8.9943
    9.0941    9.2006    9.3137    9.4335    9.5599
    9.6929    9.8327    9.9790   10.1320   10.2917
   10.4581   10.6310   10.8107   10.9970   11.1899
   11.3895

     0     1

 BARRIER
    8.2958    8.2918    8.2839    8.2721    8.2563
    8.2366    8.2129    8.1853    8.1537    8.1182
    8.0787    8.0353    7.9879    7.9366    7.8814
    7.8222    7.7590    7.6919    7.6209    7.5459
    7.4670    7.3841    7.2973    7.2065    7.1118
    7.0131    6.9105    6.8039    6.6934    6.5790
    6.4606

     0     1


 ROT OUTPUT  FORMAT:   1   0   0
 EJAY,EJAYF
    0.0000    0.7168    0.7391    0.7726    0.8173
    0.8731    0.9401    1.0183    1.1076    1.2081
    1.3197    1.4426    1.5766    1.7217    1.8781
    2.0456    2.2242    2.4140    2.6150    2.8272
    3.0505    3.2850    3.5307    3.7875    4.0555
    4.3347    4.6250    4.9265    5.2391    5.5629
    5.8979

     0     1

    9.9559    9.9625    9.9759    9.9959   10.0225
   10.0558   10.0958   10.1424   10.1957   10.2557
   10.3223   10.3956   10.4756   10.5622   10.6554
   10.7554   10.8620   10.9752   11.0952   11.2218
   11.3550   11.4949   11.6415   11.7947   11.9546
   12.1212   12.2944   12.4743   12.6608   12.8541
   13.0539

     0     1

 BARRIER
    9.9559    9.2458    9.2368    9.2233    9.2052
    9.1827    9.1557    9.1242    9.0881    9.0476
    9.0026    8.9530    8.8990    8.8404    8.7774
    8.7098    8.6378    8.5612    8.4801    8.3946
    8.3045    8.2099    8.1108    8.0072    7.8991
    7.7865    7.6694    7.5478    7.4217    7.2911
    7.1560

     0     1

 ROT OUTPUT  YRSMO,YRSMOF
    0.0000    0.0107    0.0321    0.0642    0.1069
    0.1604    0.2245    0.2994    0.3849    0.4811
    0.5880    0.7057    0.8340    0.9730    1.1226
    1.2830    1.4541    1.6358    1.8283    2.0314
    2.2453    2.4698    2.7050    2.9509    3.2075
    3.4748    3.7528    4.0415    4.3409    4.6509
    4.9717

     0     1

    8.2756    8.2823    8.2956    8.3156    8.3422
    8.3755    8.4155    8.4622    8.5155    8.5754
    8.6420    8.7153    8.7953    8.8819    8.9752
    9.0751    9.1817    9.2950    9.4149    9.5415
    9.6747    9.8146    9.9612   10.1144   10.2743
   10.4409   10.6141   10.7940   10.9806   11.1738
   11.3737

     0     1

 BARRIER
    8.2756    8.2716    8.2635    8.2514    8.2353
    8.2152    8.1910    8.1628    8.1306    8.0943
    8.0540    8.0097    7.9613    7.9089    7.8525
    7.7921    7.7276    7.6591    7.5866    7.5100
    7.4295    7.3448    7.2562    7.1635    7.0668
    6.9661    6.8613    6.7525    6.6397    6.5229
    6.4020

     0     1


 ROT OUTPUT  FORMAT:   1   0   0
 EJAY,EJAYF
    0.0000    0.6188    0.6412    0.6749    0.7198
    0.7759    0.8433    0.9218    1.0116    1.1127
    1.2249    1.3484    1.4831    1.6290    1.7862
    1.9545    2.1341    2.3249    2.5270    2.7403
    2.9647    3.2005    3.4474    3.7056    3.9750
    4.2556    4.5474    4.8505    5.1648    5.4903
    5.8271

     0     1

    9.7357    9.7423    9.7557    9.7757    9.8024
    9.8357    9.8758    9.9225    9.9758   10.0359
   10.1026   10.1760   10.2561   10.3428   10.4362
   10.5363   10.6430   10.7564   10.8765   11.0033
   11.1367   11.2768   11.4236   11.5770   11.7371
   11.9039   12.0774   12.2575   12.4443   12.6378
   12.8380

     0     1

 BARRIER
    9.7357    9.1236    9.1145    9.1008    9.0826
    9.0598    9.0325    9.0006    8.9642    8.9232
    8.8777    8.8276    8.7730    8.7138    8.6500
    8.5817    8.5089    8.4315    8.3495    8.2630
    8.1720    8.0763    7.9762    7.8715    7.7622
    7.6483    7.5300    7.4070    7.2795    7.1475
    7.0109

     0     1

 ROT OUTPUT  YRSMO,YRSMOF
    0.0000    0.0108    0.0324    0.0647    0.1078
    0.1618    0.2265    0.3020    0.3883    0.4853
    0.5932    0.7118    0.8412    0.9814    1.1324
    1.2942    1.4667    1.6501    1.8442    2.0491
    2.2648    2.4913    2.7286    2.9766    3.2355
    3.5051    3.7855    4.0767    4.3787    4.6914
    5.0150

     0     1

    8.2464    8.2531    8.2664    8.2864    8.3131
    8.3465    8.3865    8.4332    8.4866    8.5466
    8.6133    8.6867    8.7668    8.8535    8.9469
    9.0470    9.1537    9.2671    9.3872    9.5140
    9.6474    9.7875    9.9343   10.0877   10.2479
   10.4147   10.5881   10.7682   10.9551   11.1485
   11.3487

     0     1

 BARRIER
    8.2464    8.2423    8.2340    8.2217    8.2052
    8.1847    8.1600    8.1312    8.0983    8.0613
    8.0202    7.9749    7.9255    7.8721    7.8145
    7.7528    7.6870    7.6170    7.5430    7.4649
    7.3826    7.2962    7.2057    7.1111    7.0124
    6.9096    6.8026    6.6915    6.5764    6.4571
    6.3337

     0     1


 ROT OUTPUT  FORMAT:   1   0   0
 EJAY,EJAYF
    0.0000    2.0404    2.0628    2.0964    2.1412
    2.1972    2.2644    2.3428    2.4324    2.5332
    2.6452    2.7684    2.9028    3.0484    3.2052
    3.3732    3.5524    3.7429    3.9445    4.1573
    4.3813    4.6165    4.8629    5.1205    5.3893
    5.6694    5.9606    6.2630    6.5766    6.9014
    7.2374

     0     1

   13.0106   13.0172   13.0305   13.0504   13.0770
   13.1102   13.1500   13.1965   13.2496   13.3093
   13.3757   13.4487   13.5284   13.6147   13.7077
   13.8072   13.9135   14.0263   14.1458   14.2720
   14.4047   14.5441   14.6902   14.8429   15.0022
   15.1682   15.3408   15.5201   15.7059   15.8985
   16.0976

     0     1

 BARRIER
   13.0106   10.9768   10.9677   10.9540   10.9358
   10.9130   10.8856   10.8537   10.8172   10.7761
   10.7305   10.6803   10.6256   10.5663   10.5024
   10.4340   10.3610   10.2835   10.2014   10.1147
   10.0234    9.9276    9.8273    9.7224    9.6129
    9.4988    9.3802    9.2571    9.1293    8.9971
    8.8602

     0     1

 ROT OUTPUT  YRSMO,YRSMOF
    0.0000    0.0103    0.0310    0.0620    0.1034
    0.1551    0.2171    0.2894    0.3721    0.4652
    0.5685    0.6822    0.8063    0.9406    1.0854
    1.2404    1.4058    1.5815    1.7676    1.9640
    2.1707    2.3878    2.6152    2.8529    3.1010
    3.3594    3.6282    3.9073    4.1967    4.4965
    4.8066

     0     1

    8.9018    8.9084    8.9217    8.9416    8.9682
    9.0014    9.0412    9.0877    9.1408    9.2005
    9.2669    9.3399    9.4196    9.5059    9.5989
    9.6984    9.8047    9.9175   10.0370   10.1632
   10.2959   10.4354   10.5814   10.7341   10.8934
   11.0594   11.2320   11.4113   11.5971   11.7897
   11.9888

     0     1

 BARRIER
    8.9018    8.8981    8.8907    8.8796    8.8648
    8.8463    8.8241    8.7982    8.7687    8.7354
    8.6984    8.6577    8.6134    8.5653    8.5135
    8.4580    8.3989    8.3360    8.2695    8.1992
    8.1252    8.0476    7.9662    7.8812    7.7924
    7.7000    7.6038    7.5040    7.4005    7.2932
    7.1823

     0     1


 ROT OUTPUT  FORMAT:   1   0   0
 EJAY,EJAYF
    0.0000    1.7140    1.7364    1.7699    1.8147
    1.8706    1.9376    2.0159    2.1053    2.2059
    2.3177    2.4407    2.5749    2.7202    2.8767
    3.0444    3.2233    3.4133    3.6146    3.8270
    4.0506    4.2854    4.5313    4.7884    5.0567
    5.3362    5.6269    5.9288    6.2418    6.5660
    6.9014

     0     1

   12.3504   12.3571   12.3704   12.3905   12.4172
   12.4506   12.4906   12.5374   12.5908   12.6509
   12.7177   12.7911   12.8713   12.9581   13.0516
   13.1517   13.2586   13.3721   13.4923   13.6192
   13.7527   13.8930   14.0399   14.1935   14.3537
   14.5207   14.6943   14.8746   15.0616   15.2552
   15.4556

     0     1

 BARRIER
   12.3504   10.6430   10.6340   10.6205   10.6025
   10.5800   10.5530   10.5215   10.4855   10.4450
   10.3999   10.3504   10.2964   10.2379   10.1749
   10.1073   10.0353    9.9588    9.8777    9.7922
    9.7022    9.6076    9.5086    9.4050    9.2970
    9.1844    9.0674    8.9458    8.8198    8.6892
    8.5542

     0     1

 ROT OUTPUT  YRSMO,YRSMOF
    0.0000    0.0104    0.0313    0.0626    0.1043
    0.1564    0.2189    0.2919    0.3753    0.4691
    0.5734    0.6881    0.8132    0.9487    1.0946
    1.2510    1.4178    1.5950    1.7827    1.9808
    2.1893    2.4082    2.6375    2.8773    3.1275
    3.3881    3.6592    3.9407    4.2326    4.5349
    4.8476

     0     1

    8.8628    8.8695    8.8828    8.9029    8.9296
    8.9630    9.0030    9.0498    9.1032    9.1633
    9.2301    9.3035    9.3837    9.4705    9.5640
    9.6641    9.7710    9.8845   10.0047   10.1316
   10.2651   10.4054   10.5523   10.7059   10.8661
   11.0331   11.2067   11.3870   11.5740   11.7676
   11.9680

     0     1

 BARRIER
    8.8628    8.8590    8.8515    8.8403    8.8253
    8.8066    8.7841    8.7579    8.7279    8.6942
    8.6567    8.6155    8.5705    8.5218    8.4693
    8.4131    8.3532    8.2895    8.2220    8.1508
    8.0759    7.9972    7.9147    7.8286    7.7386
    7.6449    7.5475    7.4463    7.3414    7.2327
    7.1203

     0     1


 ROT OUTPUT  FORMAT:   1   0   0
 EJAY,EJAYF
    0.0000    1.3977    1.4200    1.4535    1.4981
    1.5539    1.6208    1.6989    1.7882    1.8886
    2.0002    2.1229    2.2568    2.4018    2.5580
    2.7253    2.9038    3.0935    3.2943    3.5063
    3.7294    3.9637    4.2091    4.4657    4.7335
    5.0124    5.3025    5.6037    5.9161    6.2396
    6.5743

     0     1

   11.7064   11.7131   11.7265   11.7467   11.7735
   11.8071   11.8474   11.8944   11.9481   12.0085
   12.0756   12.1494   12.2300   12.3173   12.4112
   12.5119   12.6193   12.7335   12.8543   12.9818
   13.1161   13.2570   13.4047   13.5591   13.7202
   13.8881   14.0626   14.2438   14.4318   14.6265
   14.8278

     0     1

 BARRIER
   11.7064   10.3154   10.3065   10.2932   10.2754
   10.2532   10.2265   10.1954   10.1599   10.1199
   10.0754   10.0266    9.9732    9.9155    9.8533
    9.7866    9.7155    9.6400    9.5600    9.4755
    9.3867    9.2933    9.1956    9.0934    8.9867
    8.8756    8.7601    8.6401    8.5157    8.3868
    8.2535

     0     1

 ROT OUTPUT  YRSMO,YRSMOF
    0.0000    0.0105    0.0315    0.0631    0.1051
    0.1577    0.2208    0.2944    0.3785    0.4732
    0.5783    0.6940    0.8201    0.9568    1.1040
    1.2617    1.4300    1.6087    1.7980    1.9978
    2.2081    2.4289    2.6602    2.9020    3.1544
    3.4172    3.6906    3.9745    4.2689    4.5738
    4.8893

     0     1

    8.8290    8.8357    8.8491    8.8692    8.8961
    8.9297    8.9699    9.0169    9.0706    9.1310
    9.1982    9.2720    9.3526    9.4398    9.5338
    9.6345    9.7419    9.8560    9.9769   10.1044
   10.2386   10.3796   10.5273   10.6817   10.8428
   11.0106   11.1852   11.3664   11.5544   11.7490
   11.9504

     0     1

 BARRIER
    8.8290    8.8252    8.8176    8.8062    8.7909
    8.7719    8.7491    8.7225    8.6921    8.6579
    8.6199    8.5780    8.5324    8.4830    8.4298
    8.3728    8.3119    8.2473    8.1789    8.1066
    8.0306    7.9508    7.8671    7.7797    7.6884
    7.5934    7.4945    7.3919    7.2854    7.1752
    7.0611

     0     1


 ROT OUTPUT  FORMAT:   1   0   0
 EJAY,EJAYF
    0.0000    1.0762    1.0985    1.1318    1.1763
    1.2319    1.2987    1.3765    1.4655    1.5656
    1.6768    1.7992    1.9326    2.0772    2.2330
    2.3998    2.5778    2.7668    2.9670    3.1784
    3.4008    3.6344    3.8791    4.1349    4.4018
    4.6799    4.9691    5.2694    5.5808    5.9034
    6.2370

     0     1

   11.0426   11.0494   11.0629   11.0831   11.1101
   11.1438   11.1842   11.2315   11.2854   11.3461
   11.4135   11.4877   11.5687   11.6563   11.7508
   11.8519   11.9598   12.0745   12.1959   12.3240
   12.4589   12.6005   12.7489   12.9040   13.0659
   13.2345   13.4098   13.5919   13.7807   13.9763
   14.1786

     0     1

 BARRIER
   11.0426    9.9732    9.9644    9.9513    9.9337
    9.9119    9.8856    9.8549    9.8199    9.7805
    9.7367    9.6886    9.6360    9.5791    9.5178
    9.4521    9.3821    9.3076    9.2288    9.1456
    9.0581    8.9661    8.8698    8.7691    8.6640
    8.5546    8.4407    8.3225    8.1999    8.0729
    7.9416

     0     1

 ROT OUTPUT  YRSMO,YRSMOF
    0.0000    0.0106    0.0318    0.0636    0.1061
    0.1591    0.2227    0.2969    0.3818    0.4772
    0.5833    0.7000    0.8272    0.9651    1.1136
    1.2726    1.4423    1.6226    1.8135    2.0150
    2.2271    2.4498    2.6831    2.9271    3.1816
    3.4467    3.7225    4.0088    4.3058    4.6133
    4.9315

     0     1

    8.7990    8.8057    8.8192    8.8395    8.8664
    8.9001    8.9406    8.9878    9.0418    9.1025
    9.1699    9.2441    9.3250    9.4127    9.5071
    9.6083    9.7162    9.8308    9.9522   10.0804
   10.2152   10.3569   10.5052   10.6604   10.8222
   10.9908   11.1662   11.3483   11.5371   11.7327
   11.9350

     0     1

 BARRIER
    8.7990    8.7951    8.7874    8.7758    8.7604
    8.7411    8.7179    8.6909    8.6600    8.6252
    8.5866    8.5441    8.4978    8.4476    8.3936
    8.3356    8.2739    8.2082    8.1387    8.0654
    7.9881    7.9070    7.8221    7.7333    7.6406
    7.5441    7.4437    7.3394    7.2313    7.1194
    7.0035

     0     1


 ROT OUTPUT  FORMAT:   1   0   0
 EJAY,EJAYF
    0.0000    0.9082    0.9305    0.9640    1.0086
    1.0644    1.1313    1.2094    1.2986    1.3990
    1.5105    1.6332    1.7671    1.9121    2.0682
    2.2355    2.4140    2.6036    2.8044    3.0163
    3.2394    3.4736    3.7190    3.9755    4.2432
    4.5221    4.8121    5.1132    5.4255    5.7490
    6.0836

     0     1

   10.6710   10.6778   10.6914   10.7117   10.7388
   10.7727   10.8134   10.8609   10.9151   10.9761
   11.0439   11.1185   11.1999   11.2880   11.3829
   11.4846   11.5931   11.7083   11.8304   11.9592
   12.0948   12.2372   12.3863   12.5423   12.7050
   12.8745   13.0508   13.2338   13.4236   13.6203
   13.8237

     0     1

 BARRIER
   10.6710    9.7696    9.7608    9.7477    9.7302
    9.7084    9.6821    9.6515    9.6165    9.5771
    9.5334    9.4853    9.4328    9.3759    9.3147
    9.2491    9.1791    9.1047    9.0260    8.9429
    8.8554    8.7636    8.6673    8.5667    8.4618
    8.3524    8.2387    8.1206    7.9981    7.8713
    7.7401

     0     1

 ROT OUTPUT  YRSMO,YRSMOF
    0.0000    0.0107    0.0321    0.0642    0.1070
    0.1605    0.2246    0.2995    0.3851    0.4814
    0.5884    0.7060    0.8344    0.9735    1.1232
    1.2837    1.4548    1.6367    1.8292    2.0325
    2.2464    2.4711    2.7064    2.9525    3.2092
    3.4766    3.7548    4.0436    4.3431    4.6533
    4.9742

     0     1

    8.7538    8.7606    8.7741    8.7945    8.8216
    8.8555    8.8962    8.9436    8.9979    9.0589
    9.1267    9.2013    9.2826    9.3708    9.4657
    9.5674    9.6759    9.7911    9.9132   10.0420
   10.1776   10.3199   10.4691   10.6250   10.7878
   10.9572   11.1335   11.3166   11.5064   11.7030
   11.9064

     0     1

 BARRIER
    8.7538    8.7499    8.7420    8.7303    8.7146
    8.6950    8.6715    8.6441    8.6128    8.5775
    8.5383    8.4952    8.4482    8.3973    8.3425
    8.2837    8.2210    8.1544    8.0839    8.0095
    7.9311    7.8489    7.7627    7.6726    7.5786
    7.4806    7.3788    7.2730    7.1633    7.0497
    6.9322

     0     1


 ROT OUTPUT  FORMAT:   1   0   0
 EJAY,EJAYF
    0.0000    0.5996    0.6218    0.6551    0.6995
    0.7551    0.8217    0.8994    0.9883    1.0882
    1.1993    1.3215    1.4548    1.5991    1.7546
    1.9212    2.0989    2.2877    2.4877    2.6987
    2.9208    3.1541    3.3984    3.6538    3.9204
    4.1981    4.4868    4.7867    5.0977    5.4198
    5.7530

     0     1

   10.0017   10.0085   10.0221   10.0426   10.0698
   10.1038   10.1447   10.1923   10.2468   10.3081
   10.3761   10.4510   10.5327   10.6212   10.7165
   10.8186   10.9275   11.0432   11.1658   11.2951
   11.4313   11.5742   11.7240   11.8805   12.0439
   12.2141   12.3911   12.5749   12.7655   12.9629
   13.1671

     0     1

 BARRIER
   10.0017    9.4090    9.4004    9.3875    9.3703
    9.3488    9.3230    9.2929    9.2585    9.2198
    9.1768    9.1295    9.0779    9.0220    8.9619
    8.8974    8.8286    8.7555    8.6781    8.5964
    8.5104    8.4202    8.3256    8.2267    8.1235
    8.0160    7.9042    7.7882    7.6678    7.5431
    7.4141

     0     1

 ROT OUTPUT  YRSMO,YRSMOF
    0.0000    0.0108    0.0324    0.0647    0.1079
    0.1619    0.2266    0.3021    0.3885    0.4856
    0.5935    0.7122    0.8417    0.9819    1.1330
    1.2949    1.4675    1.6510    1.8452    2.0502
    2.2660    2.4926    2.7300    2.9782    3.2372
    3.5069    3.7875    4.0788    4.3810    4.6939
    5.0176

     0     1

    8.7215    8.7284    8.7420    8.7624    8.7896
    8.8237    8.8645    8.9121    8.9666    9.0279
    9.0959    9.1708    9.2525    9.3410    9.4363
    9.5384    9.6473    9.7631    9.8856   10.0149
   10.1511   10.2940   10.4438   10.6004   10.7637
   10.9339   11.1109   11.2947   11.4853   11.6827
   11.8869

     0     1

 BARRIER
    8.7215    8.7176    8.7096    8.6976    8.6817
    8.6618    8.6379    8.6100    8.5781    8.5423
    8.5025    8.4586    8.4108    8.3591    8.3033
    8.2436    8.1798    8.1121    8.0404    7.9647
    7.8851    7.8014    7.7138    7.6222    7.5266
    7.4270    7.3234    7.2159    7.1043    6.9888
    6.8693

     0     1


 ROT OUTPUT  FORMAT:   1   0   0
 EJAY,EJAYF
    0.0000    2.0029    2.0253    2.0588    2.1035
    2.1593    2.2264    2.3046    2.3939    2.4945
    2.6062    2.7291    2.8631    3.0084    3.1648
    3.3323    3.5111    3.7010    3.9021    4.1143
    4.3377    4.5723    4.8181    5.0750    5.3432
    5.6224    5.9129    6.2145    6.5273    6.8513
    7.1864

     0     1

   13.1824   13.1891   13.2025   13.2226   13.2495
   13.2830   13.3233   13.3703   13.4239   13.4843
   13.5514   13.6253   13.7058   13.7930   13.8869
   13.9876   14.0950   14.2090   14.3298   14.4573
   14.5915   14.7324   14.8800   15.0344   15.1954
   15.3632   15.5376   15.7188   15.9067   16.1013
   16.3026

     0     1

 BARRIER
   13.1824   11.1862   11.1772   11.1638   11.1460
   11.1237   11.0969   11.0657   11.0300   10.9899
   10.9452   10.8962   10.8426   10.7846   10.7222
   10.6553   10.5839   10.5081   10.4278   10.3430
   10.2538   10.1601   10.0619    9.9593    9.8523
    9.7407    9.6247    9.5043    9.3794    9.2500
    9.1162

     0     1

 ROT OUTPUT  YRSMO,YRSMOF
    0.0000    0.0104    0.0313    0.0626    0.1043
    0.1565    0.2190    0.2920    0.3755    0.4694
    0.5737    0.6884    0.8135    0.9491    1.0952
    1.2516    1.4185    1.5958    1.7835    1.9817
    2.1903    2.4094    2.6388    2.8787    3.1290
    3.3898    3.6610    3.9426    4.2346    4.5371
    4.8500

     0     1

    9.3314    9.3381    9.3515    9.3717    9.3985
    9.4321    9.4723    9.5193    9.5730    9.6334
    9.7005    9.7743    9.8548    9.9420   10.0360
   10.1366   10.2440   10.3581   10.4788   10.6063
   10.7405   10.8814   11.0291   11.1834   11.3444
   11.5122   11.6867   11.8678   12.0557   12.2503
   12.4516

     0     1

 BARRIER
    9.3314    9.3277    9.3202    9.3091    9.2942
    9.2756    9.2533    9.2272    9.1975    9.1640
    9.1268    9.0859    9.0412    8.9929    8.9408
    8.8850    8.8255    8.7622    8.6953    8.6246
    8.5502    8.4721    8.3902    8.3047    8.2154
    8.1224    8.0257    7.9252    7.8211    7.7132
    7.6016

     0     1


 ROT OUTPUT  FORMAT:   1   0   0
 EJAY,EJAYF
    0.0000    1.5388    1.5610    1.5944    1.6388
    1.6944    1.7610    1.8388    1.9277    2.0277
    2.1388    2.2610    2.3943    2.5387    2.6942
    2.8609    3.0387    3.2275    3.4275    3.6386
    3.8608    4.0941    4.3385    4.5940    4.8607
    5.1384    5.4273    5.7272    6.0383    6.3605
    6.6938

     0     1

   12.2955   12.3022   12.3157   12.3360   12.3630
   12.3967   12.4372   12.4844   12.5384   12.5992
   12.6666   12.7409   12.8218   12.9096   13.0040
   13.1052   13.2132   13.3279   13.4494   13.5776
   13.7125   13.8543   14.0027   14.1579   14.3199
   14.4885   14.6640   14.8462   15.0351   15.2308
   15.4332

     0     1

 BARRIER
   12.2955   10.7634   10.7547   10.7416   10.7242
   10.7024   10.6762   10.6457   10.6108   10.5715
   10.5279   10.4799   10.4276   10.3708   10.3098
   10.2443   10.1746   10.1004   10.0219    9.9390
    9.8518    9.7602    9.6642    9.5639    9.4592
    9.3501    9.2367    9.1189    8.9968    8.8703
    8.7394

     0     1

 ROT OUTPUT  YRSMO,YRSMOF
    0.0000    0.0105    0.0316    0.0631    0.1052
    0.1578    0.2209    0.2946    0.3787    0.4734
    0.5786    0.6943    0.8205    0.9573    1.1046
    1.2624    1.4307    1.6095    1.7989    1.9988
    2.2091    2.4301    2.6615    2.9035    3.1559
    3.4189    3.6924    3.9765    4.2710    4.5761
    4.8917

     0     1

    9.3110    9.3178    9.3313    9.3515    9.3785
    9.4122    9.4527    9.5000    9.5540    9.6147
    9.6822    9.7564    9.8374    9.9251   10.0196
   10.1208   10.2287   10.3435   10.4649   10.5931
   10.7281   10.8698   11.0182   11.1734   11.3354
   11.5041   11.6795   11.8617   12.0507   12.2463
   12.4488

     0     1

 BARRIER
    9.3110    9.3073    9.2997    9.2884    9.2733
    9.2545    9.2318    9.2054    9.1752    9.1413
    9.1036    9.0621    9.0168    8.9678    8.9150
    8.8584    8.7981    8.7339    8.6660    8.5944
    8.5189    8.4397    8.3567    8.2700    8.1795
    8.0852    7.9871    7.8852    7.7796    7.6703
    7.5571

     0     1


 ROT OUTPUT  FORMAT:   1   0   0
 EJAY,EJAYF
    0.0000    1.4319    1.4543    1.4878    1.5326
    1.5885    1.6555    1.7338    1.8232    1.9239
    2.0357    2.1586    2.2928    2.4381    2.5947
    2.7624    2.9412    3.1313    3.3325    3.5450
    3.7686    4.0033    4.2493    4.5064    4.7748
    5.0543    5.3449    5.6468    5.9599    6.2841
    6.6195

     0     1

   12.0819   12.0887   12.1023   12.1226   12.1498
   12.1837   12.2245   12.2720   12.3263   12.3874
   12.4553   12.5300   12.6115   12.6997   12.7948
   12.8966   13.0052   13.1206   13.2428   13.3718
   13.5076   13.6502   13.7995   13.9557   14.1186
   14.2884   14.4649   14.6482   14.8383   15.0352
   15.2388

     0     1

 BARRIER
   12.0819   10.6568   10.6480   10.6348   10.6172
   10.5953   10.5689   10.5382   10.5031   10.4636
   10.4196   10.3713   10.3187   10.2616   10.2001
   10.1342   10.0640    9.9893    9.9103    9.8269
    9.7391    9.6468    9.5502    9.4493    9.3439
    9.2341    9.1199    9.0014    8.8784    8.7511
    8.6194

     0     1

 ROT OUTPUT  YRSMO,YRSMOF
    0.0000    0.0106    0.0318    0.0637    0.1061
    0.1592    0.2228    0.2971    0.3820    0.4775
    0.5836    0.7003    0.8276    0.9656    1.1141
    1.2733    1.4430    1.6234    1.8144    2.0160
    2.2282    2.4511    2.6845    2.9285    3.1832
    3.4484    3.7243    4.0108    4.3079    4.6156
    4.9339

     0     1

    9.2785    9.2853    9.2989    9.3193    9.3464
    9.3804    9.4211    9.4686    9.5229    9.5840
    9.6519    9.7266    9.8081    9.8963    9.9914
   10.0932   10.2019   10.3173   10.4395   10.5685
   10.7042   10.8468   10.9962   11.1523   11.3153
   11.4850   11.6615   11.8448   12.0349   12.2318
   12.4355

     0     1

 BARRIER
    9.2785    9.2747    9.2671    9.2556    9.2403
    9.2212    9.1983    9.1715    9.1410    9.1066
    9.0683    9.0263    8.9805    8.9308    8.8773
    8.8200    8.7588    8.6938    8.6251    8.5525
    8.4760    8.3958    8.3117    8.2238    8.1321
    8.0366    7.9372    7.8340    7.7270    7.6162
    7.5015

     0     1


 ROT OUTPUT  FORMAT:   1   0   0
 EJAY,EJAYF
    0.0000    0.9954    1.0176    1.0510    1.0954
    1.1510    1.2176    1.2954    1.3843    1.4843
    1.5954    1.7177    1.8510    1.9955    2.1511
    2.3177    2.4955    2.6844    2.8844    3.0956
    3.3178    3.5512    3.7956    4.0512    4.3179
    4.5957    4.8846    5.1846    5.4958    5.8180
    6.1514

     0     1

   11.1968   11.2036   11.2173   11.2378   11.2651
   11.2993   11.3403   11.3881   11.4428   11.5043
   11.5726   11.6478   11.7298   11.8186   11.9143
   12.0168   12.1261   12.2423   12.3653   12.4952
   12.6318   12.7753   12.9257   13.0828   13.2468
   13.4177   13.5953   13.7798   13.9712   14.1693
   14.3743

     0     1

 BARRIER
   11.1968   10.2082   10.1997   10.1868   10.1697
   10.1483   10.1227   10.0927   10.0585   10.0200
    9.9772    9.9301    9.8788    9.8232    9.7633
    9.6991    9.6306    9.5579    9.4809    9.3996
    9.3140    9.2242    9.1300    9.0316    8.9289
    8.8220    8.7107    8.5952    8.4754    8.3513
    8.2230

     0     1

 ROT OUTPUT  YRSMO,YRSMOF
    0.0000    0.0107    0.0321    0.0642    0.1070
    0.1605    0.2248    0.2997    0.3853    0.4816
    0.5886    0.7064    0.8348    0.9739    1.1238
    1.2843    1.4556    1.6375    1.8302    2.0335
    2.2476    2.4723    2.7078    2.9539    3.2108
    3.4784    3.7567    4.0456    4.3453    4.6557
    4.9768

     0     1

    9.2355    9.2424    9.2560    9.2765    9.3039
    9.3380    9.3790    9.4269    9.4815    9.5430
    9.6114    9.6865    9.7685    9.8574    9.9531
   10.0556   10.1649   10.2811   10.4041   10.5339
   10.6706   10.8141   10.9644   11.1216   11.2856
   11.4564   11.6341   11.8186   12.0099   12.2081
   12.4131

     0     1

 BARRIER
    9.2355    9.2317    9.2239    9.2123    9.1969
    9.1775    9.1543    9.1272    9.0962    9.0614
    9.0227    8.9802    8.9337    8.8834    8.8293
    8.7712    8.7093    8.6435    8.5739    8.5004
    8.4230    8.3417    8.2566    8.1676    8.0748
    7.9780    7.8774    7.7729    7.6646    7.5524
    7.4363

     0     1


 ROT OUTPUT  FORMAT:   1   0   0
 EJAY,EJAYF
    0.0000    0.9662    0.9886    1.0222    1.0671
    1.1231    1.1904    1.2688    1.3585    1.4593
    1.5714    1.6947    1.8292    1.9749    2.1318
    2.2999    2.4793    2.6698    2.8716    3.0845
    3.3087    3.5440    3.7906    4.0484    4.3174
    4.5976    4.8890    5.1916    5.5054    5.8305
    6.1667

     0     1

   11.1012   11.1081   11.1218   11.1425   11.1700
   11.2044   11.2457   11.2939   11.3489   11.4109
   11.4797   11.5554   11.6379   11.7274   11.8237
   11.9270   12.0371   12.1541   12.2779   12.4087
   12.5463   12.6908   12.8422   13.0005   13.1656
   13.3377   13.5166   13.7024   13.8951   14.0946
   14.3011

     0     1

 BARRIER
   11.1012   10.1419   10.1332   10.1202   10.1029
   10.0813   10.0554   10.0251    9.9905    9.9515
    9.9082    9.8607    9.8087    9.7525    9.6919
    9.6270    9.5578    9.4842    9.4064    9.3242
    9.2376    9.1468    9.0516    8.9521    8.8482
    8.7401    8.6276    8.5108    8.3896    8.2642
    8.1344

     0     1

 ROT OUTPUT  YRSMO,YRSMOF
    0.0000    0.0108    0.0324    0.0648    0.1080
    0.1619    0.2267    0.3023    0.3887    0.4858
    0.5938    0.7125    0.8421    0.9824    1.1336
    1.2955    1.4683    1.6518    1.8461    2.0513
    2.2672    2.4939    2.7314    2.9797    3.2388
    3.5087    3.7894    4.0809    4.3832    4.6963
    5.0202

     0     1

    9.1803    9.1872    9.2010    9.2216    9.2491
    9.2835    9.3248    9.3730    9.4281    9.4900
    9.5588    9.6345    9.7171    9.8065    9.9029
   10.0061   10.1162   10.2332   10.3570   10.4878
   10.6254   10.7699   10.9213   11.0796   11.2448
   11.4168   11.5957   11.7815   11.9742   12.1737
   12.3802

     0     1

 BARRIER
    9.1803    9.1764    9.1686    9.1568    9.1412
    9.1216    9.0981    9.0707    9.0394    9.0042
    8.9650    8.9220    8.8750    8.8241    8.7693
    8.7106    8.6479    8.5814    8.5109    8.4365
    8.3582    8.2760    8.1899    8.0999    8.0059
    7.9081    7.8063    7.7006    7.5910    7.4774
    7.3600

     0     1


 ROT OUTPUT  FORMAT:   1   0   0
 EJAY,EJAYF
    0.0000    0.5872    0.6095    0.6429    0.6875
    0.7433    0.8102    0.8882    0.9774    1.0778
    1.1893    1.3119    1.4457    1.5906    1.7467
    1.9140    2.0924    2.2819    2.4826    2.6945
    2.9175    3.1516    3.3969    3.6534    3.9209
    4.1997    4.4896    4.7906    5.1028    5.4262
    5.7607

     0     1

   10.3109   10.3178   10.3317   10.3524   10.3801
   10.4147   10.4563   10.5047   10.5601   10.6224
   10.6916   10.7678   10.8508   10.9408   11.0377
   11.1416   11.2523   11.3700   11.4946   11.6261
   11.7646   11.9099   12.0622   12.2214   12.3875
   12.5606   12.7406   12.9275   13.1213   13.3220
   13.5297

     0     1

 BARRIER
   10.3109    9.7307    9.7222    9.7095    9.6926
    9.6715    9.6461    9.6165    9.5827    9.5446
    9.5024    9.4559    9.4051    9.3502    9.2910
    9.2276    9.1599    9.0881    9.0120    8.9316
    8.8471    8.7583    8.6653    8.5681    8.4666
    8.3609    8.2510    8.1368    8.0185    7.8959
    7.7690

     0     1

 ROT OUTPUT  YRSMO,YRSMOF
    0.0000    0.0109    0.0327    0.0653    0.1089
    0.1634    0.2287    0.3049    0.3921    0.4901
    0.5990    0.7188    0.8495    0.9911    1.1435
    1.3069    1.4811    1.6663    1.8623    2.0692
    2.2871    2.5158    2.7554    3.0058    3.2672
    3.5395    3.8227    4.1167    4.4216    4.7375
    5.0642

     0     1

    9.1384    9.1453    9.1592    9.1800    9.2076
    9.2423    9.2838    9.3322    9.3876    9.4499
    9.5191    9.5953    9.6783    9.7683    9.8652
    9.9691   10.0798   10.1975   10.3221   10.4536
   10.5921   10.7374   10.8897   11.0489   11.2151
   11.3881   11.5681   11.7550   11.9488   12.1496
   12.3572

     0     1

 BARRIER
    9.1384    9.1344    9.1265    9.1146    9.0987
    9.0789    9.0551    9.0273    8.9955    8.9598
    8.9201    8.8765    8.8289    8.7773    8.7217
    8.6622    8.5987    8.5312    8.4598    8.3844
    8.3050    8.2217    8.1344    8.0431    7.9478
    7.8486    7.7454    7.6383    7.5272    7.4121
    7.2930

     0     1


 ROT OUTPUT  FORMAT:   1   0   0
 EJAY,EJAYF
    0.0000    0.5782    0.6007    0.6345    0.6795
    0.7358    0.8033    0.8821    0.9721    1.0734
    1.1859    1.3097    1.4448    1.5911    1.7487
    1.9175    2.0976    2.2889    2.4915    2.7053
    2.9304    3.1668    3.4144    3.6732    3.9433
    4.2247    4.5173    4.8212    5.1363    5.4627
    5.8003

     0     1

   10.2900   10.2969   10.3108   10.3317   10.3595
   10.3942   10.4359   10.4846   10.5402   10.6028
   10.6723   10.7488   10.8322   10.9226   11.0199
   11.1242   11.2354   11.3536   11.4787   11.6108
   11.7498   11.8958   12.0487   12.2086   12.3754
   12.5492   12.7300   12.9177   13.1123   13.3139
   13.5225

     0     1

 BARRIER
   10.2900    9.7187    9.7101    9.6972    9.6800
    9.6585    9.6327    9.6025    9.5681    9.5294
    9.4864    9.4390    9.3874    9.3314    9.2712
    9.2067    9.1378    9.0647    8.9872    8.9055
    8.8194    8.7290    8.6344    8.5354    8.4321
    8.3246    8.2127    8.0965    7.9760    7.8512
    7.7221

     0     1

 ROT OUTPUT  YRSMO,YRSMOF
    0.0000    0.0110    0.0330    0.0659    0.1099
    0.1648    0.2307    0.3076    0.3955    0.4944
    0.6043    0.7251    0.8570    0.9998    1.1536
    1.3184    1.4942    1.6810    1.8787    2.0875
    2.3072    2.5379    2.7796    3.0323    3.2960
    3.5707    3.8563    4.1530    4.4606    4.7792
    5.1088

     0     1

    9.1178    9.1248    9.1387    9.1595    9.1873
    9.2221    9.2638    9.3124    9.3681    9.4306
    9.5001    9.5766    9.6600    9.7504    9.8477
    9.9520   10.0632   10.1814   10.3065   10.4386
   10.5776   10.7236   10.8766   11.0364   11.2033
   11.3771   11.5578   11.7455   11.9402   12.1418
   12.3503

     0     1

 BARRIER
    9.1178    9.1138    9.1057    9.0936    9.0775
    9.0573    9.0331    9.0048    8.9725    8.9362
    8.8959    8.8515    8.8031    8.7506    8.6941
    8.6336    8.5690    8.5004    8.4278    8.3511
    8.2704    8.1857    8.0969    8.0041    7.9073
    7.8064    7.7015    7.5925    7.4795    7.3625
    7.2415

     0     1


 ROT OUTPUT  FORMAT:   1   0   0
 EJAY,EJAYF
    0.0000    0.5004    0.5230    0.5570    0.6023
    0.6589    0.7269    0.8062    0.8968    0.9987
    1.1120    1.2366    1.3725    1.5198    1.6784
    1.8483    2.0295    2.2221    2.4259    2.6411
    2.8677    3.1056    3.3547    3.6153    3.8871
    4.1703    4.4648    4.7706    5.0878    5.4162
    5.7561

     0     1

   10.1135   10.1205   10.1345   10.1554   10.1834
   10.2183   10.2602   10.3091   10.3649   10.4278
   10.4976   10.5744   10.6582   10.7490   10.8468
   10.9515   11.0633   11.1820   11.3077   11.4404
   11.5800   11.7267   11.8803   12.0409   12.2085
   12.3831   12.5647   12.7532   12.9488   13.1513
   13.3608

     0     1

 BARRIER
   10.1135    9.6202    9.6115    9.5984    9.5811
    9.5593    9.5333    9.5029    9.4681    9.4290
    9.3856    9.3378    9.2857    9.2292    9.1684
    9.1033    9.0338    8.9599    8.8818    8.7992
    8.7124    8.6211    8.5256    8.4257    8.3214
    8.2128    8.0999    7.9826    7.8610    7.7351
    7.6048

     0     1

 ROT OUTPUT  YRSMO,YRSMOF
    0.0000    0.0111    0.0333    0.0665    0.1108
    0.1663    0.2328    0.3104    0.3990    0.4988
    0.6096    0.7315    0.8646    1.0086    1.1638
    1.3301    1.5074    1.6959    1.8954    2.1060
    2.3277    2.5604    2.8043    3.0592    3.3252
    3.6023    3.8905    4.1898    4.5001    4.8216
    5.1541

     0     1

    9.0864    9.0933    9.1073    9.1283    9.1562
    9.1911    9.2330    9.2819    9.3378    9.4006
    9.4704    9.5473    9.6311    9.7219    9.8196
    9.9244   10.0361   10.1548   10.2805   10.4132
   10.5529   10.6995   10.8532   11.0138   11.1814
   11.3560   11.5375   11.7261   11.9216   12.1241
   12.3336

     0     1

 BARRIER
    9.0864    9.0823    9.0741    9.0618    9.0454
    9.0249    9.0002    8.9715    8.9387    8.9018
    8.8608    8.8157    8.7665    8.7132    8.6558
    8.5943    8.5287    8.4590    8.3851    8.3072
    8.2252    8.1391    8.0489    7.9546    7.8562
    7.7536    7.6470    7.5363    7.4215    7.3026
    7.1795

     0     1


 ROT OUTPUT  FORMAT:   1   0   0
 EJAY,EJAYF
    0.0000    2.0381    2.0615    2.0965    2.1432
    2.2016    2.2717    2.3534    2.4468    2.5519
    2.6687    2.7972    2.9373    3.0891    3.2526
    3.4278    3.6146    3.8132    4.0234    4.2453
    4.4788    4.7241    4.9810    5.2496    5.5298
    5.8218    6.1254    6.4407    6.7677    7.1064
    7.4567

     0     1

   12.8893   12.8956   12.9082   12.9270   12.9521
   12.9835   13.0212   13.0652   13.1154   13.1720
   13.2348   13.3039   13.3792   13.4609   13.5488
   13.6430   13.7435   13.8503   13.9634   14.0827
   14.2083   14.3402   14.4784   14.6229   14.7736
   14.9306   15.0939   15.2635   15.4394   15.6215
   15.8100

     0     1

 BARRIER
   12.8893   10.8575   10.8467   10.8305   10.8089
   10.7819   10.7496   10.7118   10.6686   10.6200
   10.5661   10.5067   10.4419   10.3718   10.2962
   10.2152   10.1289   10.0371    9.9400    9.8374
    9.7295    9.6162    9.4974    9.3733    9.2438
    9.1088    8.9685    8.8228    8.6717    8.5151
    8.3532

     0     1

 ROT OUTPUT  YRSMO,YRSMOF
    0.0000    0.0101    0.0302    0.0604    0.1006
    0.1509    0.2113    0.2817    0.3622    0.4528
    0.5534    0.6641    0.7848    0.9156    1.0565
    1.2074    1.3684    1.5395    1.7206    1.9118
    2.1130    2.3243    2.5456    2.7771    3.0186
    3.2701    3.5317    3.8034    4.0851    4.3769
    4.6788

     0     1

    7.6099    7.6162    7.6288    7.6476    7.6727
    7.7041    7.7418    7.7858    7.8360    7.8926
    7.9554    8.0245    8.0998    8.1815    8.2694
    8.3636    8.4641    8.5709    8.6840    8.8033
    8.9289    9.0608    9.1990    9.3435    9.4942
    9.6512    9.8145    9.9841   10.1600   10.3421
   10.5306

     0     1

 BARRIER
    7.6099    7.6061    7.5986    7.5872    7.5721
    7.5532    7.5305    7.5041    7.4738    7.4398
    7.4020    7.3604    7.3150    7.2659    7.2129
    7.1562    7.0957    7.0314    6.9634    6.8916
    6.8159    6.7365    6.6534    6.5664    6.4756
    6.3811    6.2828    6.1807    6.0749    5.9652
    5.8518

     0     1


 ROT OUTPUT  FORMAT:   1   0   0
 EJAY,EJAYF
    0.0000    1.6426    1.6656    1.7002    1.7462
    1.8038    1.8728    1.9534    2.0455    2.1491
    2.2642    2.3909    2.5290    2.6787    2.8398
    3.0125    3.1967    3.3924    3.5996    3.8183
    4.0485    4.2903    4.5435    4.8083    5.0846
    5.3724    5.6717    5.9825    6.3048    6.6387
    6.9840

     0     1

   11.9054   11.9117   11.9243   11.9433   11.9686
   12.0002   12.0381   12.0823   12.1328   12.1897
   12.2529   12.3223   12.3982   12.4803   12.5687
   12.6635   12.7646   12.8720   12.9857   13.1057
   13.2320   13.3647   13.5037   13.6490   13.8006
   13.9586   14.1228   14.2934   14.4703   14.6535
   14.8430

     0     1

 BARRIER
   11.9054   10.2691   10.2587   10.2431   10.2224
   10.1964   10.1652   10.1289   10.0873   10.0406
    9.9886    9.9315    9.8692    9.8016    9.7289
    9.6510    9.5679    9.4796    9.3861    9.2874
    9.1835    9.0744    8.9602    8.8407    8.7160
    8.5862    8.4511    8.3109    8.1654    8.0148
    7.8590

     0     1

 ROT OUTPUT  YRSMO,YRSMOF
    0.0000    0.0101    0.0304    0.0609    0.1015
    0.1522    0.2131    0.2841    0.3652    0.4566
    0.5580    0.6696    0.7914    0.9233    1.0653
    1.2175    1.3798    1.5523    1.7349    1.9277
    2.1306    2.3437    2.5669    2.8002    3.0437
    3.2974    3.5612    3.8351    4.1192    4.4134
    4.7178

     0     1

    7.5725    7.5788    7.5914    7.6104    7.6357
    7.6672    7.7051    7.7494    7.7999    7.8568
    7.9199    7.9894    8.0652    8.1474    8.2358
    8.3306    8.4316    8.5390    8.6528    8.7728
    8.8991    9.0318    9.1708    9.3161    9.4677
    9.6256    9.7899    9.9605   10.1373   10.3206
   10.5101

     0     1

 BARRIER
    7.5725    7.5687    7.5610    7.5495    7.5342
    7.5151    7.4921    7.4653    7.4347    7.4002
    7.3619    7.3198    7.2739    7.2241    7.1705
    7.1131    7.0518    6.9867    6.9178    6.8451
    6.7685    6.6881    6.6039    6.5159    6.4240
    6.3283    6.2287    6.1254    6.0182    5.9072
    5.7923

     0     1


 ROT OUTPUT  FORMAT:   1   0   0
 EJAY,EJAYF
    0.0000    1.5016    1.5247    1.5593    1.6055
    1.6632    1.7324    1.8132    1.9055    2.0094
    2.1248    2.2517    2.3902    2.5402    2.7018
    2.8749    3.0595    3.2557    3.4634    3.6827
    3.9135    4.1558    4.4097    4.6751    4.9521
    5.2406    5.5406    5.8522    6.1753    6.5100
    6.8562

     0     1

   11.5572   11.5636   11.5763   11.5954   11.6208
   11.6526   11.6907   11.7352   11.7861   11.8433
   11.9069   11.9768   12.0531   12.1358   12.2248
   12.3202   12.4219   12.5300   12.6444   12.7653
   12.8924   13.0259   13.1658   13.3121   13.4647
   13.6236   13.7889   13.9606   14.1386   14.3230
   14.5138

     0     1

 BARRIER
   11.5572   10.0619   10.0516   10.0360   10.0153
    9.9894    9.9583    9.9220    9.8806    9.8339
    9.7821    9.7251    9.6629    9.5956    9.5230
    9.4453    9.3624    9.2743    9.1810    9.0826
    8.9789    8.8701    8.7561    8.6369    8.5126
    8.3830    8.2483    8.1084    7.9633    7.8130
    7.6575

     0     1

 ROT OUTPUT  YRSMO,YRSMOF
    0.0000    0.0102    0.0307    0.0614    0.1023
    0.1535    0.2148    0.2865    0.3683    0.4604
    0.5627    0.6752    0.7980    0.9310    1.0742
    1.2277    1.3914    1.5653    1.7494    1.9438
    2.1484    2.3633    2.5884    2.8237    3.0692
    3.3250    3.5910    3.8672    4.1537    4.4504
    4.7573

     0     1

    7.5234    7.5297    7.5425    7.5615    7.5870
    7.6188    7.6569    7.7014    7.7523    7.8095
    7.8731    7.9430    8.0193    8.1020    8.1910
    8.2864    8.3881    8.4962    8.6106    8.7314
    8.8586    8.9921    9.1320    9.2782    9.4308
    9.5898    9.7551    9.9268   10.1048   10.2892
   10.4799

     0     1

 BARRIER
    7.5234    7.5195    7.5118    7.5001    7.4847
    7.4653    7.4421    7.4149    7.3840    7.3491
    7.3104    7.2678    7.2213    7.1710    7.1168
    7.0587    6.9967    6.9309    6.8612    6.7876
    6.7101    6.6288    6.5436    6.4546    6.3616
    6.2648    6.1641    6.0596    5.9511    5.8388
    5.7227

     0     1


 ROT OUTPUT  FORMAT:   1   0   0
 EJAY,EJAYF
    0.0000    1.1344    1.1571    1.1912    1.2366
    1.2934    1.3616    1.4411    1.5320    1.6342
    1.7478    1.8728    2.0091    2.1568    2.3159
    2.4863    2.6680    2.8612    3.0657    3.2815
    3.5087    3.7473    3.9972    4.2585    4.5312
    4.8152    5.1105    5.4173    5.7354    6.0648
    6.4056

     0     1

   10.5992   10.6056   10.6184   10.6376   10.6631
   10.6951   10.7334   10.7782   10.8293   10.8868
   10.9507   11.0210   11.0977   11.1808   11.2703
   11.3661   11.4684   11.5770   11.6921   11.8135
   11.9413   12.0756   12.2162   12.3632   12.5165
   12.6763   12.8425   13.0151   13.1940   13.3794
   13.5711

     0     1

 BARRIER
   10.5992    9.4712    9.4613    9.4464    9.4265
    9.4017    9.3718    9.3370    9.2973    9.2526
    9.2029    9.1482    9.0886    9.0240    8.9544
    8.8799    8.8004    8.7159    8.6264    8.5320
    8.4326    8.3283    8.2189    8.1046    7.9854
    7.8611    7.7319    7.5978    7.4586    7.3145
    7.1654

     0     1

 ROT OUTPUT  YRSMO,YRSMOF
    0.0000    0.0103    0.0310    0.0619    0.1032
    0.1548    0.2167    0.2889    0.3714    0.4643
    0.5674    0.6809    0.8047    0.9388    1.0833
    1.2380    1.4031    1.5785    1.7642    1.9602
    2.1665    2.3832    2.6101    2.8474    3.0950
    3.3530    3.6212    3.8997    4.1886    4.4878
    4.7973

     0     1

    7.4859    7.4923    7.5051    7.5242    7.5498
    7.5818    7.6201    7.6648    7.7160    7.7735
    7.8374    7.9077    7.9844    8.0675    8.1570
    8.2528    8.3551    8.4637    8.5788    8.7002
    8.8280    8.9622    9.1029    9.2498    9.4032
    9.5630    9.7292    9.9017   10.0807   10.2660
   10.4578

     0     1

 BARRIER
    7.4859    7.4820    7.4741    7.4623    7.4466
    7.4270    7.4035    7.3760    7.3446    7.3092
    7.2700    7.2268    7.1797    7.1287    7.0737
    7.0148    6.9520    6.8853    6.8146    6.7400
    6.6615    6.5791    6.4927    6.4024    6.3082
    6.2101    6.1080    6.0020    5.8921    5.7782
    5.6605

     0     1


 ROT OUTPUT  FORMAT:   1   0   0
 EJAY,EJAYF
    0.0000    1.0439    1.0667    1.1010    1.1467
    1.2038    1.2723    1.3523    1.4437    1.5465
    1.6607    1.7863    1.9234    2.0719    2.2318
    2.4031    2.5859    2.7800    2.9856    3.2027
    3.4311    3.6710    3.9223    4.1850    4.4591
    4.7446    5.0416    5.3500    5.6698    6.0011
    6.3437

     0     1

   10.3821   10.3886   10.4014   10.4207   10.4464
   10.4785   10.5170   10.5620   10.6134   10.6712
   10.7354   10.8061   10.8832   10.9667   11.0566
   11.1530   11.2557   11.3649   11.4806   11.6026
   11.7311   11.8660   12.0073   12.1550   12.3092
   12.4698   12.6368   12.8102   12.9901   13.1764
   13.3691

     0     1

 BARRIER
   10.3821    9.3447    9.3347    9.3197    9.2997
    9.2747    9.2447    9.2097    9.1697    9.1247
    9.0748    9.0198    8.9598    8.8948    8.8248
    8.7498    8.6699    8.5849    8.4949    8.4000
    8.3000    8.1950    8.0850    7.9701    7.8501
    7.7252    7.5952    7.4602    7.3203    7.1753
    7.0254

     0     1

 ROT OUTPUT  YRSMO,YRSMOF
    0.0000    0.0104    0.0312    0.0624    0.1040
    0.1561    0.2185    0.2913    0.3745    0.4682
    0.5722    0.6867    0.8115    0.9468    1.0924
    1.2485    1.4149    1.5918    1.7791    1.9768
    2.1848    2.4033    2.6322    2.8715    3.1212
    3.3813    3.6518    3.9327    4.2240    4.5257
    4.8379

     0     1

    7.4453    7.4517    7.4646    7.4838    7.5095
    7.5417    7.5802    7.6252    7.6765    7.7344
    7.7986    7.8693    7.9463    8.0298    8.1198
    8.2161    8.3189    8.4281    8.5437    8.6658
    8.7942    8.9291    9.0705    9.2182    9.3724
    9.5330    9.7000    9.8734   10.0533   10.2396
   10.4323

     0     1

 BARRIER
    7.4453    7.4413    7.4334    7.4214    7.4055
    7.3856    7.3617    7.3338    7.3020    7.2662
    7.2264    7.1826    7.1348    7.0831    7.0274
    6.9676    6.9040    6.8363    6.7646    6.6890
    6.6094    6.5258    6.4383    6.3467    6.2512
    6.1517    6.0482    5.9407    5.8293    5.7138
    5.5944

     0     1


 ROT OUTPUT  FORMAT:   1   0   0
 EJAY,EJAYF
    0.0000    0.7127    0.7352    0.7689    0.8138
    0.8700    0.9374    1.0160    1.1059    1.2070
    1.3193    1.4429    1.5777    1.7238    1.8811
    2.0496    2.2293    2.4203    2.6225    2.8360
    3.0607    3.2966    3.5437    3.8021    4.0717
    4.3526    4.6447    4.9480    5.2626    5.5884
    5.9254

     0     1

    9.4818    9.4883    9.5011    9.5205    9.5463
    9.5785    9.6172    9.6623    9.7138    9.7718
    9.8363    9.9072    9.9845   10.0683   10.1586
   10.2552   10.3584   10.4679   10.5839   10.7064
   10.8353   10.9707   11.1125   11.2607   11.4154
   11.5765   11.7441   11.9181   12.0986   12.2855
   12.4788

     0     1

 BARRIER
    9.4818    8.7756    8.7660    8.7516    8.7325
    8.7085    8.6798    8.6463    8.6079    8.5648
    8.5170    8.4643    8.4068    8.3445    8.2775
    8.2057    8.1290    8.0476    7.9614    7.8704
    7.7746    7.6741    7.5687    7.4586    7.3436
    7.2239    7.0994    6.9701    6.8360    6.6971
    6.5534

     0     1

 ROT OUTPUT  YRSMO,YRSMOF
    0.0000    0.0105    0.0315    0.0630    0.1049
    0.1574    0.2203    0.2938    0.3777    0.4722
    0.5771    0.6925    0.8184    0.9548    1.1017
    1.2591    1.4270    1.6053    1.7942    1.9935
    2.2034    2.4237    2.6546    2.8959    3.1477
    3.4100    3.6828    3.9661    4.2599    4.5642
    4.8789

     0     1

    7.4201    7.4265    7.4394    7.4587    7.4845
    7.5167    7.5554    7.6005    7.6521    7.7101
    7.7745    7.8454    7.9228    8.0066    8.0968
    8.1935    8.2966    8.4062    8.5222    8.6446
    8.7736    8.9089    9.0507    9.1989    9.3536
    9.5148    9.6823    9.8563   10.0368   10.2237
   10.4171

     0     1

 BARRIER
    7.4201    7.4160    7.4079    7.3958    7.3796
    7.3593    7.3351    7.3067    7.2744    7.2379
    7.1975    7.1529    7.1044    7.0518    6.9951
    6.9344    6.8696    6.8008    6.7280    6.6511
    6.5702    6.4852    6.3961    6.3030    6.2059
    6.1047    5.9995    5.8902    5.7769    5.6596
    5.5381

     0     1


 ROT OUTPUT  FORMAT:   1   0   0
 EJAY,EJAYF
    0.0000    2.0197    2.0425    2.0768    2.1225
    2.1796    2.2481    2.3281    2.4195    2.5223
    2.6365    2.7621    2.8992    3.0477    3.2076
    3.3789    3.5617    3.7558    3.9614    4.1785
    4.4069    4.6468    4.8981    5.1608    5.4349
    5.7204    6.0174    6.3258    6.6456    6.9769
    7.3195

     0     1

   12.7438   12.7502   12.7630   12.7822   12.8079
   12.8399   12.8783   12.9232   12.9745   13.0321
   13.0962   13.1667   13.2435   13.3268   13.4165
   13.5126   13.6152   13.7241   13.8394   13.9611
   14.0893   14.2238   14.3648   14.5121   14.6659
   14.8261   14.9927   15.1657   15.3451   15.5309
   15.7231

     0     1

 BARRIER
   12.7438   10.7305   10.7205   10.7054   10.6854
   10.6603   10.6302   10.5951   10.5550   10.5099
   10.4597   10.4045   10.3444   10.2792   10.2090
   10.1337   10.0535    9.9682    9.8780    9.7827
    9.6824    9.5771    9.4667    9.3514    9.2310
    9.1056    8.9753    8.8399    8.6994    8.5540
    8.4035

     0     1

 ROT OUTPUT  YRSMO,YRSMOF
    0.0000    0.0102    0.0305    0.0609    0.1015
    0.1523    0.2132    0.2843    0.3655    0.4569
    0.5584    0.6701    0.7920    0.9240    1.0661
    1.2184    1.3809    1.5535    1.7362    1.9292
    2.1322    2.3455    2.5688    2.8024    3.0460
    3.2999    3.5639    3.8380    4.1223    4.4168
    4.7214

     0     1

    8.0199    8.0263    8.0391    8.0583    8.0839
    8.1160    8.1544    8.1993    8.2505    8.3082
    8.3722    8.4427    8.5196    8.6029    8.6926
    8.7887    8.8912    9.0001    9.1155    9.2372
    9.3653    9.4999    9.6408    9.7882    9.9420
   10.1022   10.2687   10.4417   10.6211   10.8069
   10.9991

     0     1

 BARRIER
    8.0199    8.0161    8.0086    7.9974    7.9824
    7.9637    7.9412    7.9150    7.8850    7.8513
    7.8138    7.7726    7.7276    7.6789    7.6265
    7.5703    7.5103    7.4467    7.3792    7.3080
    7.2331    7.1544    7.0720    6.9858    6.8959
    6.8023    6.7049    6.6037    6.4988    6.3902
    6.2778

     0     1


 ROT OUTPUT  FORMAT:   1   0   0
 EJAY,EJAYF
    0.0000    1.7648    1.7876    1.8219    1.8676
    1.9247    1.9933    2.0733    2.1647    2.2675
    2.3818    2.5075    2.6446    2.7932    2.9531
    3.1245    3.3073    3.5016    3.7073    3.9244
    4.1529    4.3928    4.6442    4.9070    5.1813
    5.4669    5.7640    6.0725    6.3925    6.7238
    7.0666

     0     1

   12.2400   12.2464   12.2592   12.2785   12.3041
   12.3362   12.3747   12.4196   12.4709   12.5287
   12.5928   12.6634   12.7404   12.8238   12.9136
   13.0099   13.1125   13.2216   13.3371   13.4589
   13.5873   13.7220   13.8631   14.0107   14.1647
   14.3251   14.4919   14.6651   14.8447   15.0308
   15.2233

     0     1

 BARRIER
   12.2400   10.4816   10.4716   10.4566   10.4365
   10.4115   10.3814   10.3463   10.3062   10.2611
   10.2110   10.1559   10.0958   10.0306    9.9605
    9.8853    9.8052    9.7200    9.6298    9.5346
    9.4344    9.3291    9.2189    9.1037    8.9834
    8.8581    8.7278    8.5926    8.4523    8.3069
    8.1566

     0     1

 ROT OUTPUT  YRSMO,YRSMOF
    0.0000    0.0102    0.0307    0.0614    0.1024
    0.1536    0.2150    0.2867    0.3686    0.4608
    0.5632    0.6758    0.7987    0.9318    1.0751
    1.2287    1.3925    1.5666    1.7509    1.9455
    2.1503    2.3653    2.5905    2.8260    3.0718
    3.3278    3.5940    3.8705    4.1572    4.4541
    4.7613

     0     1

    8.0022    8.0086    8.0215    8.0407    8.0664
    8.0985    8.1370    8.1819    8.2332    8.2909
    8.3551    8.4257    8.5026    8.5860    8.6759
    8.7721    8.8748    8.9838    9.0993    9.2212
    9.3495    9.4842    9.6254    9.7729    9.9269
   10.0873   10.2541   10.4273   10.6070   10.7930
   10.9855

     0     1

 BARRIER
    8.0022    7.9984    7.9908    7.9793    7.9640
    7.9449    7.9219    7.8952    7.8646    7.8302
    7.7919    7.7499    7.7040    7.6543    7.6007
    7.5434    7.4822    7.4172    7.3484    7.2757
    7.1993    7.1190    7.0348    6.9469    6.8551
    6.7595    6.6601    6.5569    6.4498    6.3389
    6.2242

     0     1


 ROT OUTPUT  FORMAT:   1   0   0
 EJAY,EJAYF
    0.0000    1.4252    1.4479    1.4820    1.5274
    1.5841    1.6523    1.7317    1.8226    1.9247
    2.0383    2.1632    2.2994    2.4470    2.6060
    2.7763    2.9579    3.1509    3.3553    3.5710
    3.7981    4.0365    4.2863    4.5474    4.8199
    5.1037    5.3989    5.7055    6.0234    6.3526
    6.6932

     0     1

   11.4847   11.4912   11.5040   11.5233   11.5490
   11.5811   11.6197   11.6647   11.7161   11.7739
   11.8382   11.9089   11.9860   12.0696   12.1595
   12.2559   12.3587   12.4680   12.5837   12.7058
   12.8343   12.9693   13.1106   13.2585   13.4127
   13.5734   13.7404   13.9140   14.0939   14.2803
   14.4731

     0     1

 BARRIER
   11.4847   10.0660   10.0561   10.0413   10.0216
    9.9970    9.9674    9.9330    9.8935    9.8492
    9.7999    9.7457    9.6866    9.6225    9.5536
    9.4797    9.4008    9.3171    9.2284    9.1348
    9.0362    8.9328    8.8244    8.7111    8.5928
    8.4696    8.3415    8.2085    8.0705    7.9277
    7.7799

     0     1

 ROT OUTPUT  YRSMO,YRSMOF
    0.0000    0.0103    0.0310    0.0620    0.1033
    0.1549    0.2169    0.2891    0.3717    0.4647
    0.5679    0.6815    0.8054    0.9397    1.0843
    1.2392    1.4044    1.5799    1.7658    1.9620
    2.1685    2.3854    2.6125    2.8501    3.0979
    3.3560    3.6245    3.9033    4.1925    4.4919
    4.8017

     0     1

    7.9712    7.9776    7.9905    8.0097    8.0354
    8.0676    8.1061    8.1511    8.2025    8.2604
    8.3246    8.3953    8.4724    8.5560    8.6460
    8.7424    8.8452    8.9544    9.0701    9.1922
    9.3208    9.4557    9.5971    9.7449    9.8991
   10.0598   10.2269   10.4004   10.5804   10.7667
   10.9595

     0     1

 BARRIER
    7.9712    7.9673    7.9595    7.9478    7.9322
    7.9127    7.8893    7.8620    7.8308    7.7957
    7.7567    7.7138    7.6670    7.6163    7.5617
    7.5032    7.4408    7.3745    7.3043    7.2302
    7.1522    7.0703    6.9845    6.8949    6.8013
    6.7038    6.6024    6.4971    6.3879    6.2748
    6.1578

     0     1


 ROT OUTPUT  FORMAT:   1   0   0
 EJAY,EJAYF
    0.0000    1.1560    1.1786    1.2125    1.2578
    1.3143    1.3822    1.4613    1.5518    1.6536
    1.7667    1.8911    2.0268    2.1739    2.3322
    2.5019    2.6828    2.8751    3.0787    3.2936
    3.5197    3.7573    4.0061    4.2662    4.5376
    4.8204    5.1144    5.4198    5.7365    6.0645
    6.4038

     0     1

   10.8629   10.8694   10.8823   10.9016   10.9273
   10.9595   10.9981   11.0432   11.0947   11.1526
   11.2170   11.2878   11.3650   11.4487   11.5388
   11.6354   11.7383   11.8478   11.9636   12.0859
   12.2147   12.3498   12.4914   12.6395   12.7940
   12.9549   13.1223   13.2960   13.4763   13.6629
   13.8560

     0     1

 BARRIER
   10.8629    9.7134    9.7037    9.6890    9.6695
    9.6452    9.6159    9.5818    9.5428    9.4990
    9.4503    9.3966    9.3382    9.2748    9.2066
    9.1335    9.0555    8.9727    8.8850    8.7924
    8.6949    8.5926    8.4854    8.3733    8.2563
    8.1345    8.0078    7.8762    7.7398    7.5985
    7.4523

     0     1

 ROT OUTPUT  YRSMO,YRSMOF
    0.0000    0.0104    0.0312    0.0625    0.1041
    0.1562    0.2187    0.2916    0.3749    0.4686
    0.5728    0.6874    0.8123    0.9477    1.0935
    1.2497    1.4164    1.5934    1.7809    1.9787
    2.1870    2.4057    2.6348    2.8744    3.1243
    3.3847    3.6555    3.9366    4.2282    4.5303
    4.8427

     0     1

    7.9324    7.9388    7.9517    7.9710    7.9968
    8.0289    8.0676    8.1126    8.1641    8.2221
    8.2864    8.3572    8.4345    8.5181    8.6083
    8.7048    8.8078    8.9172    9.0331    9.1554
    9.2841    9.4193    9.5609    9.7089    9.8634
   10.0244   10.1917   10.3655   10.5457   10.7324
   10.9255

     0     1

 BARRIER
    7.9324    7.9284    7.9205    7.9085    7.8926
    7.8727    7.8489    7.8210    7.7892    7.7534
    7.7136    7.6699    7.6221    7.5704    7.5147
    7.4551    7.3914    7.3238    7.2522    7.1766
    7.0971    7.0136    6.9261    6.8346    6.7391
    6.6397    6.5363    6.4289    6.3175    6.2021
    6.0828

     0     1


 ROT OUTPUT  FORMAT:   1   0   0
 EJAY,EJAYF
    0.0000    0.8723    0.8948    0.9284    0.9733
    1.0295    1.0968    1.1754    1.2652    1.3662
    1.4785    1.6019    1.7367    1.8826    2.0397
    2.2081    2.3877    2.5785    2.7806    2.9939
    3.2184    3.4541    3.7011    3.9593    4.2287
    4.5093    4.8012    5.1042    5.4185    5.7441
    6.0808

     0     1

   10.1448   10.1513   10.1642   10.1836   10.2094
   10.2417   10.2804   10.3256   10.3773   10.4354
   10.4999   10.5710   10.6484   10.7324   10.8228
   10.9196   11.0229   11.1327   11.2489   11.3716
   11.5007   11.6363   11.7783   11.9268   12.0818
   12.2432   12.4111   12.5854   12.7662   12.9534
   13.1471

     0     1

 BARRIER
   10.1448    9.2790    9.2695    9.2551    9.2361
    9.2122    9.1836    9.1502    9.1121    9.0692
    9.0215    8.9690    8.9118    8.8498    8.7830
    8.7115    8.6352    8.5541    8.4683    8.3777
    8.2823    8.1822    8.0773    7.9676    7.8531
    7.7339    7.6099    7.4812    7.3476    7.2094
    7.0663

     0     1

 ROT OUTPUT  YRSMO,YRSMOF
    0.0000    0.0105    0.0315    0.0630    0.1050
    0.1576    0.2206    0.2941    0.3781    0.4727
    0.5777    0.6932    0.8193    0.9558    1.1029
    1.2604    1.4285    1.6070    1.7961    1.9957
    2.2058    2.4263    2.6574    2.8990    3.1511
    3.4137    3.6868    3.9704    4.2645    4.5691
    4.8842

     0     1

    7.8788    7.8852    7.8981    7.9175    7.9433
    7.9756    8.0144    8.0595    8.1112    8.1693
    8.2339    8.3049    8.3824    8.4663    8.5567
    8.6535    8.7569    8.8666    8.9828    9.1055
    9.2346    9.3702    9.5123    9.6608    9.8157
    9.9771   10.1450   10.3193   10.5001   10.6874
   10.8810

     0     1

 BARRIER
    7.8788    7.8747    7.8666    7.8545    7.8383
    7.8181    7.7938    7.7654    7.7331    7.6966
    7.6562    7.6117    7.5631    7.5105    7.4538
    7.3931    7.3284    7.2596    7.1867    7.1098
    7.0289    6.9439    6.8549    6.7618    6.6646
    6.5635    6.4582    6.3490    6.2357    6.1183
    5.9969

     0     1


 ROT OUTPUT  FORMAT:   1   0   0
 EJAY,EJAYF
    0.0000    2.2114    2.2341    2.2681    2.3136
    2.3704    2.4385    2.5180    2.6088    2.7111
    2.8246    2.9495    3.0858    3.2335    3.3925
    3.5628    3.7445    3.9376    4.1420    4.3578
    4.5849    4.8234    5.0733    5.3345    5.6070
    5.8909    6.1862    6.4929    6.8108    7.1402
    7.4809

     0     1

   13.2102   13.2168   13.2299   13.2495   13.2756
   13.3083   13.3476   13.3934   13.4457   13.5045
   13.5699   13.6419   13.7204   13.8054   13.8969
   13.9950   14.0997   14.2109   14.3286   14.4528
   14.5836   14.7210   14.8649   15.0153   15.1722
   15.3357   15.5058   15.6824   15.8655   16.0551
   16.2513

     0     1

 BARRIER
   13.2102   11.0054   10.9958   10.9813   10.9621
   10.9380   10.9091   10.8754   10.8368   10.7935
   10.7453   10.6923   10.6345   10.5719   10.5045
   10.4322   10.3552   10.2733   10.1866   10.0950
    9.9987    9.8976    9.7916    9.6808    9.5652
    9.4448    9.3196    9.1895    9.0546    8.9150
    8.7705

     0     1

 ROT OUTPUT  YRSMO,YRSMOF
    0.0000    0.0102    0.0307    0.0615    0.1024
    0.1537    0.2151    0.2868    0.3688    0.4610
    0.5634    0.6761    0.7991    0.9322    1.0757
    1.2293    1.3932    1.5674    1.7518    1.9465
    2.1513    2.3665    2.5919    2.8275    3.0733
    3.3295    3.5958    3.8724    4.1593    4.4563
    4.7637

     0     1

    8.4678    8.4743    8.4874    8.5070    8.5332
    8.5659    8.6051    8.6509    8.7032    8.7621
    8.8275    8.8994    8.9779    9.0629    9.1545
    9.2526    9.3572    9.4684    9.5861    9.7104
    9.8412    9.9785   10.1224   10.2728   10.4298
   10.5933   10.7633   10.9399   11.1230   11.3127
   11.5089

     0     1

 BARRIER
    8.4678    8.4640    8.4566    8.4455    8.4307
    8.4122    8.3900    8.3640    8.3344    8.3011
    8.2640    8.2233    8.1788    8.1306    8.0788
    8.0232    7.9639    7.9010    7.8343    7.7639
    7.6898    7.6120    7.5305    7.4453    7.3564
    7.2638    7.1675    7.0675    6.9637    6.8563
    6.7452

     0     1


 ROT OUTPUT  FORMAT:   1   0   0
 EJAY,EJAYF
    0.0000    1.7812    1.8038    1.8376    1.8827
    1.9390    2.0067    2.0856    2.1758    2.2773
    2.3900    2.5140    2.6493    2.7959    2.9537
    3.1228    3.3032    3.4948    3.6978    3.9120
    4.1375    4.3742    4.6222    4.8816    5.1521
    5.4340    5.7271    6.0315    6.3472    6.6741
    7.0123

     0     1

   12.3207   12.3273   12.3404   12.3601   12.3864
   12.4192   12.4586   12.5045   12.5571   12.6162
   12.6818   12.7541   12.8328   12.9182   13.0101
   13.1086   13.2137   13.3253   13.4435   13.5683
   13.6996   13.8375   13.9819   14.1329   14.2905
   14.4547   14.6254   14.8027   14.9865   15.1770
   15.3739

     0     1

 BARRIER
   12.3207   10.5461   10.5366   10.5225   10.5037
   10.4801   10.4519   10.4189   10.3813   10.3389
   10.2918   10.2400   10.1835   10.1223   10.0564
    9.9858    9.9105    9.8305    9.7457    9.6563
    9.5621    9.4632    9.3597    9.2514    9.1384
    9.0207    8.8983    8.7712    8.6394    8.5028
    8.3616

     0     1

 ROT OUTPUT  YRSMO,YRSMOF
    0.0000    0.0103    0.0310    0.0620    0.1033
    0.1550    0.2170    0.2893    0.3719    0.4649
    0.5682    0.6819    0.8059    0.9402    1.0848
    1.2398    1.4051    1.5807    1.7667    1.9630
    2.1696    2.3866    2.6139    2.8515    3.0995
    3.3578    3.6264    3.9053    4.1946    4.4942
    4.8042

     0     1

    8.4386    8.4452    8.4583    8.4780    8.5043
    8.5371    8.5765    8.6225    8.6750    8.7341
    8.7998    8.8720    8.9508    9.0362    9.1281
    9.2266    9.3316    9.4433    9.5614    9.6862
    9.8175    9.9554   10.0999   10.2509   10.4085
   10.5726   10.7434   10.9206   11.1045   11.2949
   11.4919

     0     1

 BARRIER
    8.4386    8.4349    8.4273    8.4160    8.4010
    8.3822    8.3596    8.3332    8.3031    8.2692
    8.2315    8.1901    8.1449    8.0960    8.0433
    7.9868    7.9265    7.8625    7.7948    7.7232
    7.6479    7.5688    7.4860    7.3994    7.3090
    7.2149    7.1170    7.0153    6.9099    6.8007
    6.6877

     0     1


 ROT OUTPUT  FORMAT:   1   0   0
 EJAY,EJAYF
    0.0000    1.6101    1.6327    1.6667    1.7120
    1.7685    1.8364    1.9157    2.0062    2.1080
    2.2212    2.3457    2.4815    2.6286    2.7870
    2.9568    3.1379    3.3302    3.5339    3.7490
    3.9753    4.2130    4.4619    4.7222    4.9938
    5.2767    5.5710    5.8765    6.1934    6.5216
    6.8611

     0     1

   11.9657   11.9723   11.9855   12.0053   12.0317
   12.0646   12.1042   12.1504   12.2031   12.2625
   12.3284   12.4010   12.4801   12.5659   12.6582
   12.7571   12.8626   12.9748   13.0935   13.2188
   13.3507   13.4892   13.6343   13.7859   13.9442
   14.1091   14.2806   14.4586   14.6433   14.8345
   15.0324

     0     1

 BARRIER
   11.9657   10.3622   10.3528   10.3386   10.3197
   10.2961   10.2678   10.2347   10.1970   10.1545
   10.1072   10.0553    9.9986    9.9373    9.8712
    9.8003    9.7248    9.6445    9.5595    9.4698
    9.3754    9.2762    9.1723    9.0637    8.9504
    8.8324    8.7096    8.5821    8.4499    8.3130
    8.1713

     0     1

 ROT OUTPUT  YRSMO,YRSMOF
    0.0000    0.0104    0.0313    0.0625    0.1042
    0.1563    0.2188    0.2918    0.3751    0.4689
    0.5731    0.6877    0.8127    0.9482    1.0941
    1.2504    1.4171    1.5942    1.7818    1.9798
    2.1882    2.4070    2.6362    2.8759    3.1259
    3.3864    3.6573    3.9387    4.2304    4.5326
    4.8452

     0     1

    8.3976    8.4042    8.4174    8.4372    8.4635
    8.4965    8.5361    8.5823    8.6350    8.6944
    8.7603    8.8329    8.9120    8.9977    9.0901
    9.1890    9.2945    9.4066    9.5253    9.6506
    9.7825    9.9210   10.0661   10.2178   10.3761
   10.5410   10.7124   10.8905   11.0752   11.2664
   11.4643

     0     1

 BARRIER
    8.3976    8.3938    8.3861    8.3746    8.3593
    8.3402    8.3173    8.2905    8.2599    8.2255
    8.1872    8.1452    8.0993    8.0495    7.9960
    7.9386    7.8774    7.8124    7.7436    7.6709
    7.5944    7.5141    7.4299    7.3419    7.2502
    7.1545    7.0551    6.9518    6.8447    6.7338
    6.6191

     0     1


 ROT OUTPUT  FORMAT:   1   0   0
 EJAY,EJAYF
    0.0000    1.1769    1.1993    1.2329    1.2777
    1.3337    1.4009    1.4793    1.5688    1.6696
    1.7816    1.9048    2.0392    2.1848    2.3416
    2.5096    2.6887    2.8791    3.0807    3.2935
    3.5175    3.7526    3.9990    4.2566    4.5254
    4.8053    5.0965    5.3989    5.7124    6.0372
    6.3732

     0     1

   10.9941   11.0007   11.0140   11.0338   11.0604
   11.0935   11.1332   11.1796   11.2326   11.2923
   11.3585   11.4314   11.5109   11.5970   11.6898
   11.7892   11.8952   12.0078   12.1271   12.2530
   12.3855   12.5247   12.6704   12.8228   12.9818
   13.1475   13.3198   13.4987   13.6842   13.8763
   14.0751

     0     1

 BARRIER
   10.9941    9.8238    9.8147    9.8010    9.7827
    9.7598    9.7324    9.7004    9.6638    9.6226
    9.5769    9.5266    9.4717    9.4123    9.3482
    9.2796    9.2065    9.1287    9.0464    8.9595
    8.8681    8.7720    8.6714    8.5662    8.4565
    8.3422    8.2233    8.0998    7.9718    7.8391
    7.7019

     0     1

 ROT OUTPUT  YRSMO,YRSMOF
    0.0000    0.0105    0.0315    0.0631    0.1051
    0.1576    0.2207    0.2943    0.3783    0.4729
    0.5780    0.6936    0.8197    0.9563    1.1035
    1.2611    1.4293    1.6079    1.7971    1.9968
    2.2069    2.4276    2.6588    2.9005    3.1528
    3.4155    3.6887    3.9725    4.2667    4.5715
    4.8868

     0     1

    8.3461    8.3527    8.3660    8.3859    8.4124
    8.4455    8.4853    8.5316    8.5847    8.6443
    8.7105    8.7834    8.8629    8.9491    9.0418
    9.1412    9.2472    9.3599    9.4791    9.6050
    9.7376    9.8767   10.0225   10.1749   10.3339
   10.4995   10.6718   10.8507   11.0362   11.2284
   11.4271

     0     1

 BARRIER
    8.3461    8.3422    8.3345    8.3228    8.3073
    8.2879    8.2646    8.2374    8.2063    8.1714
    8.1325    8.0898    8.0432    7.9927    7.9384
    7.8801    7.8180    7.7520    7.6821    7.6083
    7.5306    7.4491    7.3636    7.2743    7.1811
    7.0840    6.9831    6.8782    6.7695    6.6569
    6.5404

     0     1


 ROT OUTPUT  FORMAT:   1   0   0
 EJAY,EJAYF
    0.0000    0.9998    1.0222    1.0559    1.1008
    1.1569    1.2242    1.3027    1.3925    1.4934
    1.6056    1.7291    1.8637    2.0095    2.1666
    2.3349    2.5144    2.7051    2.9071    3.1203
    3.3446    3.5803    3.8271    4.0851    4.3544
    4.6349    4.9266    5.2295    5.5436    5.8690
    6.2056

     0     1

   10.5865   10.5932   10.6065   10.6265   10.6531
   10.6863   10.7263   10.7728   10.8261   10.8859
   10.9525   11.0257   11.1055   11.1920   11.2851
   11.3849   11.4914   11.6045   11.7242   11.8507
   11.9837   12.1234   12.2698   12.4228   12.5825
   12.7488   12.9218   13.1015   13.2878   13.4807
   13.6803

     0     1

 BARRIER
   10.5865    9.5934    9.5843    9.5706    9.5523
    9.5295    9.5021    9.4701    9.4336    9.3925
    9.3468    9.2966    9.2418    9.1824    9.1185
    9.0500    8.9770    8.8993    8.8172    8.7304
    8.6391    8.5432    8.4427    8.3377    8.2281
    8.1140    7.9952    7.8720    7.7441    7.6117
    7.4747

     0     1

 ROT OUTPUT  YRSMO,YRSMOF
    0.0000    0.0106    0.0318    0.0636    0.1060
    0.1590    0.2226    0.2968    0.3816    0.4770
    0.5830    0.6996    0.8268    0.9646    1.1130
    1.2720    1.4416    1.6218    1.8126    2.0140
    2.2260    2.4486    2.6818    2.9256    3.1800
    3.4450    3.7206    4.0067    4.3035    4.6109
    4.9289

     0     1

    8.2958    8.3024    8.3157    8.3357    8.3623
    8.3956    8.4355    8.4820    8.5353    8.5952
    8.6617    8.7349    8.8147    8.9012    8.9943
    9.0941    9.2006    9.3137    9.4335    9.5599
    9.6929    9.8327    9.9790   10.1320   10.2917
   10.4581   10.6310   10.8107   10.9970   11.1899
   11.3895

     0     1

 BARRIER
    8.2958    8.2918    8.2839    8.2721    8.2563
    8.2366    8.2129    8.1853    8.1537    8.1182
    8.0787    8.0353    7.9879    7.9366    7.8814
    7.8222    7.7590    7.6919    7.6209    7.5459
    7.4670    7.3841    7.2973    7.2065    7.1118
    7.0131    6.9105    6.8039    6.6934    6.5790
    6.4606

     0     1


 ROT OUTPUT  FORMAT:   1   0   0
 EJAY,EJAYF
    0.0000    0.7168    0.7391    0.7726    0.8173
    0.8731    0.9401    1.0183    1.1076    1.2081
    1.3197    1.4426    1.5766    1.7217    1.8781
    2.0456    2.2242    2.4140    2.6150    2.8272
    3.0505    3.2850    3.5307    3.7875    4.0555
    4.3347    4.6250    4.9265    5.2391    5.5629
    5.8979

     0     1

    9.9559    9.9625    9.9759    9.9959   10.0225
   10.0558   10.0958   10.1424   10.1957   10.2557
   10.3223   10.3956   10.4756   10.5622   10.6554
   10.7554   10.8620   10.9752   11.0952   11.2218
   11.3550   11.4949   11.6415   11.7947   11.9546
   12.1212   12.2944   12.4743   12.6608   12.8541
   13.0539

     0     1

 BARRIER
    9.9559    9.2458    9.2368    9.2233    9.2052
    9.1827    9.1557    9.1242    9.0881    9.0476
    9.0026    8.9530    8.8990    8.8404    8.7774
    8.7098    8.6378    8.5612    8.4801    8.3946
    8.3045    8.2099    8.1108    8.0072    7.8991
    7.7865    7.6694    7.5478    7.4217    7.2911
    7.1560

     0     1

 ROT OUTPUT  YRSMO,YRSMOF
    0.0000    0.0107    0.0321    0.0642    0.1069
    0.1604    0.2245    0.2994    0.3849    0.4811
    0.5880    0.7057    0.8340    0.9730    1.1226
    1.2830    1.4541    1.6358    1.8283    2.0314
    2.2453    2.4698    2.7050    2.9509    3.2075
    3.4748    3.7528    4.0415    4.3409    4.6509
    4.9717

     0     1

    8.2756    8.2823    8.2956    8.3156    8.3422
    8.3755    8.4155    8.4622    8.5155    8.5754
    8.6420    8.7153    8.7953    8.8819    8.9752
    9.0751    9.1817    9.2950    9.4149    9.5415
    9.6747    9.8146    9.9612   10.1144   10.2743
   10.4409   10.6141   10.7940   10.9806   11.1738
   11.3737

     0     1

 BARRIER
    8.2756    8.2716    8.2635    8.2514    8.2353
    8.2152    8.1910    8.1628    8.1306    8.0943
    8.0540    8.0097    7.9613    7.9089    7.8525
    7.7921    7.7276    7.6591    7.5866    7.5100
    7.4295    7.3448    7.2562    7.1635    7.0668
    6.9661    6.8613    6.7525    6.6397    6.5229
    6.4020

     0     1


 ROT OUTPUT  FORMAT:   1   0   0
 EJAY,EJAYF
    0.0000    0.6188    0.6412    0.6749    0.7198
    0.7759    0.8433    0.9218    1.0116    1.1127
    1.2249    1.3484    1.4831    1.6290    1.7862
    1.9545    2.1341    2.3249    2.5270    2.7403
    2.9647    3.2005    3.4474    3.7056    3.9750
    4.2556    4.5474    4.8505    5.1648    5.4903
    5.8271

     0     1

    9.7357    9.7423    9.7557    9.7757    9.8024
    9.8357    9.8758    9.9225    9.9758   10.0359
   10.1026   10.1760   10.2561   10.3428   10.4362
   10.5363   10.6430   10.7564   10.8765   11.0033
   11.1367   11.2768   11.4236   11.5770   11.7371
   11.9039   12.0774   12.2575   12.4443   12.6378
   12.8380

     0     1

 BARRIER
    9.7357    9.1236    9.1145    9.1008    9.0826
    9.0598    9.0325    9.0006    8.9642    8.9232
    8.8777    8.8276    8.7730    8.7138    8.6500
    8.5817    8.5089    8.4315    8.3495    8.2630
    8.1720    8.0763    7.9762    7.8715    7.7622
    7.6483    7.5300    7.4070    7.2795    7.1475
    7.0109

     0     1

 ROT OUTPUT  YRSMO,YRSMOF
    0.0000    0.0108    0.0324    0.0647    0.1078
    0.1618    0.2265    0.3020    0.3883    0.4853
    0.5932    0.7118    0.8412    0.9814    1.1324
    1.2942    1.4667    1.6501    1.8442    2.0491
    2.2648    2.4913    2.7286    2.9766    3.2355
    3.5051    3.7855    4.0767    4.3787    4.6914
    5.0150

     0     1

    8.2464    8.2531    8.2664    8.2864    8.3131
    8.3465    8.3865    8.4332    8.4866    8.5466
    8.6133    8.6867    8.7668    8.8535    8.9469
    9.0470    9.1537    9.2671    9.3872    9.5140
    9.6474    9.7875    9.9343   10.0877   10.2479
   10.4147   10.5881   10.7682   10.9551   11.1485
   11.3487

     0     1

 BARRIER
    8.2464    8.2423    8.2340    8.2217    8.2052
    8.1847    8.1600    8.1312    8.0983    8.0613
    8.0202    7.9749    7.9255    7.8721    7.8145
    7.7528    7.6870    7.6170    7.5430    7.4649
    7.3826    7.2962    7.2057    7.1111    7.0124
    6.9096    6.8026    6.6915    6.5764    6.4571
    6.3337

     0     1


 ROT OUTPUT  FORMAT:   1   0   0
 EJAY,EJAYF
    0.0000    2.0404    2.0628    2.0964    2.1412
    2.1972    2.2644    2.3428    2.4324    2.5332
    2.6452    2.7684    2.9028    3.0484    3.2052
    3.3732    3.5524    3.7429    3.9445    4.1573
    4.3813    4.6165    4.8629    5.1205    5.3893
    5.6694    5.9606    6.2630    6.5766    6.9014
    7.2374

     0     1

   13.0106   13.0172   13.0305   13.0504   13.0770
   13.1102   13.1500   13.1965   13.2496   13.3093
   13.3757   13.4487   13.5284   13.6147   13.7077
   13.8072   13.9135   14.0263   14.1458   14.2720
   14.4047   14.5441   14.6902   14.8429   15.0022
   15.1682   15.3408   15.5201   15.7059   15.8985
   16.0976

     0     1

 BARRIER
   13.0106   10.9768   10.9677   10.9540   10.9358
   10.9130   10.8856   10.8537   10.8172   10.7761
   10.7305   10.6803   10.6256   10.5663   10.5024
   10.4340   10.3610   10.2835   10.2014   10.1147
   10.0234    9.9276    9.8273    9.7224    9.6129
    9.4988    9.3802    9.2571    9.1293    8.9971
    8.8602

     0     1

 ROT OUTPUT  YRSMO,YRSMOF
    0.0000    0.0103    0.0310    0.0620    0.1034
    0.1551    0.2171    0.2894    0.3721    0.4652
    0.5685    0.6822    0.8063    0.9406    1.0854
    1.2404    1.4058    1.5815    1.7676    1.9640
    2.1707    2.3878    2.6152    2.8529    3.1010
    3.3594    3.6282    3.9073    4.1967    4.4965
    4.8066

     0     1

    8.9018    8.9084    8.9217    8.9416    8.9682
    9.0014    9.0412    9.0877    9.1408    9.2005
    9.2669    9.3399    9.4196    9.5059    9.5989
    9.6984    9.8047    9.9175   10.0370   10.1632
   10.2959   10.4354   10.5814   10.7341   10.8934
   11.0594   11.2320   11.4113   11.5971   11.7897
   11.9888

     0     1

 BARRIER
    8.9018    8.8981    8.8907    8.8796    8.8648
    8.8463    8.8241    8.7982    8.7687    8.7354
    8.6984    8.6577    8.6134    8.5653    8.5135
    8.4580    8.3989    8.3360    8.2695    8.1992
    8.1252    8.0476    7.9662    7.8812    7.7924
    7.7000    7.6038    7.5040    7.4005    7.2932
    7.1823

     0     1


 ROT OUTPUT  FORMAT:   1   0   0
 EJAY,EJAYF
    0.0000    1.7140    1.7364    1.7699    1.8147
    1.8706    1.9376    2.0159    2.1053    2.2059
    2.3177    2.4407    2.5749    2.7202    2.8767
    3.0444    3.2233    3.4133    3.6146    3.8270
    4.0506    4.2854    4.5313    4.7884    5.0567
    5.3362    5.6269    5.9288    6.2418    6.5660
    6.9014

     0     1

   12.3504   12.3571   12.3704   12.3905   12.4172
   12.4506   12.4906   12.5374   12.5908   12.6509
   12.7177   12.7911   12.8713   12.9581   13.0516
   13.1517   13.2586   13.3721   13.4923   13.6192
   13.7527   13.8930   14.0399   14.1935   14.3537
   14.5207   14.6943   14.8746   15.0616   15.2552
   15.4556

     0     1

 BARRIER
   12.3504   10.6430   10.6340   10.6205   10.6025
   10.5800   10.5530   10.5215   10.4855   10.4450
   10.3999   10.3504   10.2964   10.2379   10.1749
   10.1073   10.0353    9.9588    9.8777    9.7922
    9.7022    9.6076    9.5086    9.4050    9.2970
    9.1844    9.0674    8.9458    8.8198    8.6892
    8.5542

     0     1

 ROT OUTPUT  YRSMO,YRSMOF
    0.0000    0.0104    0.0313    0.0626    0.1043
    0.1564    0.2189    0.2919    0.3753    0.4691
    0.5734    0.6881    0.8132    0.9487    1.0946
    1.2510    1.4178    1.5950    1.7827    1.9808
    2.1893    2.4082    2.6375    2.8773    3.1275
    3.3881    3.6592    3.9407    4.2326    4.5349
    4.8476

     0     1

    8.8628    8.8695    8.8828    8.9029    8.9296
    8.9630    9.0030    9.0498    9.1032    9.1633
    9.2301    9.3035    9.3837    9.4705    9.5640
    9.6641    9.7710    9.8845   10.0047   10.1316
   10.2651   10.4054   10.5523   10.7059   10.8661
   11.0331   11.2067   11.3870   11.5740   11.7676
   11.9680

     0     1

 BARRIER
    8.8628    8.8590    8.8515    8.8403    8.8253
    8.8066    8.7841    8.7579    8.7279    8.6942
    8.6567    8.6155    8.5705    8.5218    8.4693
    8.4131    8.3532    8.2895    8.2220    8.1508
    8.0759    7.9972    7.9147    7.8286    7.7386
    7.6449    7.5475    7.4463    7.3414    7.2327
    7.1203

     0     1


 ROT OUTPUT  FORMAT:   1   0   0
 EJAY,EJAYF
    0.0000    1.3977    1.4200    1.4535    1.4981
    1.5539    1.6208    1.6989    1.7882    1.8886
    2.0002    2.1229    2.2568    2.4018    2.5580
    2.7253    2.9038    3.0935    3.2943    3.5063
    3.7294    3.9637    4.2091    4.4657    4.7335
    5.0124    5.3025    5.6037    5.9161    6.2396
    6.5743

     0     1

   11.7064   11.7131   11.7265   11.7467   11.7735
   11.8071   11.8474   11.8944   11.9481   12.0085
   12.0756   12.1494   12.2300   12.3173   12.4112
   12.5119   12.6193   12.7335   12.8543   12.9818
   13.1161   13.2570   13.4047   13.5591   13.7202
   13.8881   14.0626   14.2438   14.4318   14.6265
   14.8278

     0     1

 BARRIER
   11.7064   10.3154   10.3065   10.2932   10.2754
   10.2532   10.2265   10.1954   10.1599   10.1199
   10.0754   10.0266    9.9732    9.9155    9.8533
    9.7866    9.7155    9.6400    9.5600    9.4755
    9.3867    9.2933    9.1956    9.0934    8.9867
    8.8756    8.7601    8.6401    8.5157    8.3868
    8.2535

     0     1

 ROT OUTPUT  YRSMO,YRSMOF
    0.0000    0.0105    0.0315    0.0631    0.1051
    0.1577    0.2208    0.2944    0.3785    0.4732
    0.5783    0.6940    0.8201    0.9568    1.1040
    1.2617    1.4300    1.6087    1.7980    1.9978
    2.2081    2.4289    2.6602    2.9020    3.1544
    3.4172    3.6906    3.9745    4.2689    4.5738
    4.8893

     0     1

    8.8290    8.8357    8.8491    8.8692    8.8961
    8.9297    8.9699    9.0169    9.0706    9.1310
    9.1982    9.2720    9.3526    9.4398    9.5338
    9.6345    9.7419    9.8560    9.9769   10.1044
   10.2386   10.3796   10.5273   10.6817   10.8428
   11.0106   11.1852   11.3664   11.5544   11.7490
   11.9504

     0     1

 BARRIER
    8.8290    8.8252    8.8176    8.8062    8.7909
    8.7719    8.7491    8.7225    8.6921    8.6579
    8.6199    8.5780    8.5324    8.4830    8.4298
    8.3728    8.3119    8.2473    8.1789    8.1066
    8.0306    7.9508    7.8671    7.7797    7.6884
    7.5934    7.4945    7.3919    7.2854    7.1752
    7.0611

     0     1


 ROT OUTPUT  FORMAT:   1   0   0
 EJAY,EJAYF
    0.0000    1.0762    1.0985    1.1318    1.1763
    1.2319    1.2987    1.3765    1.4655    1.5656
    1.6768    1.7992    1.9326    2.0772    2.2330
    2.3998    2.5778    2.7668    2.9670    3.1784
    3.4008    3.6344    3.8791    4.1349    4.4018
    4.6799    4.9691    5.2694    5.5808    5.9034
    6.2370

     0     1

   11.0426   11.0494   11.0629   11.0831   11.1101
   11.1438   11.1842   11.2315   11.2854   11.3461
   11.4135   11.4877   11.5687   11.6563   11.7508
   11.8519   11.9598   12.0745   12.1959   12.3240
   12.4589   12.6005   12.7489   12.9040   13.0659
   13.2345   13.4098   13.5919   13.7807   13.9763
   14.1786

     0     1

 BARRIER
   11.0426    9.9732    9.9644    9.9513    9.9337
    9.9119    9.8856    9.8549    9.8199    9.7805
    9.7367    9.6886    9.6360    9.5791    9.5178
    9.4521    9.3821    9.3076    9.2288    9.1456
    9.0581    8.9661    8.8698    8.7691    8.6640
    8.5546    8.4407    8.3225    8.1999    8.0729
    7.9416

     0     1

 ROT OUTPUT  YRSMO,YRSMOF
    0.0000    0.0106    0.0318    0.0636    0.1061
    0.1591    0.2227    0.2969    0.3818    0.4772
    0.5833    0.7000    0.8272    0.9651    1.1136
    1.2726    1.4423    1.6226    1.8135    2.0150
    2.2271    2.4498    2.6831    2.9271    3.1816
    3.4467    3.7225    4.0088    4.3058    4.6133
    4.9315

     0     1

    8.7990    8.8057    8.8192    8.8395    8.8664
    8.9001    8.9406    8.9878    9.0418    9.1025
    9.1699    9.2441    9.3250    9.4127    9.5071
    9.6083    9.7162    9.8308    9.9522   10.0804
   10.2152   10.3569   10.5052   10.6604   10.8222
   10.9908   11.1662   11.3483   11.5371   11.7327
   11.9350

     0     1

 BARRIER
    8.7990    8.7951    8.7874    8.7758    8.7604
    8.7411    8.7179    8.6909    8.6600    8.6252
    8.5866    8.5441    8.4978    8.4476    8.3936
    8.3356    8.2739    8.2082    8.1387    8.0654
    7.9881    7.9070    7.8221    7.7333    7.6406
    7.5441    7.4437    7.3394    7.2313    7.1194
    7.0035

     0     1


 ROT OUTPUT  FORMAT:   1   0   0
 EJAY,EJAYF
    0.0000    0.9082    0.9305    0.9640    1.0086
    1.0644    1.1313    1.2094    1.2986    1.3990
    1.5105    1.6332    1.7671    1.9121    2.0682
    2.2355    2.4140    2.6036    2.8044    3.0163
    3.2394    3.4736    3.7190    3.9755    4.2432
    4.5221    4.8121    5.1132    5.4255    5.7490
    6.0836

     0     1

   10.6710   10.6778   10.6914   10.7117   10.7388
   10.7727   10.8134   10.8609   10.9151   10.9761
   11.0439   11.1185   11.1999   11.2880   11.3829
   11.4846   11.5931   11.7083   11.8304   11.9592
   12.0948   12.2372   12.3863   12.5423   12.7050
   12.8745   13.0508   13.2338   13.4236   13.6203
   13.8237

     0     1

 BARRIER
   10.6710    9.7696    9.7608    9.7477    9.7302
    9.7084    9.6821    9.6515    9.6165    9.5771
    9.5334    9.4853    9.4328    9.3759    9.3147
    9.2491    9.1791    9.1047    9.0260    8.9429
    8.8554    8.7636    8.6673    8.5667    8.4618
    8.3524    8.2387    8.1206    7.9981    7.8713
    7.7401

     0     1

 ROT OUTPUT  YRSMO,YRSMOF
    0.0000    0.0107    0.0321    0.0642    0.1070
    0.1605    0.2246    0.2995    0.3851    0.4814
    0.5884    0.7060    0.8344    0.9735    1.1232
    1.2837    1.4548    1.6367    1.8292    2.0325
    2.2464    2.4711    2.7064    2.9525    3.2092
    3.4766    3.7548    4.0436    4.3431    4.6533
    4.9742

     0     1

    8.7538    8.7606    8.7741    8.7945    8.8216
    8.8555    8.8962    8.9436    8.9979    9.0589
    9.1267    9.2013    9.2826    9.3708    9.4657
    9.5674    9.6759    9.7911    9.9132   10.0420
   10.1776   10.3199   10.4691   10.6250   10.7878
   10.9572   11.1335   11.3166   11.5064   11.7030
   11.9064

     0     1

 BARRIER
    8.7538    8.7499    8.7420    8.7303    8.7146
    8.6950    8.6715    8.6441    8.6128    8.5775
    8.5383    8.4952    8.4482    8.3973    8.3425
    8.2837    8.2210    8.1544    8.0839    8.0095
    7.9311    7.8489    7.7627    7.6726    7.5786
    7.4806    7.3788    7.2730    7.1633    7.0497
    6.9322

     0     1


 ROT OUTPUT  FORMAT:   1   0   0
 EJAY,EJAYF
    0.0000    0.5996    0.6218    0.6551    0.6995
    0.7551    0.8217    0.8994    0.9883    1.0882
    1.1993    1.3215    1.4548    1.5991    1.7546
    1.9212    2.0989    2.2877    2.4877    2.6987
    2.9208    3.1541    3.3984    3.6538    3.9204
    4.1981    4.4868    4.7867    5.0977    5.4198
    5.7530

     0     1

   10.0017   10.0085   10.0221   10.0426   10.0698
   10.1038   10.1447   10.1923   10.2468   10.3081
   10.3761   10.4510   10.5327   10.6212   10.7165
   10.8186   10.9275   11.0432   11.1658   11.2951
   11.4313   11.5742   11.7240   11.8805   12.0439
   12.2141   12.3911   12.5749   12.7655   12.9629
   13.1671

     0     1

 BARRIER
   10.0017    9.4090    9.4004    9.3875    9.3703
    9.3488    9.3230    9.2929    9.2585    9.2198
    9.1768    9.1295    9.0779    9.0220    8.9619
    8.8974    8.8286    8.7555    8.6781    8.5964
    8.5104    8.4202    8.3256    8.2267    8.1235
    8.0160    7.9042    7.7882    7.6678    7.5431
    7.4141

     0     1

 ROT OUTPUT  YRSMO,YRSMOF
    0.0000    0.0108    0.0324    0.0647    0.1079
    0.1619    0.2266    0.3021    0.3885    0.4856
    0.5935    0.7122    0.8417    0.9819    1.1330
    1.2949    1.4675    1.6510    1.8452    2.0502
    2.2660    2.4926    2.7300    2.9782    3.2372
    3.5069    3.7875    4.0788    4.3810    4.6939
    5.0176

     0     1

    8.7215    8.7284    8.7420    8.7624    8.7896
    8.8237    8.8645    8.9121    8.9666    9.0279
    9.0959    9.1708    9.2525    9.3410    9.4363
    9.5384    9.6473    9.7631    9.8856   10.0149
   10.1511   10.2940   10.4438   10.6004   10.7637
   10.9339   11.1109   11.2947   11.4853   11.6827
   11.8869

     0     1

 BARRIER
    8.7215    8.7176    8.7096    8.6976    8.6817
    8.6618    8.6379    8.6100    8.5781    8.5423
    8.5025    8.4586    8.4108    8.3591    8.3033
    8.2436    8.1798    8.1121    8.0404    7.9647
    7.8851    7.8014    7.7138    7.6222    7.5266
    7.4270    7.3234    7.2159    7.1043    6.9888
    6.8693

     0     1


 ROT OUTPUT  FORMAT:   1   0   0
 EJAY,EJAYF
    0.0000    2.0029    2.0253    2.0588    2.1035
    2.1593    2.2264    2.3046    2.3939    2.4945
    2.6062    2.7291    2.8631    3.0084    3.1648
    3.3323    3.5111    3.7010    3.9021    4.1143
    4.3377    4.5723    4.8181    5.0750    5.3432
    5.6224    5.9129    6.2145    6.5273    6.8513
    7.1864

     0     1

   13.1824   13.1891   13.2025   13.2226   13.2495
   13.2830   13.3233   13.3703   13.4239   13.4843
   13.5514   13.6253   13.7058   13.7930   13.8869
   13.9876   14.0950   14.2090   14.3298   14.4573
   14.5915   14.7324   14.8800   15.0344   15.1954
   15.3632   15.5376   15.7188   15.9067   16.1013
   16.3026

     0     1

 BARRIER
   13.1824   11.1862   11.1772   11.1638   11.1460
   11.1237   11.0969   11.0657   11.0300   10.9899
   10.9452   10.8962   10.8426   10.7846   10.7222
   10.6553   10.5839   10.5081   10.4278   10.3430
   10.2538   10.1601   10.0619    9.9593    9.8523
    9.7407    9.6247    9.5043    9.3794    9.2500
    9.1162

     0     1

 ROT OUTPUT  YRSMO,YRSMOF
    0.0000    0.0104    0.0313    0.0626    0.1043
    0.1565    0.2190    0.2920    0.3755    0.4694
    0.5737    0.6884    0.8135    0.9491    1.0952
    1.2516    1.4185    1.5958    1.7835    1.9817
    2.1903    2.4094    2.6388    2.8787    3.1290
    3.3898    3.6610    3.9426    4.2346    4.5371
    4.8500

     0     1

    9.3314    9.3381    9.3515    9.3717    9.3985
    9.4321    9.4723    9.5193    9.5730    9.6334
    9.7005    9.7743    9.8548    9.9420   10.0360
   10.1366   10.2440   10.3581   10.4788   10.6063
   10.7405   10.8814   11.0291   11.1834   11.3444
   11.5122   11.6867   11.8678   12.0557   12.2503
   12.4516

     0     1

 BARRIER
    9.3314    9.3277    9.3202    9.3091    9.2942
    9.2756    9.2533    9.2272    9.1975    9.1640
    9.1268    9.0859    9.0412    8.9929    8.9408
    8.8850    8.8255    8.7622    8.6953    8.6246
    8.5502    8.4721    8.3902    8.3047    8.2154
    8.1224    8.0257    7.9252    7.8211    7.7132
    7.6016

     0     1


 ROT OUTPUT  FORMAT:   1   0   0
 EJAY,EJAYF
    0.0000    1.5388    1.5610    1.5944    1.6388
    1.6944    1.7610    1.8388    1.9277    2.0277
    2.1388    2.2610    2.3943    2.5387    2.6942
    2.8609    3.0387    3.2275    3.4275    3.6386
    3.8608    4.0941    4.3385    4.5940    4.8607
    5.1384    5.4273    5.7272    6.0383    6.3605
    6.6938

     0     1

   12.2955   12.3022   12.3157   12.3360   12.3630
   12.3967   12.4372   12.4844   12.5384   12.5992
   12.6666   12.7409   12.8218   12.9096   13.0040
   13.1052   13.2132   13.3279   13.4494   13.5776
   13.7125   13.8543   14.0027   14.1579   14.3199
   14.4885   14.6640   14.8462   15.0351   15.2308
   15.4332

     0     1

 BARRIER
   12.2955   10.7634   10.7547   10.7416   10.7242
   10.7024   10.6762   10.6457   10.6108   10.5715
   10.5279   10.4799   10.4276   10.3708   10.3098
   10.2443   10.1746   10.1004   10.0219    9.9390
    9.8518    9.7602    9.6642    9.5639    9.4592
    9.3501    9.2367    9.1189    8.9968    8.8703
    8.7394

     0     1

 ROT OUTPUT  YRSMO,YRSMOF
    0.0000    0.0105    0.0316    0.0631    0.1052
    0.1578    0.2209    0.2946    0.3787    0.4734
    0.5786    0.6943    0.8205    0.9573    1.1046
    1.2624    1.4307    1.6095    1.7989    1.9988
    2.2091    2.4301    2.6615    2.9035    3.1559
    3.4189    3.6924    3.9765    4.2710    4.5761
    4.8917

     0     1

    9.3110    9.3178    9.3313    9.3515    9.3785
    9.4122    9.4527    9.5000    9.5540    9.6147
    9.6822    9.7564    9.8374    9.9251   10.0196
   10.1208   10.2287   10.3435   10.4649   10.5931
   10.7281   10.8698   11.0182   11.1734   11.3354
   11.5041   11.6795   11.8617   12.0507   12.2463
   12.4488

     0     1

 BARRIER
    9.3110    9.3073    9.2997    9.2884    9.2733
    9.2545    9.2318    9.2054    9.1752    9.1413
    9.1036    9.0621    9.0168    8.9678    8.9150
    8.8584    8.7981    8.7339    8.6660    8.5944
    8.5189    8.4397    8.3567    8.2700    8.1795
    8.0852    7.9871    7.8852    7.7796    7.6703
    7.5571

     0     1


 ROT OUTPUT  FORMAT:   1   0   0
 EJAY,EJAYF
    0.0000    1.4319    1.4543    1.4878    1.5326
    1.5885    1.6555    1.7338    1.8232    1.9239
    2.0357    2.1586    2.2928    2.4381    2.5947
    2.7624    2.9412    3.1313    3.3325    3.5450
    3.7686    4.0033    4.2493    4.5064    4.7748
    5.0543    5.3449    5.6468    5.9599    6.2841
    6.6195

     0     1

   12.0819   12.0887   12.1023   12.1226   12.1498
   12.1837   12.2245   12.2720   12.3263   12.3874
   12.4553   12.5300   12.6115   12.6997   12.7948
   12.8966   13.0052   13.1206   13.2428   13.3718
   13.5076   13.6502   13.7995   13.9557   14.1186
   14.2884   14.4649   14.6482   14.8383   15.0352
   15.2388

     0     1

 BARRIER
   12.0819   10.6568   10.6480   10.6348   10.6172
   10.5953   10.5689   10.5382   10.5031   10.4636
   10.4196   10.3713   10.3187   10.2616   10.2001
   10.1342   10.0640    9.9893    9.9103    9.8269
    9.7391    9.6468    9.5502    9.4493    9.3439
    9.2341    9.1199    9.0014    8.8784    8.7511
    8.6194

     0     1

 ROT OUTPUT  YRSMO,YRSMOF
    0.0000    0.0106    0.0318    0.0637    0.1061
    0.1592    0.2228    0.2971    0.3820    0.4775
    0.5836    0.7003    0.8276    0.9656    1.1141
    1.2733    1.4430    1.6234    1.8144    2.0160
    2.2282    2.4511    2.6845    2.9285    3.1832
    3.4484    3.7243    4.0108    4.3079    4.6156
    4.9339

     0     1

    9.2785    9.2853    9.2989    9.3193    9.3464
    9.3804    9.4211    9.4686    9.5229    9.5840
    9.6519    9.7266    9.8081    9.8963    9.9914
   10.0932   10.2019   10.3173   10.4395   10.5685
   10.7042   10.8468   10.9962   11.1523   11.3153
   11.4850   11.6615   11.8448   12.0349   12.2318
   12.4355

     0     1

 BARRIER
    9.2785    9.2747    9.2671    9.2556    9.2403
    9.2212    9.1983    9.1715    9.1410    9.1066
    9.0683    9.0263    8.9805    8.9308    8.8773
    8.8200    8.7588    8.6938    8.6251    8.5525
    8.4760    8.3958    8.3117    8.2238    8.1321
    8.0366    7.9372    7.8340    7.7270    7.6162
    7.5015

     0     1


 ROT OUTPUT  FORMAT:   1   0   0
 EJAY,EJAYF
    0.0000    0.9954    1.0176    1.0510    1.0954
    1.1510    1.2176    1.2954    1.3843    1.4843
    1.5954    1.7177    1.8510    1.9955    2.1511
    2.3177    2.4955    2.6844    2.8844    3.0956
    3.3178    3.5512    3.7956    4.0512    4.3179
    4.5957    4.8846    5.1846    5.4958    5.8180
    6.1514

     0     1

   11.1968   11.2036   11.2173   11.2378   11.2651
   11.2993   11.3403   11.3881   11.4428   11.5043
   11.5726   11.6478   11.7298   11.8186   11.9143
   12.0168   12.1261   12.2423   12.3653   12.4952
   12.6318   12.7753   12.9257   13.0828   13.2468
   13.4177   13.5953   13.7798   13.9712   14.1693
   14.3743

     0     1

 BARRIER
   11.1968   10.2082   10.1997   10.1868   10.1697
   10.1483   10.1227   10.0927   10.0585   10.0200
    9.9772    9.9301    9.8788    9.8232    9.7633
    9.6991    9.6306    9.5579    9.4809    9.3996
    9.3140    9.2242    9.1300    9.0316    8.9289
    8.8220    8.7107    8.5952    8.4754    8.3513
    8.2230

     0     1

 ROT OUTPUT  YRSMO,YRSMOF
    0.0000    0.0107    0.0321    0.0642    0.1070
    0.1605    0.2248    0.2997    0.3853    0.4816
    0.5886    0.7064    0.8348    0.9739    1.1238
    1.2843    1.4556    1.6375    1.8302    2.0335
    2.2476    2.4723    2.7078    2.9539    3.2108
    3.4784    3.7567    4.0456    4.3453    4.6557
    4.9768

     0     1

    9.2355    9.2424    9.2560    9.2765    9.3039
    9.3380    9.3790    9.4269    9.4815    9.5430
    9.6114    9.6865    9.7685    9.8574    9.9531
   10.0556   10.1649   10.2811   10.4041   10.5339
   10.6706   10.8141   10.9644   11.1216   11.2856
   11.4564   11.6341   11.8186   12.0099   12.2081
   12.4131

     0     1

 BARRIER
    9.2355    9.2317    9.2239    9.2123    9.1969
    9.1775    9.1543    9.1272    9.0962    9.0614
    9.0227    8.9802    8.9337    8.8834    8.8293
    8.7712    8.7093    8.6435    8.5739    8.5004
    8.4230    8.3417    8.2566    8.1676    8.0748
    7.9780    7.8774    7.7729    7.6646    7.5524
    7.4363

     0     1


 ROT OUTPUT  FORMAT:   1   0   0
 EJAY,EJAYF
    0.0000    0.9662    0.9886    1.0222    1.0671
    1.1231    1.1904    1.2688    1.3585    1.4593
    1.5714    1.6947    1.8292    1.9749    2.1318
    2.2999    2.4793    2.6698    2.8716    3.0845
    3.3087    3.5440    3.7906    4.0484    4.3174
    4.5976    4.8890    5.1916    5.5054    5.8305
    6.1667

     0     1

   11.1012   11.1081   11.1218   11.1425   11.1700
   11.2044   11.2457   11.2939   11.3489   11.4109
   11.4797   11.5554   11.6379   11.7274   11.8237
   11.9270   12.0371   12.1541   12.2779   12.4087
   12.5463   12.6908   12.8422   13.0005   13.1656
   13.3377   13.5166   13.7024   13.8951   14.0946
   14.3011

     0     1

 BARRIER
   11.1012   10.1419   10.1332   10.1202   10.1029
   10.0813   10.0554   10.0251    9.9905    9.9515
    9.9082    9.8607    9.8087    9.7525    9.6919
    9.6270    9.5578    9.4842    9.4064    9.3242
    9.2376    9.1468    9.0516    8.9521    8.8482
    8.7401    8.6276    8.5108    8.3896    8.2642
    8.1344

     0     1

 ROT OUTPUT  YRSMO,YRSMOF
    0.0000    0.0108    0.0324    0.0648    0.1080
    0.1619    0.2267    0.3023    0.3887    0.4858
    0.5938    0.7125    0.8421    0.9824    1.1336
    1.2955    1.4683    1.6518    1.8461    2.0513
    2.2672    2.4939    2.7314    2.9797    3.2388
    3.5087    3.7894    4.0809    4.3832    4.6963
    5.0202

     0     1

    9.1803    9.1872    9.2010    9.2216    9.2491
    9.2835    9.3248    9.3730    9.4281    9.4900
    9.5588    9.6345    9.7171    9.8065    9.9029
   10.0061   10.1162   10.2332   10.3570   10.4878
   10.6254   10.7699   10.9213   11.0796   11.2448
   11.4168   11.5957   11.7815   11.9742   12.1737
   12.3802

     0     1

 BARRIER
    9.1803    9.1764    9.1686    9.1568    9.1412
    9.1216    9.0981    9.0707    9.0394    9.0042
    8.9650    8.9220    8.8750    8.8241    8.7693
    8.7106    8.6479    8.5814    8.5109    8.4365
    8.3582    8.2760    8.1899    8.0999    8.0059
    7.9081    7.8063    7.7006    7.5910    7.4774
    7.3600

     0     1


 ROT OUTPUT  FORMAT:   1   0   0
 EJAY,EJAYF
    0.0000    0.5872    0.6095    0.6429    0.6875
    0.7433    0.8102    0.8882    0.9774    1.0778
    1.1893    1.3119    1.4457    1.5906    1.7467
    1.9140    2.0924    2.2819    2.4826    2.6945
    2.9175    3.1516    3.3969    3.6534    3.9209
    4.1997    4.4896    4.7906    5.1028    5.4262
    5.7607

     0     1

   10.3109   10.3178   10.3317   10.3524   10.3801
   10.4147   10.4563   10.5047   10.5601   10.6224
   10.6916   10.7678   10.8508   10.9408   11.0377
   11.1416   11.2523   11.3700   11.4946   11.6261
   11.7646   11.9099   12.0622   12.2214   12.3875
   12.5606   12.7406   12.9275   13.1213   13.3220
   13.5297

     0     1

 BARRIER
   10.3109    9.7307    9.7222    9.7095    9.6926
    9.6715    9.6461    9.6165    9.5827    9.5446
    9.5024    9.4559    9.4051    9.3502    9.2910
    9.2276    9.1599    9.0881    9.0120    8.9316
    8.8471    8.7583    8.6653    8.5681    8.4666
    8.3609    8.2510    8.1368    8.0185    7.8959
    7.7690

     0     1

 ROT OUTPUT  YRSMO,YRSMOF
    0.0000    0.0109    0.0327    0.0653    0.1089
    0.1634    0.2287    0.3049    0.3921    0.4901
    0.5990    0.7188    0.8495    0.9911    1.1435
    1.3069    1.4811    1.6663    1.8623    2.0692
    2.2871    2.5158    2.7554    3.0058    3.2672
    3.5395    3.8227    4.1167    4.4216    4.7375
    5.0642

     0     1

    9.1384    9.1453    9.1592    9.1800    9.2076
    9.2423    9.2838    9.3322    9.3876    9.4499
    9.5191    9.5953    9.6783    9.7683    9.8652
    9.9691   10.0798   10.1975   10.3221   10.4536
   10.5921   10.7374   10.8897   11.0489   11.2151
   11.3881   11.5681   11.7550   11.9488   12.1496
   12.3572

     0     1

 BARRIER
    9.1384    9.1344    9.1265    9.1146    9.0987
    9.0789    9.0551    9.0273    8.9955    8.9598
    8.9201    8.8765    8.8289    8.7773    8.7217
    8.6622    8.5987    8.5312    8.4598    8.3844
    8.3050    8.2217    8.1344    8.0431    7.9478
    7.8486    7.7454    7.6383    7.5272    7.4121
    7.2930

     0     1


 ROT OUTPUT  FORMAT:   1   0   0
 EJAY,EJAYF
    0.0000    0.5782    0.6007    0.6345    0.6795
    0.7358    0.8033    0.8821    0.9721    1.0734
    1.1859    1.3097    1.4448    1.5911    1.7487
    1.9175    2.0976    2.2889    2.4915    2.7053
    2.9304    3.1668    3.4144    3.6732    3.9433
    4.2247    4.5173    4.8212    5.1363    5.4627
    5.8003

     0     1

   10.2900   10.2969   10.3108   10.3317   10.3595
   10.3942   10.4359   10.4846   10.5402   10.6028
   10.6723   10.7488   10.8322   10.9226   11.0199
   11.1242   11.2354   11.3536   11.4787   11.6108
   11.7498   11.8958   12.0487   12.2086   12.3754
   12.5492   12.7300   12.9177   13.1123   13.3139
   13.5225

     0     1

 BARRIER
   10.2900    9.7187    9.7101    9.6972    9.6800
    9.6585    9.6327    9.6025    9.5681    9.5294
    9.4864    9.4390    9.3874    9.3314    9.2712
    9.2067    9.1378    9.0647    8.9872    8.9055
    8.8194    8.7290    8.6344    8.5354    8.4321
    8.3246    8.2127    8.0965    7.9760    7.8512
    7.7221

     0     1

 ROT OUTPUT  YRSMO,YRSMOF
    0.0000    0.0110    0.0330    0.0659    0.1099
    0.1648    0.2307    0.3076    0.3955    0.4944
    0.6043    0.7251    0.8570    0.9998    1.1536
    1.3184    1.4942    1.6810    1.8787    2.0875
    2.3072    2.5379    2.7796    3.0323    3.2960
    3.5707    3.8563    4.1530    4.4606    4.7792
    5.1088

     0     1

    9.1178    9.1248    9.1387    9.1595    9.1873
    9.2221    9.2638    9.3124    9.3681    9.4306
    9.5001    9.5766    9.6600    9.7504    9.8477
    9.9520   10.0632   10.1814   10.3065   10.4386
   10.5776   10.7236   10.8766   11.0364   11.2033
   11.3771   11.5578   11.7455   11.9402   12.1418
   12.3503

     0     1

 BARRIER
    9.1178    9.1138    9.1057    9.0936    9.0775
    9.0573    9.0331    9.0048    8.9725    8.9362
    8.8959    8.8515    8.8031    8.7506    8.6941
    8.6336    8.5690    8.5004    8.4278    8.3511
    8.2704    8.1857    8.0969    8.0041    7.9073
    7.8064    7.7015    7.5925    7.4795    7.3625
    7.2415

     0     1


 ROT OUTPUT  FORMAT:   1   0   0
 EJAY,EJAYF
    0.0000    0.5004    0.5230    0.5570    0.6023
    0.6589    0.7269    0.8062    0.8968    0.9987
    1.1120    1.2366    1.3725    1.5198    1.6784
    1.8483    2.0295    2.2221    2.4259    2.6411
    2.8677    3.1056    3.3547    3.6153    3.8871
    4.1703    4.4648    4.7706    5.0878    5.4162
    5.7561

     0     1

   10.1135   10.1205   10.1345   10.1554   10.1834
   10.2183   10.2602   10.3091   10.3649   10.4278
   10.4976   10.5744   10.6582   10.7490   10.8468
   10.9515   11.0633   11.1820   11.3077   11.4404
   11.5800   11.7267   11.8803   12.0409   12.2085
   12.3831   12.5647   12.7532   12.9488   13.1513
   13.3608

     0     1

 BARRIER
   10.1135    9.6202    9.6115    9.5984    9.5811
    9.5593    9.5333    9.5029    9.4681    9.4290
    9.3856    9.3378    9.2857    9.2292    9.1684
    9.1033    9.0338    8.9599    8.8818    8.7992
    8.7124    8.6211    8.5256    8.4257    8.3214
    8.2128    8.0999    7.9826    7.8610    7.7351
    7.6048

     0     1

 ROT OUTPUT  YRSMO,YRSMOF
    0.0000    0.0111    0.0333    0.0665    0.1108
    0.1663    0.2328    0.3104    0.3990    0.4988
    0.6096    0.7315    0.8646    1.0086    1.1638
    1.3301    1.5074    1.6959    1.8954    2.1060
    2.3277    2.5604    2.8043    3.0592    3.3252
    3.6023    3.8905    4.1898    4.5001    4.8216
    5.1541

     0     1

    9.0864    9.0933    9.1073    9.1283    9.1562
    9.1911    9.2330    9.2819    9.3378    9.4006
    9.4704    9.5473    9.6311    9.7219    9.8196
    9.9244   10.0361   10.1548   10.2805   10.4132
   10.5529   10.6995   10.8532   11.0138   11.1814
   11.3560   11.5375   11.7261   11.9216   12.1241
   12.3336

     0     1

 BARRIER
    9.0864    9.0823    9.0741    9.0618    9.0454
    9.0249    9.0002    8.9715    8.9387    8.9018
    8.8608    8.8157    8.7665    8.7132    8.6558
    8.5943    8.5287    8.4590    8.3851    8.3072
    8.2252    8.1391    8.0489    7.9546    7.8562
    7.7536    7.6470    7.5363    7.4215    7.3026
    7.1795

     0     1


 ROT OUTPUT  FORMAT:   1   0   0
 EJAY,EJAYF
    0.0000    2.0381    2.0615    2.0965    2.1432
    2.2016    2.2717    2.3534    2.4468    2.5519
    2.6687    2.7972    2.9373    3.0891    3.2526
    3.4278    3.6146    3.8132    4.0234    4.2453
    4.4788    4.7241    4.9810    5.2496    5.5298
    5.8218    6.1254    6.4407    6.7677    7.1064
    7.4567

     0     1

   12.8893   12.8956   12.9082   12.9270   12.9521
   12.9835   13.0212   13.0652   13.1154   13.1720
   13.2348   13.3039   13.3792   13.4609   13.5488
   13.6430   13.7435   13.8503   13.9634   14.0827
   14.2083   14.3402   14.4784   14.6229   14.7736
   14.9306   15.0939   15.2635   15.4394   15.6215
   15.8100

     0     1

 BARRIER
   12.8893   10.8575   10.8467   10.8305   10.8089
   10.7819   10.7496   10.7118   10.6686   10.6200
   10.5661   10.5067   10.4419   10.3718   10.2962
   10.2152   10.1289   10.0371    9.9400    9.8374
    9.7295    9.6162    9.4974    9.3733    9.2438
    9.1088    8.9685    8.8228    8.6717    8.5151
    8.3532

     0     1

 ROT OUTPUT  YRSMO,YRSMOF
    0.0000    0.0101    0.0302    0.0604    0.1006
    0.1509    0.2113    0.2817    0.3622    0.4528
    0.5534    0.6641    0.7848    0.9156    1.0565
    1.2074    1.3684    1.5395    1.7206    1.9118
    2.1130    2.3243    2.5456    2.7771    3.0186
    3.2701    3.5317    3.8034    4.0851    4.3769
    4.6788

     0     1

    7.6099    7.6162    7.6288    7.6476    7.6727
    7.7041    7.7418    7.7858    7.8360    7.8926
    7.9554    8.0245    8.0998    8.1815    8.2694
    8.3636    8.4641    8.5709    8.6840    8.8033
    8.9289    9.0608    9.1990    9.3435    9.4942
    9.6512    9.8145    9.9841   10.1600   10.3421
   10.5306

     0     1

 BARRIER
    7.6099    7.6061    7.5986    7.5872    7.5721
    7.5532    7.5305    7.5041    7.4738    7.4398
    7.4020    7.3604    7.3150    7.2659    7.2129
    7.1562    7.0957    7.0314    6.9634    6.8916
    6.8159    6.7365    6.6534    6.5664    6.4756
    6.3811    6.2828    6.1807    6.0749    5.9652
    5.8518

     0     1


 ROT OUTPUT  FORMAT:   1   0   0
 EJAY,EJAYF
    0.0000    1.6426    1.6656    1.7002    1.7462
    1.8038    1.8728    1.9534    2.0455    2.1491
    2.2642    2.3909    2.5290    2.6787    2.8398
    3.0125    3.1967    3.3924    3.5996    3.8183
    4.0485    4.2903    4.5435    4.8083    5.0846
    5.3724    5.6717    5.9825    6.3048    6.6387
    6.9840

     0     1

   11.9054   11.9117   11.9243   11.9433   11.9686
   12.0002   12.0381   12.0823   12.1328   12.1897
   12.2529   12.3223   12.3982   12.4803   12.5687
   12.6635   12.7646   12.8720   12.9857   13.1057
   13.2320   13.3647   13.5037   13.6490   13.8006
   13.9586   14.1228   14.2934   14.4703   14.6535
   14.8430

     0     1

 BARRIER
   11.9054   10.2691   10.2587   10.2431   10.2224
   10.1964   10.1652   10.1289   10.0873   10.0406
    9.9886    9.9315    9.8692    9.8016    9.7289
    9.6510    9.5679    9.4796    9.3861    9.2874
    9.1835    9.0744    8.9602    8.8407    8.7160
    8.5862    8.4511    8.3109    8.1654    8.0148
    7.8590

     0     1

 ROT OUTPUT  YRSMO,YRSMOF
    0.0000    0.0101    0.0304    0.0609    0.1015
    0.1522    0.2131    0.2841    0.3652    0.4566
    0.5580    0.6696    0.7914    0.9233    1.0653
    1.2175    1.3798    1.5523    1.7349    1.9277
    2.1306    2.3437    2.5669    2.8002    3.0437
    3.2974    3.5612    3.8351    4.1192    4.4134
    4.7178

     0     1

    7.5725    7.5788    7.5914    7.6104    7.6357
    7.6672    7.7051    7.7494    7.7999    7.8568
    7.9199    7.9894    8.0652    8.1474    8.2358
    8.3306    8.4316    8.5390    8.6528    8.7728
    8.8991    9.0318    9.1708    9.3161    9.4677
    9.6256    9.7899    9.9605   10.1373   10.3206
   10.5101

     0     1

 BARRIER
    7.5725    7.5687    7.5610    7.5495    7.5342
    7.5151    7.4921    7.4653    7.4347    7.4002
    7.3619    7.3198    7.2739    7.2241    7.1705
    7.1131    7.0518    6.9867    6.9178    6.8451
    6.7685    6.6881    6.6039    6.5159    6.4240
    6.3283    6.2287    6.1254    6.0182    5.9072
    5.7923

     0     1


 ROT OUTPUT  FORMAT:   1   0   0
 EJAY,EJAYF
    0.0000    1.5016    1.5247    1.5593    1.6055
    1.6632    1.7324    1.8132    1.9055    2.0094
    2.1248    2.2517    2.3902    2.5402    2.7018
    2.8749    3.0595    3.2557    3.4634    3.6827
    3.9135    4.1558    4.4097    4.6751    4.9521
    5.2406    5.5406    5.8522    6.1753    6.5100
    6.8562

     0     1

   11.5572   11.5636   11.5763   11.5954   11.6208
   11.6526   11.6907   11.7352   11.7861   11.8433
   11.9069   11.9768   12.0531   12.1358   12.2248
   12.3202   12.4219   12.5300   12.6444   12.7653
   12.8924   13.0259   13.1658   13.3121   13.4647
   13.6236   13.7889   13.9606   14.1386   14.3230
   14.5138

     0     1

 BARRIER
   11.5572   10.0619   10.0516   10.0360   10.0153
    9.9894    9.9583    9.9220    9.8806    9.8339
    9.7821    9.7251    9.6629    9.5956    9.5230
    9.4453    9.3624    9.2743    9.1810    9.0826
    8.9789    8.8701    8.7561    8.6369    8.5126
    8.3830    8.2483    8.1084    7.9633    7.8130
    7.6575

     0     1

 ROT OUTPUT  YRSMO,YRSMOF
    0.0000    0.0102    0.0307    0.0614    0.1023
    0.1535    0.2148    0.2865    0.3683    0.4604
    0.5627    0.6752    0.7980    0.9310    1.0742
    1.2277    1.3914    1.5653    1.7494    1.9438
    2.1484    2.3633    2.5884    2.8237    3.0692
    3.3250    3.5910    3.8672    4.1537    4.4504
    4.7573

     0     1

    7.5234    7.5297    7.5425    7.5615    7.5870
    7.6188    7.6569    7.7014    7.7523    7.8095
    7.8731    7.9430    8.0193    8.1020    8.1910
    8.2864    8.3881    8.4962    8.6106    8.7314
    8.8586    8.9921    9.1320    9.2782    9.4308
    9.5898    9.7551    9.9268   10.1048   10.2892
   10.4799

     0     1

 BARRIER
    7.5234    7.5195    7.5118    7.5001    7.4847
    7.4653    7.4421    7.4149    7.3840    7.3491
    7.3104    7.2678    7.2213    7.1710    7.1168
    7.0587    6.9967    6.9309    6.8612    6.7876
    6.7101    6.6288    6.5436    6.4546    6.3616
    6.2648    6.1641    6.0596    5.9511    5.8388
    5.7227

     0     1


 ROT OUTPUT  FORMAT:   1   0   0
 EJAY,EJAYF
    0.0000    1.1344    1.1571    1.1912    1.2366
    1.2934    1.3616    1.4411    1.5320    1.6342
    1.7478    1.8728    2.0091    2.1568    2.3159
    2.4863    2.6680    2.8612    3.0657    3.2815
    3.5087    3.7473    3.9972    4.2585    4.5312
    4.8152    5.1105    5.4173    5.7354    6.0648
    6.4056

     0     1

   10.5992   10.6056   10.6184   10.6376   10.6631
   10.6951   10.7334   10.7782   10.8293   10.8868
   10.9507   11.0210   11.0977   11.1808   11.2703
   11.3661   11.4684   11.5770   11.6921   11.8135
   11.9413   12.0756   12.2162   12.3632   12.5165
   12.6763   12.8425   13.0151   13.1940   13.3794
   13.5711

     0     1

 BARRIER
   10.5992    9.4712    9.4613    9.4464    9.4265
    9.4017    9.3718    9.3370    9.2973    9.2526
    9.2029    9.1482    9.0886    9.0240    8.9544
    8.8799    8.8004    8.7159    8.6264    8.5320
    8.4326    8.3283    8.2189    8.1046    7.9854
    7.8611    7.7319    7.5978    7.4586    7.3145
    7.1654

     0     1

 ROT OUTPUT  YRSMO,YRSMOF
    0.0000    0.0103    0.0310    0.0619    0.1032
    0.1548    0.2167    0.2889    0.3714    0.4643
    0.5674    0.6809    0.8047    0.9388    1.0833
    1.2380    1.4031    1.5785    1.7642    1.9602
    2.1665    2.3832    2.6101    2.8474    3.0950
    3.3530    3.6212    3.8997    4.1886    4.4878
    4.7973

     0     1

    7.4859    7.4923    7.5051    7.5242    7.5498
    7.5818    7.6201    7.6648    7.7160    7.7735
    7.8374    7.9077    7.9844    8.0675    8.1570
    8.2528    8.3551    8.4637    8.5788    8.7002
    8.8280    8.9622    9.1029    9.2498    9.4032
    9.5630    9.7292    9.9017   10.0807   10.2660
   10.4578

     0     1

 BARRIER
    7.4859    7.4820    7.4741    7.4623    7.4466
    7.4270    7.4035    7.3760    7.3446    7.3092
    7.2700    7.2268    7.1797    7.1287    7.0737
    7.0148    6.9520    6.8853    6.8146    6.7400
    6.6615    6.5791    6.4927    6.4024    6.3082
    6.2101    6.1080    6.0020    5.8921    5.7782
    5.6605

     0     1


 ROT OUTPUT  FORMAT:   1   0   0
 EJAY,EJAYF
    0.0000    1.0439    1.0667    1.1010    1.1467
    1.2038    1.2723    1.3523    1.4437    1.5465
    1.6607    1.7863    1.9234    2.0719    2.2318
    2.4031    2.5859    2.7800    2.9856    3.2027
    3.4311    3.6710    3.9223    4.1850    4.4591
    4.7446    5.0416    5.3500    5.6698    6.0011
    6.3437

     0     1

   10.3821   10.3886   10.4014   10.4207   10.4464
   10.4785   10.5170   10.5620   10.6134   10.6712
   10.7354   10.8061   10.8832   10.9667   11.0566
   11.1530   11.2557   11.3649   11.4806   11.6026
   11.7311   11.8660   12.0073   12.1550   12.3092
   12.4698   12.6368   12.8102   12.9901   13.1764
   13.3691

     0     1

 BARRIER
   10.3821    9.3447    9.3347    9.3197    9.2997
    9.2747    9.2447    9.2097    9.1697    9.1247
    9.0748    9.0198    8.9598    8.8948    8.8248
    8.7498    8.6699    8.5849    8.4949    8.4000
    8.3000    8.1950    8.0850    7.9701    7.8501
    7.7252    7.5952    7.4602    7.3203    7.1753
    7.0254

     0     1

 ROT OUTPUT  YRSMO,YRSMOF
    0.0000    0.0104    0.0312    0.0624    0.1040
    0.1561    0.2185    0.2913    0.3745    0.4682
    0.5722    0.6867    0.8115    0.9468    1.0924
    1.2485    1.4149    1.5918    1.7791    1.9768
    2.1848    2.4033    2.6322    2.8715    3.1212
    3.3813    3.6518    3.9327    4.2240    4.5257
    4.8379

     0     1

    7.4453    7.4517    7.4646    7.4838    7.5095
    7.5417    7.5802    7.6252    7.6765    7.7344
    7.7986    7.8693    7.9463    8.0298    8.1198
    8.2161    8.3189    8.4281    8.5437    8.6658
    8.7942    8.9291    9.0705    9.2182    9.3724
    9.5330    9.7000    9.8734   10.0533   10.2396
   10.4323

     0     1

 BARRIER
    7.4453    7.4413    7.4334    7.4214    7.4055
    7.3856    7.3617    7.3338    7.3020    7.2662
    7.2264    7.1826    7.1348    7.0831    7.0274
    6.9676    6.9040    6.8363    6.7646    6.6890
    6.6094    6.5258    6.4383    6.3467    6.2512
    6.1517    6.0482    5.9407    5.8293    5.7138
    5.5944

     0     1


 ROT OUTPUT  FORMAT:   1   0   0
 EJAY,EJAYF
    0.0000    0.7127    0.7352    0.7689    0.8138
    0.8700    0.9374    1.0160    1.1059    1.2070
    1.3193    1.4429    1.5777    1.7238    1.8811
    2.0496    2.2293    2.4203    2.6225    2.8360
    3.0607    3.2966    3.5437    3.8021    4.0717
    4.3526    4.6447    4.9480    5.2626    5.5884
    5.9254

     0     1

    9.4818    9.4883    9.5011    9.5205    9.5463
    9.5785    9.6172    9.6623    9.7138    9.7718
    9.8363    9.9072    9.9845   10.0683   10.1586
   10.2552   10.3584   10.4679   10.5839   10.7064
   10.8353   10.9707   11.1125   11.2607   11.4154
   11.5765   11.7441   11.9181   12.0986   12.2855
   12.4788

     0     1

 BARRIER
    9.4818    8.7756    8.7660    8.7516    8.7325
    8.7085    8.6798    8.6463    8.6079    8.5648
    8.5170    8.4643    8.4068    8.3445    8.2775
    8.2057    8.1290    8.0476    7.9614    7.8704
    7.7746    7.6741    7.5687    7.4586    7.3436
    7.2239    7.0994    6.9701    6.8360    6.6971
    6.5534

     0     1

 ROT OUTPUT  YRSMO,YRSMOF
    0.0000    0.0105    0.0315    0.0630    0.1049
    0.1574    0.2203    0.2938    0.3777    0.4722
    0.5771    0.6925    0.8184    0.9548    1.1017
    1.2591    1.4270    1.6053    1.7942    1.9935
    2.2034    2.4237    2.6546    2.8959    3.1477
    3.4100    3.6828    3.9661    4.2599    4.5642
    4.8789

     0     1

    7.4201    7.4265    7.4394    7.4587    7.4845
    7.5167    7.5554    7.6005    7.6521    7.7101
    7.7745    7.8454    7.9228    8.0066    8.0968
    8.1935    8.2966    8.4062    8.5222    8.6446
    8.7736    8.9089    9.0507    9.1989    9.3536
    9.5148    9.6823    9.8563   10.0368   10.2237
   10.4171

     0     1

 BARRIER
    7.4201    7.4160    7.4079    7.3958    7.3796
    7.3593    7.3351    7.3067    7.2744    7.2379
    7.1975    7.1529    7.1044    7.0518    6.9951
    6.9344    6.8696    6.8008    6.7280    6.6511
    6.5702    6.4852    6.3961    6.3030    6.2059
    6.1047    5.9995    5.8902    5.7769    5.6596
    5.5381

     0     1


 ROT OUTPUT  FORMAT:   1   0   0
 EJAY,EJAYF
    0.0000    2.0197    2.0425    2.0768    2.1225
    2.1796    2.2481    2.3281    2.4195    2.5223
    2.6365    2.7621    2.8992    3.0477    3.2076
    3.3789    3.5617    3.7558    3.9614    4.1785
    4.4069    4.6468    4.8981    5.1608    5.4349
    5.7204    6.0174    6.3258    6.6456    6.9769
    7.3195

     0     1

   12.7438   12.7502   12.7630   12.7822   12.8079
   12.8399   12.8783   12.9232   12.9745   13.0321
   13.0962   13.1667   13.2435   13.3268   13.4165
   13.5126   13.6152   13.7241   13.8394   13.9611
   14.0893   14.2238   14.3648   14.5121   14.6659
   14.8261   14.9927   15.1657   15.3451   15.5309
   15.7231

     0     1

 BARRIER
   12.7438   10.7305   10.7205   10.7054   10.6854
   10.6603   10.6302   10.5951   10.5550   10.5099
   10.4597   10.4045   10.3444   10.2792   10.2090
   10.1337   10.0535    9.9682    9.8780    9.7827
    9.6824    9.5771    9.4667    9.3514    9.2310
    9.1056    8.9753    8.8399    8.6994    8.5540
    8.4035

     0     1

 ROT OUTPUT  YRSMO,YRSMOF
    0.0000    0.0102    0.0305    0.0609    0.1015
    0.1523    0.2132    0.2843    0.3655    0.4569
    0.5584    0.6701    0.7920    0.9240    1.0661
    1.2184    1.3809    1.5535    1.7362    1.9292
    2.1322    2.3455    2.5688    2.8024    3.0460
    3.2999    3.5639    3.8380    4.1223    4.4168
    4.7214

     0     1

    8.0199    8.0263    8.0391    8.0583    8.0839
    8.1160    8.1544    8.1993    8.2505    8.3082
    8.3722    8.4427    8.5196    8.6029    8.6926
    8.7887    8.8912    9.0001    9.1155    9.2372
    9.3653    9.4999    9.6408    9.7882    9.9420
   10.1022   10.2687   10.4417   10.6211   10.8069
   10.9991

     0     1

 BARRIER
    8.0199    8.0161    8.0086    7.9974    7.9824
    7.9637    7.9412    7.9150    7.8850    7.8513
    7.8138    7.7726    7.7276    7.6789    7.6265
    7.5703    7.5103    7.4467    7.3792    7.3080
    7.2331    7.1544    7.0720    6.9858    6.8959
    6.8023    6.7049    6.6037    6.4988    6.3902
    6.2778

     0     1


 ROT OUTPUT  FORMAT:   1   0   0
 EJAY,EJAYF
    0.0000    1.7648    1.7876    1.8219    1.8676
    1.9247    1.9933    2.0733    2.1647    2.2675
    2.3818    2.5075    2.6446    2.7932    2.9531
    3.1245    3.3073    3.5016    3.7073    3.9244
    4.1529    4.3928    4.6442    4.9070    5.1813
    5.4669    5.7640    6.0725    6.3925    6.7238
    7.0666

     0     1

   12.2400   12.2464   12.2592   12.2785   12.3041
   12.3362   12.3747   12.4196   12.4709   12.5287
   12.5928   12.6634   12.7404   12.8238   12.9136
   13.0099   13.1125   13.2216   13.3371   13.4589
   13.5873   13.7220   13.8631   14.0107   14.1647
   14.3251   14.4919   14.6651   14.8447   15.0308
   15.2233

     0     1

 BARRIER
   12.2400   10.4816   10.4716   10.4566   10.4365
   10.4115   10.3814   10.3463   10.3062   10.2611
   10.2110   10.1559   10.0958   10.0306    9.9605
    9.8853    9.8052    9.7200    9.6298    9.5346
    9.4344    9.3291    9.2189    9.1037    8.9834
    8.8581    8.7278    8.5926    8.4523    8.3069
    8.1566

     0     1

 ROT OUTPUT  YRSMO,YRSMOF
    0.0000    0.0102    0.0307    0.0614    0.1024
    0.1536    0.2150    0.2867    0.3686    0.4608
    0.5632    0.6758    0.7987    0.9318    1.0751
    1.2287    1.3925    1.5666    1.7509    1.9455
    2.1503    2.3653    2.5905    2.8260    3.0718
    3.3278    3.5940    3.8705    4.1572    4.4541
    4.7613

     0     1

    8.0022    8.0086    8.0215    8.0407    8.0664
    8.0985    8.1370    8.1819    8.2332    8.2909
    8.3551    8.4257    8.5026    8.5860    8.6759
    8.7721    8.8748    8.9838    9.0993    9.2212
    9.3495    9.4842    9.6254    9.7729    9.9269
   10.0873   10.2541   10.4273   10.6070   10.7930
   10.9855

     0     1

 BARRIER
    8.0022    7.9984    7.9908    7.9793    7.9640
    7.9449    7.9219    7.8952    7.8646    7.8302
    7.7919    7.7499    7.7040    7.6543    7.6007
    7.5434    7.4822    7.4172    7.3484    7.2757
    7.1993    7.1190    7.0348    6.9469    6.8551
    6.7595    6.6601    6.5569    6.4498    6.3389
    6.2242

     0     1


 ROT OUTPUT  FORMAT:   1   0   0
 EJAY,EJAYF
    0.0000    1.4252    1.4479    1.4820    1.5274
    1.5841    1.6523    1.7317    1.8226    1.9247
    2.0383    2.1632    2.2994    2.4470    2.6060
    2.7763    2.9579    3.1509    3.3553    3.5710
    3.7981    4.0365    4.2863    4.5474    4.8199
    5.1037    5.3989    5.7055    6.0234    6.3526
    6.6932

     0     1

   11.4847   11.4912   11.5040   11.5233   11.5490
   11.5811   11.6197   11.6647   11.7161   11.7739
   11.8382   11.9089   11.9860   12.0696   12.1595
   12.2559   12.3587   12.4680   12.5837   12.7058
   12.8343   12.9693   13.1106   13.2585   13.4127
   13.5734   13.7404   13.9140   14.0939   14.2803
   14.4731

     0     1

 BARRIER
   11.4847   10.0660   10.0561   10.0413   10.0216
    9.9970    9.9674    9.9330    9.8935    9.8492
    9.7999    9.7457    9.6866    9.6225    9.5536
    9.4797    9.4008    9.3171    9.2284    9.1348
    9.0362    8.9328    8.8244    8.7111    8.5928
    8.4696    8.3415    8.2085    8.0705    7.9277
    7.7799

     0     1

 ROT OUTPUT  YRSMO,YRSMOF
    0.0000    0.0103    0.0310    0.0620    0.1033
    0.1549    0.2169    0.2891    0.3717    0.4647
    0.5679    0.6815    0.8054    0.9397    1.0843
    1.2392    1.4044    1.5799    1.7658    1.9620
    2.1685    2.3854    2.6125    2.8501    3.0979
    3.3560    3.6245    3.9033    4.1925    4.4919
    4.8017

     0     1

    7.9712    7.9776    7.9905    8.0097    8.0354
    8.0676    8.1061    8.1511    8.2025    8.2604
    8.3246    8.3953    8.4724    8.5560    8.6460
    8.7424    8.8452    8.9544    9.0701    9.1922
    9.3208    9.4557    9.5971    9.7449    9.8991
   10.0598   10.2269   10.4004   10.5804   10.7667
   10.9595

     0     1

 BARRIER
    7.9712    7.9673    7.9595    7.9478    7.9322
    7.9127    7.8893    7.8620    7.8308    7.7957
    7.7567    7.7138    7.6670    7.6163    7.5617
    7.5032    7.4408    7.3745    7.3043    7.2302
    7.1522    7.0703    6.9845    6.8949    6.8013
    6.7038    6.6024    6.4971    6.3879    6.2748
    6.1578

     0     1


 ROT OUTPUT  FORMAT:   1   0   0
 EJAY,EJAYF
    0.0000    1.1560    1.1786    1.2125    1.2578
    1.3143    1.3822    1.4613    1.5518    1.6536
    1.7667    1.8911    2.0268    2.1739    2.3322
    2.5019    2.6828    2.8751    3.0787    3.2936
    3.5197    3.7573    4.0061    4.2662    4.5376
    4.8204    5.1144    5.4198    5.7365    6.0645
    6.4038

     0     1

   10.8629   10.8694   10.8823   10.9016   10.9273
   10.9595   10.9981   11.0432   11.0947   11.1526
   11.2170   11.2878   11.3650   11.4487   11.5388
   11.6354   11.7383   11.8478   11.9636   12.0859
   12.2147   12.3498   12.4914   12.6395   12.7940
   12.9549   13.1223   13.2960   13.4763   13.6629
   13.8560

     0     1

 BARRIER
   10.8629    9.7134    9.7037    9.6890    9.6695
    9.6452    9.6159    9.5818    9.5428    9.4990
    9.4503    9.3966    9.3382    9.2748    9.2066
    9.1335    9.0555    8.9727    8.8850    8.7924
    8.6949    8.5926    8.4854    8.3733    8.2563
    8.1345    8.0078    7.8762    7.7398    7.5985
    7.4523

     0     1

 ROT OUTPUT  YRSMO,YRSMOF
    0.0000    0.0104    0.0312    0.0625    0.1041
    0.1562    0.2187    0.2916    0.3749    0.4686
    0.5728    0.6874    0.8123    0.9477    1.0935
    1.2497    1.4164    1.5934    1.7809    1.9787
    2.1870    2.4057    2.6348    2.8744    3.1243
    3.3847    3.6555    3.9366    4.2282    4.5303
    4.8427

     0     1

    7.9324    7.9388    7.9517    7.9710    7.9968
    8.0289    8.0676    8.1126    8.1641    8.2221
    8.2864    8.3572    8.4345    8.5181    8.6083
    8.7048    8.8078    8.9172    9.0331    9.1554
    9.2841    9.4193    9.5609    9.7089    9.8634
   10.0244   10.1917   10.3655   10.5457   10.7324
   10.9255

     0     1

 BARRIER
    7.9324    7.9284    7.9205    7.9085    7.8926
    7.8727    7.8489    7.8210    7.7892    7.7534
    7.7136    7.6699    7.6221    7.5704    7.5147
    7.4551    7.3914    7.3238    7.2522    7.1766
    7.0971    7.0136    6.9261    6.8346    6.7391
    6.6397    6.5363    6.4289    6.3175    6.2021
    6.0828

     0     1


 ROT OUTPUT  FORMAT:   1   0   0
 EJAY,EJAYF
    0.0000    0.8723    0.8948    0.9284    0.9733
    1.0295    1.0968    1.1754    1.2652    1.3662
    1.4785    1.6019    1.7367    1.8826    2.0397
    2.2081    2.3877    2.5785    2.7806    2.9939
    3.2184    3.4541    3.7011    3.9593    4.2287
    4.5093    4.8012    5.1042    5.4185    5.7441
    6.0808

     0     1

   10.1448   10.1513   10.1642   10.1836   10.2094
   10.2417   10.2804   10.3256   10.3773   10.4354
   10.4999   10.5710   10.6484   10.7324   10.8228
   10.9196   11.0229   11.1327   11.2489   11.3716
   11.5007   11.6363   11.7783   11.9268   12.0818
   12.2432   12.4111   12.5854   12.7662   12.9534
   13.1471

     0     1

 BARRIER
   10.1448    9.2790    9.2695    9.2551    9.2361
    9.2122    9.1836    9.1502    9.1121    9.0692
    9.0215    8.9690    8.9118    8.8498    8.7830
    8.7115    8.6352    8.5541    8.4683    8.3777
    8.2823    8.1822    8.0773    7.9676    7.8531
    7.7339    7.6099    7.4812    7.3476    7.2094
    7.0663

     0     1

 ROT OUTPUT  YRSMO,YRSMOF
    0.0000    0.0105    0.0315    0.0630    0.1050
    0.1576    0.2206    0.2941    0.3781    0.4727
    0.5777    0.6932    0.8193    0.9558    1.1029
    1.2604    1.4285    1.6070    1.7961    1.9957
    2.2058    2.4263    2.6574    2.8990    3.1511
    3.4137    3.6868    3.9704    4.2645    4.5691
    4.8842

     0     1

    7.8788    7.8852    7.8981    7.9175    7.9433
    7.9756    8.0144    8.0595    8.1112    8.1693
    8.2339    8.3049    8.3824    8.4663    8.5567
    8.6535    8.7569    8.8666    8.9828    9.1055
    9.2346    9.3702    9.5123    9.6608    9.8157
    9.9771   10.1450   10.3193   10.5001   10.6874
   10.8810

     0     1

 BARRIER
    7.8788    7.8747    7.8666    7.8545    7.8383
    7.8181    7.7938    7.7654    7.7331    7.6966
    7.6562    7.6117    7.5631    7.5105    7.4538
    7.3931    7.3284    7.2596    7.1867    7.1098
    7.0289    6.9439    6.8549    6.7618    6.6646
    6.5635    6.4582    6.3490    6.2357    6.1183
    5.9969

     0     1


 ROT OUTPUT  FORMAT:   1   0   0
 EJAY,EJAYF
    0.0000    0.7421    0.7646    0.7983    0.8433
    0.8995    0.9669    1.0456    1.1355    1.2366
    1.3490    1.4727    1.6075    1.7537    1.9110
    2.0796    2.2594    2.4505    2.6528    2.8663
    3.0911    3.3271    3.5744    3.8329    4.1026
    4.3836    4.6758    4.9793    5.2940    5.6199
    5.9571

     0     1

    9.8071    9.8136    9.8266    9.8461    9.8720
    9.9045    9.9435    9.9889   10.0408   10.0993
   10.1642   10.2356   10.3135   10.3979   10.4888
   10.5862   10.6901   10.8004   10.9173   11.0406
   11.1705   11.3068   11.4496   11.5990   11.7548
   11.9171   12.0859   12.2612   12.4429   12.6312
   12.8260

     0     1

 BARRIER
    9.8071    9.0715    9.0620    9.0478    9.0288
    9.0050    8.9765    8.9433    8.9053    8.8626
    8.8152    8.7629    8.7060    8.6443    8.5778
    8.5066    8.4306    8.3499    8.2645    8.1743
    8.0794    7.9797    7.8753    7.7661    7.6521
    7.5335    7.4101    7.2819    7.1490    7.0113
    6.8689

     0     1

 ROT OUTPUT  YRSMO,YRSMOF
    0.0000    0.0106    0.0318    0.0636    0.1059
    0.1589    0.2225    0.2966    0.3814    0.4767
    0.5826    0.6992    0.8263    0.9640    1.1123
    1.2712    1.4407    1.6208    1.8115    2.0127
    2.2246    2.4471    2.6801    2.9238    3.1780
    3.4428    3.7183    4.0043    4.3009    4.6081
    4.9259

     0     1

    7.8415    7.8480    7.8609    7.8804    7.9064
    7.9388    7.9778    8.0232    8.0752    8.1336
    8.1985    8.2699    8.3479    8.4322    8.5231
    8.6205    8.7244    8.8348    8.9516    9.0750
    9.2048    9.3412    9.4840    9.6333    9.7891
    9.9514   10.1202   10.2955   10.4773   10.6656
   10.8603

     0     1

 BARRIER
    7.8415    7.8374    7.8292    7.8169    7.8005
    7.7799    7.7553    7.7266    7.6938    7.6569
    7.6159    7.5708    7.5216    7.4683    7.4108
    7.3493    7.2837    7.2140    7.1402    7.0622
    6.9802    6.8941    6.8039    6.7095    6.6111
    6.5086    6.4020    6.2912    6.1764    6.0575
    5.9344

     0     1


 ROT OUTPUT  FORMAT:   1   0   0
 EJAY,EJAYF
    0.0000    2.2114    2.2341    2.2681    2.3136
    2.3704    2.4385    2.5180    2.6088    2.7111
    2.8246    2.9495    3.0858    3.2335    3.3925
    3.5628    3.7445    3.9376    4.1420    4.3578
    4.5849    4.8234    5.0733    5.3345    5.6070
    5.8909    6.1862    6.4929    6.8108    7.1402
    7.4809

     0     1

   13.2102   13.2168   13.2299   13.2495   13.2756
   13.3083   13.3476   13.3934   13.4457   13.5045
   13.5699   13.6419   13.7204   13.8054   13.8969
   13.9950   14.0997   14.2109   14.3286   14.4528
   14.5836   14.7210   14.8649   15.0153   15.1722
   15.3357   15.5058   15.6824   15.8655   16.0551
   16.2513

     0     1

 BARRIER
   13.2102   11.0054   10.9958   10.9813   10.9621
   10.9380   10.9091   10.8754   10.8368   10.7935
   10.7453   10.6923   10.6345   10.5719   10.5045
   10.4322   10.3552   10.2733   10.1866   10.0950
    9.9987    9.8976    9.7916    9.6808    9.5652
    9.4448    9.3196    9.1895    9.0546    8.9150
    8.7705

     0     1

 ROT OUTPUT  YRSMO,YRSMOF
    0.0000    0.0102    0.0307    0.0615    0.1024
    0.1537    0.2151    0.2868    0.3688    0.4610
    0.5634    0.6761    0.7991    0.9322    1.0757
    1.2293    1.3932    1.5674    1.7518    1.9465
    2.1513    2.3665    2.5919    2.8275    3.0733
    3.3295    3.5958    3.8724    4.1593    4.4563
    4.7637

     0     1

    8.4678    8.4743    8.4874    8.5070    8.5332
    8.5659    8.6051    8.6509    8.7032    8.7621
    8.8275    8.8994    8.9779    9.0629    9.1545
    9.2526    9.3572    9.4684    9.5861    9.7104
    9.8412    9.9785   10.1224   10.2728   10.4298
   10.5933   10.7633   10.9399   11.1230   11.3127
   11.5089

     0     1

 BARRIER
    8.4678    8.4640    8.4566    8.4455    8.4307
    8.4122    8.3900    8.3640    8.3344    8.3011
    8.2640    8.2233    8.1788    8.1306    8.0788
    8.0232    7.9639    7.9010    7.8343    7.7639
    7.6898    7.6120    7.5305    7.4453    7.3564
    7.2638    7.1675    7.0675    6.9637    6.8563
    6.7452

     0     1


 ROT OUTPUT  FORMAT:   1   0   0
 EJAY,EJAYF
    0.0000    1.7812    1.8038    1.8376    1.8827
    1.9390    2.0067    2.0856    2.1758    2.2773
    2.3900    2.5140    2.6493    2.7959    2.9537
    3.1228    3.3032    3.4948    3.6978    3.9120
    4.1375    4.3742    4.6222    4.8816    5.1521
    5.4340    5.7271    6.0315    6.3472    6.6741
    7.0123

     0     1

   12.3207   12.3273   12.3404   12.3601   12.3864
   12.4192   12.4586   12.5045   12.5571   12.6162
   12.6818   12.7541   12.8328   12.9182   13.0101
   13.1086   13.2137   13.3253   13.4435   13.5683
   13.6996   13.8375   13.9819   14.1329   14.2905
   14.4547   14.6254   14.8027   14.9865   15.1770
   15.3739

     0     1

 BARRIER
   12.3207   10.5461   10.5366   10.5225   10.5037
   10.4801   10.4519   10.4189   10.3813   10.3389
   10.2918   10.2400   10.1835   10.1223   10.0564
    9.9858    9.9105    9.8305    9.7457    9.6563
    9.5621    9.4632    9.3597    9.2514    9.1384
    9.0207    8.8983    8.7712    8.6394    8.5028
    8.3616

     0     1

 ROT OUTPUT  YRSMO,YRSMOF
    0.0000    0.0103    0.0310    0.0620    0.1033
    0.1550    0.2170    0.2893    0.3719    0.4649
    0.5682    0.6819    0.8059    0.9402    1.0848
    1.2398    1.4051    1.5807    1.7667    1.9630
    2.1696    2.3866    2.6139    2.8515    3.0995
    3.3578    3.6264    3.9053    4.1946    4.4942
    4.8042

     0     1

    8.4386    8.4452    8.4583    8.4780    8.5043
    8.5371    8.5765    8.6225    8.6750    8.7341
    8.7998    8.8720    8.9508    9.0362    9.1281
    9.2266    9.3316    9.4433    9.5614    9.6862
    9.8175    9.9554   10.0999   10.2509   10.4085
   10.5726   10.7434   10.9206   11.1045   11.2949
   11.4919

     0     1

 BARRIER
    8.4386    8.4349    8.4273    8.4160    8.4010
    8.3822    8.3596    8.3332    8.3031    8.2692
    8.2315    8.1901    8.1449    8.0960    8.0433
    7.9868    7.9265    7.8625    7.7948    7.7232
    7.6479    7.5688    7.4860    7.3994    7.3090
    7.2149    7.1170    7.0153    6.9099    6.8007
    6.6877

     0     1


 ROT OUTPUT  FORMAT:   1   0   0
 EJAY,EJAYF
    0.0000    1.6101    1.6327    1.6667    1.7120
    1.7685    1.8364    1.9157    2.0062    2.1080
    2.2212    2.3457    2.4815    2.6286    2.7870
    2.9568    3.1379    3.3302    3.5339    3.7490
    3.9753    4.2130    4.4619    4.7222    4.9938
    5.2767    5.5710    5.8765    6.1934    6.5216
    6.8611

     0     1

   11.9657   11.9723   11.9855   12.0053   12.0317
   12.0646   12.1042   12.1504   12.2031   12.2625
   12.3284   12.4010   12.4801   12.5659   12.6582
   12.7571   12.8626   12.9748   13.0935   13.2188
   13.3507   13.4892   13.6343   13.7859   13.9442
   14.1091   14.2806   14.4586   14.6433   14.8345
   15.0324

     0     1

 BARRIER
   11.9657   10.3622   10.3528   10.3386   10.3197
   10.2961   10.2678   10.2347   10.1970   10.1545
   10.1072   10.0553    9.9986    9.9373    9.8712
    9.8003    9.7248    9.6445    9.5595    9.4698
    9.3754    9.2762    9.1723    9.0637    8.9504
    8.8324    8.7096    8.5821    8.4499    8.3130
    8.1713

     0     1

 ROT OUTPUT  YRSMO,YRSMOF
    0.0000    0.0104    0.0313    0.0625    0.1042
    0.1563    0.2188    0.2918    0.3751    0.4689
    0.5731    0.6877    0.8127    0.9482    1.0941
    1.2504    1.4171    1.5942    1.7818    1.9798
    2.1882    2.4070    2.6362    2.8759    3.1259
    3.3864    3.6573    3.9387    4.2304    4.5326
    4.8452

     0     1

    8.3976    8.4042    8.4174    8.4372    8.4635
    8.4965    8.5361    8.5823    8.6350    8.6944
    8.7603    8.8329    8.9120    8.9977    9.0901
    9.1890    9.2945    9.4066    9.5253    9.6506
    9.7825    9.9210   10.0661   10.2178   10.3761
   10.5410   10.7124   10.8905   11.0752   11.2664
   11.4643

     0     1

 BARRIER
    8.3976    8.3938    8.3861    8.3746    8.3593
    8.3402    8.3173    8.2905    8.2599    8.2255
    8.1872    8.1452    8.0993    8.0495    7.9960
    7.9386    7.8774    7.8124    7.7436    7.6709
    7.5944    7.5141    7.4299    7.3419    7.2502
    7.1545    7.0551    6.9518    6.8447    6.7338
    6.6191

     0     1


 ROT OUTPUT  FORMAT:   1   0   0
 EJAY,EJAYF
    0.0000    1.1769    1.1993    1.2329    1.2777
    1.3337    1.4009    1.4793    1.5688    1.6696
    1.7816    1.9048    2.0392    2.1848    2.3416
    2.5096    2.6887    2.8791    3.0807    3.2935
    3.5175    3.7526    3.9990    4.2566    4.5254
    4.8053    5.0965    5.3989    5.7124    6.0372
    6.3732

     0     1

   10.9941   11.0007   11.0140   11.0338   11.0604
   11.0935   11.1332   11.1796   11.2326   11.2923
   11.3585   11.4314   11.5109   11.5970   11.6898
   11.7892   11.8952   12.0078   12.1271   12.2530
   12.3855   12.5247   12.6704   12.8228   12.9818
   13.1475   13.3198   13.4987   13.6842   13.8763
   14.0751

     0     1

 BARRIER
   10.9941    9.8238    9.8147    9.8010    9.7827
    9.7598    9.7324    9.7004    9.6638    9.6226
    9.5769    9.5266    9.4717    9.4123    9.3482
    9.2796    9.2065    9.1287    9.0464    8.9595
    8.8681    8.7720    8.6714    8.5662    8.4565
    8.3422    8.2233    8.0998    7.9718    7.8391
    7.7019

     0     1

 ROT OUTPUT  YRSMO,YRSMOF
    0.0000    0.0105    0.0315    0.0631    0.1051
    0.1576    0.2207    0.2943    0.3783    0.4729
    0.5780    0.6936    0.8197    0.9563    1.1035
    1.2611    1.4293    1.6079    1.7971    1.9968
    2.2069    2.4276    2.6588    2.9005    3.1528
    3.4155    3.6887    3.9725    4.2667    4.5715
    4.8868

     0     1

    8.3461    8.3527    8.3660    8.3859    8.4124
    8.4455    8.4853    8.5316    8.5847    8.6443
    8.7105    8.7834    8.8629    8.9491    9.0418
    9.1412    9.2472    9.3599    9.4791    9.6050
    9.7376    9.8767   10.0225   10.1749   10.3339
   10.4995   10.6718   10.8507   11.0362   11.2284
   11.4271

     0     1

 BARRIER
    8.3461    8.3422    8.3345    8.3228    8.3073
    8.2879    8.2646    8.2374    8.2063    8.1714
    8.1325    8.0898    8.0432    7.9927    7.9384
    7.8801    7.8180    7.7520    7.6821    7.6083
    7.5306    7.4491    7.3636    7.2743    7.1811
    7.0840    6.9831    6.8782    6.7695    6.6569
    6.5404

     0     1


 ROT OUTPUT  FORMAT:   1   0   0
 EJAY,EJAYF
    0.0000    0.9998    1.0222    1.0559    1.1008
    1.1569    1.2242    1.3027    1.3925    1.4934
    1.6056    1.7291    1.8637    2.0095    2.1666
    2.3349    2.5144    2.7051    2.9071    3.1203
    3.3446    3.5803    3.8271    4.0851    4.3544
    4.6349    4.9266    5.2295    5.5436    5.8690
    6.2056

     0     1

   10.5865   10.5932   10.6065   10.6265   10.6531
   10.6863   10.7263   10.7728   10.8261   10.8859
   10.9525   11.0257   11.1055   11.1920   11.2851
   11.3849   11.4914   11.6045   11.7242   11.8507
   11.9837   12.1234   12.2698   12.4228   12.5825
   12.7488   12.9218   13.1015   13.2878   13.4807
   13.6803

     0     1

 BARRIER
   10.5865    9.5934    9.5843    9.5706    9.5523
    9.5295    9.5021    9.4701    9.4336    9.3925
    9.3468    9.2966    9.2418    9.1824    9.1185
    9.0500    8.9770    8.8993    8.8172    8.7304
    8.6391    8.5432    8.4427    8.3377    8.2281
    8.1140    7.9952    7.8720    7.7441    7.6117
    7.4747

     0     1

 ROT OUTPUT  YRSMO,YRSMOF
    0.0000    0.0106    0.0318    0.0636    0.1060
    0.1590    0.2226    0.2968    0.3816    0.4770
    0.5830    0.6996    0.8268    0.9646    1.1130
    1.2720    1.4416    1.6218    1.8126    2.0140
    2.2260    2.4486    2.6818    2.9256    3.1800
    3.4450    3.7206    4.0067    4.3035    4.6109
    4.9289

     0     1

    8.2958    8.3024    8.3157    8.3357    8.3623
    8.3956    8.4355    8.4820    8.5353    8.5952
    8.6617    8.7349    8.8147    8.9012    8.9943
    9.0941    9.2006    9.3137    9.4335    9.5599
    9.6929    9.8327    9.9790   10.1320   10.2917
   10.4581   10.6310   10.8107   10.9970   11.1899
   11.3895

     0     1

 BARRIER
    8.2958    8.2918    8.2839    8.2721    8.2563
    8.2366    8.2129    8.1853    8.1537    8.1182
    8.0787    8.0353    7.9879    7.9366    7.8814
    7.8222    7.7590    7.6919    7.6209    7.5459
    7.4670    7.3841    7.2973    7.2065    7.1118
    7.0131    6.9105    6.8039    6.6934    6.5790
    6.4606

     0     1


 ROT OUTPUT  FORMAT:   1   0   0
 EJAY,EJAYF
    0.0000    0.7168    0.7391    0.7726    0.8173
    0.8731    0.9401    1.0183    1.1076    1.2081
    1.3197    1.4426    1.5766    1.7217    1.8781
    2.0456    2.2242    2.4140    2.6150    2.8272
    3.0505    3.2850    3.5307    3.7875    4.0555
    4.3347    4.6250    4.9265    5.2391    5.5629
    5.8979

     0     1

    9.9559    9.9625    9.9759    9.9959   10.0225
   10.0558   10.0958   10.1424   10.1957   10.2557
   10.3223   10.3956   10.4756   10.5622   10.6554
   10.7554   10.8620   10.9752   11.0952   11.2218
   11.3550   11.4949   11.6415   11.7947   11.9546
   12.1212   12.2944   12.4743   12.6608   12.8541
   13.0539

     0     1

 BARRIER
    9.9559    9.2458    9.2368    9.2233    9.2052
    9.1827    9.1557    9.1242    9.0881    9.0476
    9.0026    8.9530    8.8990    8.8404    8.7774
    8.7098    8.6378    8.5612    8.4801    8.3946
    8.3045    8.2099    8.1108    8.0072    7.8991
    7.7865    7.6694    7.5478    7.4217    7.2911
    7.1560

     0     1

 ROT OUTPUT  YRSMO,YRSMOF
    0.0000    0.0107    0.0321    0.0642    0.1069
    0.1604    0.2245    0.2994    0.3849    0.4811
    0.5880    0.7057    0.8340    0.9730    1.1226
    1.2830    1.4541    1.6358    1.8283    2.0314
    2.2453    2.4698    2.7050    2.9509    3.2075
    3.4748    3.7528    4.0415    4.3409    4.6509
    4.9717

     0     1

    8.2756    8.2823    8.2956    8.3156    8.3422
    8.3755    8.4155    8.4622    8.5155    8.5754
    8.6420    8.7153    8.7953    8.8819    8.9752
    9.0751    9.1817    9.2950    9.4149    9.5415
    9.6747    9.8146    9.9612   10.1144   10.2743
   10.4409   10.6141   10.7940   10.9806   11.1738
   11.3737

     0     1

 BARRIER
    8.2756    8.2716    8.2635    8.2514    8.2353
    8.2152    8.1910    8.1628    8.1306    8.0943
    8.0540    8.0097    7.9613    7.9089    7.8525
    7.7921    7.7276    7.6591    7.5866    7.5100
    7.4295    7.3448    7.2562    7.1635    7.0668
    6.9661    6.8613    6.7525    6.6397    6.5229
    6.4020

     0     1


 ROT OUTPUT  FORMAT:   1   0   0
 EJAY,EJAYF
    0.0000    0.6188    0.6412    0.6749    0.7198
    0.7759    0.8433    0.9218    1.0116    1.1127
    1.2249    1.3484    1.4831    1.6290    1.7862
    1.9545    2.1341    2.3249    2.5270    2.7403
    2.9647    3.2005    3.4474    3.7056    3.9750
    4.2556    4.5474    4.8505    5.1648    5.4903
    5.8271

     0     1

    9.7357    9.7423    9.7557    9.7757    9.8024
    9.8357    9.8758    9.9225    9.9758   10.0359
   10.1026   10.1760   10.2561   10.3428   10.4362
   10.5363   10.6430   10.7564   10.8765   11.0033
   11.1367   11.2768   11.4236   11.5770   11.7371
   11.9039   12.0774   12.2575   12.4443   12.6378
   12.8380

     0     1

 BARRIER
    9.7357    9.1236    9.1145    9.1008    9.0826
    9.0598    9.0325    9.0006    8.9642    8.9232
    8.8777    8.8276    8.7730    8.7138    8.6500
    8.5817    8.5089    8.4315    8.3495    8.2630
    8.1720    8.0763    7.9762    7.8715    7.7622
    7.6483    7.5300    7.4070    7.2795    7.1475
    7.0109

     0     1

 ROT OUTPUT  YRSMO,YRSMOF
    0.0000    0.0108    0.0324    0.0647    0.1078
    0.1618    0.2265    0.3020    0.3883    0.4853
    0.5932    0.7118    0.8412    0.9814    1.1324
    1.2942    1.4667    1.6501    1.8442    2.0491
    2.2648    2.4913    2.7286    2.9766    3.2355
    3.5051    3.7855    4.0767    4.3787    4.6914
    5.0150

     0     1

    8.2464    8.2531    8.2664    8.2864    8.3131
    8.3465    8.3865    8.4332    8.4866    8.5466
    8.6133    8.6867    8.7668    8.8535    8.9469
    9.0470    9.1537    9.2671    9.3872    9.5140
    9.6474    9.7875    9.9343   10.0877   10.2479
   10.4147   10.5881   10.7682   10.9551   11.1485
   11.3487

     0     1

 BARRIER
    8.2464    8.2423    8.2340    8.2217    8.2052
    8.1847    8.1600    8.1312    8.0983    8.0613
    8.0202    7.9749    7.9255    7.8721    7.8145
    7.7528    7.6870    7.6170    7.5430    7.4649
    7.3826    7.2962    7.2057    7.1111    7.0124
    6.9096    6.8026    6.6915    6.5764    6.4571
    6.3337

     0     1


 ROT OUTPUT  FORMAT:   1   0   0
 EJAY,EJAYF
    0.0000    2.0404    2.0628    2.0964    2.1412
    2.1972    2.2644    2.3428    2.4324    2.5332
    2.6452    2.7684    2.9028    3.0484    3.2052
    3.3732    3.5524    3.7429    3.9445    4.1573
    4.3813    4.6165    4.8629    5.1205    5.3893
    5.6694    5.9606    6.2630    6.5766    6.9014
    7.2374

     0     1

   13.0106   13.0172   13.0305   13.0504   13.0770
   13.1102   13.1500   13.1965   13.2496   13.3093
   13.3757   13.4487   13.5284   13.6147   13.7077
   13.8072   13.9135   14.0263   14.1458   14.2720
   14.4047   14.5441   14.6902   14.8429   15.0022
   15.1682   15.3408   15.5201   15.7059   15.8985
   16.0976

     0     1

 BARRIER
   13.0106   10.9768   10.9677   10.9540   10.9358
   10.9130   10.8856   10.8537   10.8172   10.7761
   10.7305   10.6803   10.6256   10.5663   10.5024
   10.4340   10.3610   10.2835   10.2014   10.1147
   10.0234    9.9276    9.8273    9.7224    9.6129
    9.4988    9.3802    9.2571    9.1293    8.9971
    8.8602

     0     1

 ROT OUTPUT  YRSMO,YRSMOF
    0.0000    0.0103    0.0310    0.0620    0.1034
    0.1551    0.2171    0.2894    0.3721    0.4652
    0.5685    0.6822    0.8063    0.9406    1.0854
    1.2404    1.4058    1.5815    1.7676    1.9640
    2.1707    2.3878    2.6152    2.8529    3.1010
    3.3594    3.6282    3.9073    4.1967    4.4965
    4.8066

     0     1

    8.9018    8.9084    8.9217    8.9416    8.9682
    9.0014    9.0412    9.0877    9.1408    9.2005
    9.2669    9.3399    9.4196    9.5059    9.5989
    9.6984    9.8047    9.9175   10.0370   10.1632
   10.2959   10.4354   10.5814   10.7341   10.8934
   11.0594   11.2320   11.4113   11.5971   11.7897
   11.9888

     0     1

 BARRIER
    8.9018    8.8981    8.8907    8.8796    8.8648
    8.8463    8.8241    8.7982    8.7687    8.7354
    8.6984    8.6577    8.6134    8.5653    8.5135
    8.4580    8.3989    8.3360    8.2695    8.1992
    8.1252    8.0476    7.9662    7.8812    7.7924
    7.7000    7.6038    7.5040    7.4005    7.2932
    7.1823

     0     1


 ROT OUTPUT  FORMAT:   1   0   0
 EJAY,EJAYF
    0.0000    1.7140    1.7364    1.7699    1.8147
    1.8706    1.9376    2.0159    2.1053    2.2059
    2.3177    2.4407    2.5749    2.7202    2.8767
    3.0444    3.2233    3.4133    3.6146    3.8270
    4.0506    4.2854    4.5313    4.7884    5.0567
    5.3362    5.6269    5.9288    6.2418    6.5660
    6.9014

     0     1

   12.3504   12.3571   12.3704   12.3905   12.4172
   12.4506   12.4906   12.5374   12.5908   12.6509
   12.7177   12.7911   12.8713   12.9581   13.0516
   13.1517   13.2586   13.3721   13.4923   13.6192
   13.7527   13.8930   14.0399   14.1935   14.3537
   14.5207   14.6943   14.8746   15.0616   15.2552
   15.4556

     0     1

 BARRIER
   12.3504   10.6430   10.6340   10.6205   10.6025
   10.5800   10.5530   10.5215   10.4855   10.4450
   10.3999   10.3504   10.2964   10.2379   10.1749
   10.1073   10.0353    9.9588    9.8777    9.7922
    9.7022    9.6076    9.5086    9.4050    9.2970
    9.1844    9.0674    8.9458    8.8198    8.6892
    8.5542

     0     1

 ROT OUTPUT  YRSMO,YRSMOF
    0.0000    0.0104    0.0313    0.0626    0.1043
    0.1564    0.2189    0.2919    0.3753    0.4691
    0.5734    0.6881    0.8132    0.9487    1.0946
    1.2510    1.4178    1.5950    1.7827    1.9808
    2.1893    2.4082    2.6375    2.8773    3.1275
    3.3881    3.6592    3.9407    4.2326    4.5349
    4.8476

     0     1

    8.8628    8.8695    8.8828    8.9029    8.9296
    8.9630    9.0030    9.0498    9.1032    9.1633
    9.2301    9.3035    9.3837    9.4705    9.5640
    9.6641    9.7710    9.8845   10.0047   10.1316
   10.2651   10.4054   10.5523   10.7059   10.8661
   11.0331   11.2067   11.3870   11.5740   11.7676
   11.9680

     0     1

 BARRIER
    8.8628    8.8590    8.8515    8.8403    8.8253
    8.8066    8.7841    8.7579    8.7279    8.6942
    8.6567    8.6155    8.5705    8.5218    8.4693
    8.4131    8.3532    8.2895    8.2220    8.1508
    8.0759    7.9972    7.9147    7.8286    7.7386
    7.6449    7.5475    7.4463    7.3414    7.2327
    7.1203

     0     1


 ROT OUTPUT  FORMAT:   1   0   0
 EJAY,EJAYF
    0.0000    1.3977    1.4200    1.4535    1.4981
    1.5539    1.6208    1.6989    1.7882    1.8886
    2.0002    2.1229    2.2568    2.4018    2.5580
    2.7253    2.9038    3.0935    3.2943    3.5063
    3.7294    3.9637    4.2091    4.4657    4.7335
    5.0124    5.3025    5.6037    5.9161    6.2396
    6.5743

     0     1

   11.7064   11.7131   11.7265   11.7467   11.7735
   11.8071   11.8474   11.8944   11.9481   12.0085
   12.0756   12.1494   12.2300   12.3173   12.4112
   12.5119   12.6193   12.7335   12.8543   12.9818
   13.1161   13.2570   13.4047   13.5591   13.7202
   13.8881   14.0626   14.2438   14.4318   14.6265
   14.8278

     0     1

 BARRIER
   11.7064   10.3154   10.3065   10.2932   10.2754
   10.2532   10.2265   10.1954   10.1599   10.1199
   10.0754   10.0266    9.9732    9.9155    9.8533
    9.7866    9.7155    9.6400    9.5600    9.4755
    9.3867    9.2933    9.1956    9.0934    8.9867
    8.8756    8.7601    8.6401    8.5157    8.3868
    8.2535

     0     1

 ROT OUTPUT  YRSMO,YRSMOF
    0.0000    0.0105    0.0315    0.0631    0.1051
    0.1577    0.2208    0.2944    0.3785    0.4732
    0.5783    0.6940    0.8201    0.9568    1.1040
    1.2617    1.4300    1.6087    1.7980    1.9978
    2.2081    2.4289    2.6602    2.9020    3.1544
    3.4172    3.6906    3.9745    4.2689    4.5738
    4.8893

     0     1

    8.8290    8.8357    8.8491    8.8692    8.8961
    8.9297    8.9699    9.0169    9.0706    9.1310
    9.1982    9.2720    9.3526    9.4398    9.5338
    9.6345    9.7419    9.8560    9.9769   10.1044
   10.2386   10.3796   10.5273   10.6817   10.8428
   11.0106   11.1852   11.3664   11.5544   11.7490
   11.9504

     0     1

 BARRIER
    8.8290    8.8252    8.8176    8.8062    8.7909
    8.7719    8.7491    8.7225    8.6921    8.6579
    8.6199    8.5780    8.5324    8.4830    8.4298
    8.3728    8.3119    8.2473    8.1789    8.1066
    8.0306    7.9508    7.8671    7.7797    7.6884
    7.5934    7.4945    7.3919    7.2854    7.1752
    7.0611

     0     1


 ROT OUTPUT  FORMAT:   1   0   0
 EJAY,EJAYF
    0.0000    1.0762    1.0985    1.1318    1.1763
    1.2319    1.2987    1.3765    1.4655    1.5656
    1.6768    1.7992    1.9326    2.0772    2.2330
    2.3998    2.5778    2.7668    2.9670    3.1784
    3.4008    3.6344    3.8791    4.1349    4.4018
    4.6799    4.9691    5.2694    5.5808    5.9034
    6.2370

     0     1

   11.0426   11.0494   11.0629   11.0831   11.1101
   11.1438   11.1842   11.2315   11.2854   11.3461
   11.4135   11.4877   11.5687   11.6563   11.7508
   11.8519   11.9598   12.0745   12.1959   12.3240
   12.4589   12.6005   12.7489   12.9040   13.0659
   13.2345   13.4098   13.5919   13.7807   13.9763
   14.1786

     0     1

 BARRIER
   11.0426    9.9732    9.9644    9.9513    9.9337
    9.9119    9.8856    9.8549    9.8199    9.7805
    9.7367    9.6886    9.6360    9.5791    9.5178
    9.4521    9.3821    9.3076    9.2288    9.1456
    9.0581    8.9661    8.8698    8.7691    8.6640
    8.5546    8.4407    8.3225    8.1999    8.0729
    7.9416

     0     1

 ROT OUTPUT  YRSMO,YRSMOF
    0.0000    0.0106    0.0318    0.0636    0.1061
    0.1591    0.2227    0.2969    0.3818    0.4772
    0.5833    0.7000    0.8272    0.9651    1.1136
    1.2726    1.4423    1.6226    1.8135    2.0150
    2.2271    2.4498    2.6831    2.9271    3.1816
    3.4467    3.7225    4.0088    4.3058    4.6133
    4.9315

     0     1

    8.7990    8.8057    8.8192    8.8395    8.8664
    8.9001    8.9406    8.9878    9.0418    9.1025
    9.1699    9.2441    9.3250    9.4127    9.5071
    9.6083    9.7162    9.8308    9.9522   10.0804
   10.2152   10.3569   10.5052   10.6604   10.8222
   10.9908   11.1662   11.3483   11.5371   11.7327
   11.9350

     0     1

 BARRIER
    8.7990    8.7951    8.7874    8.7758    8.7604
    8.7411    8.7179    8.6909    8.6600    8.6252
    8.5866    8.5441    8.4978    8.4476    8.3936
    8.3356    8.2739    8.2082    8.1387    8.0654
    7.9881    7.9070    7.8221    7.7333    7.6406
    7.5441    7.4437    7.3394    7.2313    7.1194
    7.0035

     0     1


 ROT OUTPUT  FORMAT:   1   0   0
 EJAY,EJAYF
    0.0000    0.9082    0.9305    0.9640    1.0086
    1.0644    1.1313    1.2094    1.2986    1.3990
    1.5105    1.6332    1.7671    1.9121    2.0682
    2.2355    2.4140    2.6036    2.8044    3.0163
    3.2394    3.4736    3.7190    3.9755    4.2432
    4.5221    4.8121    5.1132    5.4255    5.7490
    6.0836

     0     1

   10.6710   10.6778   10.6914   10.7117   10.7388
   10.7727   10.8134   10.8609   10.9151   10.9761
   11.0439   11.1185   11.1999   11.2880   11.3829
   11.4846   11.5931   11.7083   11.8304   11.9592
   12.0948   12.2372   12.3863   12.5423   12.7050
   12.8745   13.0508   13.2338   13.4236   13.6203
   13.8237

     0     1

 BARRIER
   10.6710    9.7696    9.7608    9.7477    9.7302
    9.7084    9.6821    9.6515    9.6165    9.5771
    9.5334    9.4853    9.4328    9.3759    9.3147
    9.2491    9.1791    9.1047    9.0260    8.9429
    8.8554    8.7636    8.6673    8.5667    8.4618
    8.3524    8.2387    8.1206    7.9981    7.8713
    7.7401

     0     1

 ROT OUTPUT  YRSMO,YRSMOF
    0.0000    0.0107    0.0321    0.0642    0.1070
    0.1605    0.2246    0.2995    0.3851    0.4814
    0.5884    0.7060    0.8344    0.9735    1.1232
    1.2837    1.4548    1.6367    1.8292    2.0325
    2.2464    2.4711    2.7064    2.9525    3.2092
    3.4766    3.7548    4.0436    4.3431    4.6533
    4.9742

     0     1

    8.7538    8.7606    8.7741    8.7945    8.8216
    8.8555    8.8962    8.9436    8.9979    9.0589
    9.1267    9.2013    9.2826    9.3708    9.4657
    9.5674    9.6759    9.7911    9.9132   10.0420
   10.1776   10.3199   10.4691   10.6250   10.7878
   10.9572   11.1335   11.3166   11.5064   11.7030
   11.9064

     0     1

 BARRIER
    8.7538    8.7499    8.7420    8.7303    8.7146
    8.6950    8.6715    8.6441    8.6128    8.5775
    8.5383    8.4952    8.4482    8.3973    8.3425
    8.2837    8.2210    8.1544    8.0839    8.0095
    7.9311    7.8489    7.7627    7.6726    7.5786
    7.4806    7.3788    7.2730    7.1633    7.0497
    6.9322

     0     1


 ROT OUTPUT  FORMAT:   1   0   0
 EJAY,EJAYF
    0.0000    0.5996    0.6218    0.6551    0.6995
    0.7551    0.8217    0.8994    0.9883    1.0882
    1.1993    1.3215    1.4548    1.5991    1.7546
    1.9212    2.0989    2.2877    2.4877    2.6987
    2.9208    3.1541    3.3984    3.6538    3.9204
    4.1981    4.4868    4.7867    5.0977    5.4198
    5.7530

     0     1

   10.0017   10.0085   10.0221   10.0426   10.0698
   10.1038   10.1447   10.1923   10.2468   10.3081
   10.3761   10.4510   10.5327   10.6212   10.7165
   10.8186   10.9275   11.0432   11.1658   11.2951
   11.4313   11.5742   11.7240   11.8805   12.0439
   12.2141   12.3911   12.5749   12.7655   12.9629
   13.1671

     0     1

 BARRIER
   10.0017    9.4090    9.4004    9.3875    9.3703
    9.3488    9.3230    9.2929    9.2585    9.2198
    9.1768    9.1295    9.0779    9.0220    8.9619
    8.8974    8.8286    8.7555    8.6781    8.5964
    8.5104    8.4202    8.3256    8.2267    8.1235
    8.0160    7.9042    7.7882    7.6678    7.5431
    7.4141

     0     1

 ROT OUTPUT  YRSMO,YRSMOF
    0.0000    0.0108    0.0324    0.0647    0.1079
    0.1619    0.2266    0.3021    0.3885    0.4856
    0.5935    0.7122    0.8417    0.9819    1.1330
    1.2949    1.4675    1.6510    1.8452    2.0502
    2.2660    2.4926    2.7300    2.9782    3.2372
    3.5069    3.7875    4.0788    4.3810    4.6939
    5.0176

     0     1

    8.7215    8.7284    8.7420    8.7624    8.7896
    8.8237    8.8645    8.9121    8.9666    9.0279
    9.0959    9.1708    9.2525    9.3410    9.4363
    9.5384    9.6473    9.7631    9.8856   10.0149
   10.1511   10.2940   10.4438   10.6004   10.7637
   10.9339   11.1109   11.2947   11.4853   11.6827
   11.8869

     0     1

 BARRIER
    8.7215    8.7176    8.7096    8.6976    8.6817
    8.6618    8.6379    8.6100    8.5781    8.5423
    8.5025    8.4586    8.4108    8.3591    8.3033
    8.2436    8.1798    8.1121    8.0404    7.9647
    7.8851    7.8014    7.7138    7.6222    7.5266
    7.4270    7.3234    7.2159    7.1043    6.9888
    6.8693

     0     1


 ROT OUTPUT  FORMAT:   1   0   0
 EJAY,EJAYF
    0.0000    2.0029    2.0253    2.0588    2.1035
    2.1593    2.2264    2.3046    2.3939    2.4945
    2.6062    2.7291    2.8631    3.0084    3.1648
    3.3323    3.5111    3.7010    3.9021    4.1143
    4.3377    4.5723    4.8181    5.0750    5.3432
    5.6224    5.9129    6.2145    6.5273    6.8513
    7.1864

     0     1

   13.1824   13.1891   13.2025   13.2226   13.2495
   13.2830   13.3233   13.3703   13.4239   13.4843
   13.5514   13.6253   13.7058   13.7930   13.8869
   13.9876   14.0950   14.2090   14.3298   14.4573
   14.5915   14.7324   14.8800   15.0344   15.1954
   15.3632   15.5376   15.7188   15.9067   16.1013
   16.3026

     0     1

 BARRIER
   13.1824   11.1862   11.1772   11.1638   11.1460
   11.1237   11.0969   11.0657   11.0300   10.9899
   10.9452   10.8962   10.8426   10.7846   10.7222
   10.6553   10.5839   10.5081   10.4278   10.3430
   10.2538   10.1601   10.0619    9.9593    9.8523
    9.7407    9.6247    9.5043    9.3794    9.2500
    9.1162

     0     1

 ROT OUTPUT  YRSMO,YRSMOF
    0.0000    0.0104    0.0313    0.0626    0.1043
    0.1565    0.2190    0.2920    0.3755    0.4694
    0.5737    0.6884    0.8135    0.9491    1.0952
    1.2516    1.4185    1.5958    1.7835    1.9817
    2.1903    2.4094    2.6388    2.8787    3.1290
    3.3898    3.6610    3.9426    4.2346    4.5371
    4.8500

     0     1

    9.3314    9.3381    9.3515    9.3717    9.3985
    9.4321    9.4723    9.5193    9.5730    9.6334
    9.7005    9.7743    9.8548    9.9420   10.0360
   10.1366   10.2440   10.3581   10.4788   10.6063
   10.7405   10.8814   11.0291   11.1834   11.3444
   11.5122   11.6867   11.8678   12.0557   12.2503
   12.4516

     0     1

 BARRIER
    9.3314    9.3277    9.3202    9.3091    9.2942
    9.2756    9.2533    9.2272    9.1975    9.1640
    9.1268    9.0859    9.0412    8.9929    8.9408
    8.8850    8.8255    8.7622    8.6953    8.6246
    8.5502    8.4721    8.3902    8.3047    8.2154
    8.1224    8.0257    7.9252    7.8211    7.7132
    7.6016

     0     1


 ROT OUTPUT  FORMAT:   1   0   0
 EJAY,EJAYF
    0.0000    1.5388    1.5610    1.5944    1.6388
    1.6944    1.7610    1.8388    1.9277    2.0277
    2.1388    2.2610    2.3943    2.5387    2.6942
    2.8609    3.0387    3.2275    3.4275    3.6386
    3.8608    4.0941    4.3385    4.5940    4.8607
    5.1384    5.4273    5.7272    6.0383    6.3605
    6.6938

     0     1

   12.2955   12.3022   12.3157   12.3360   12.3630
   12.3967   12.4372   12.4844   12.5384   12.5992
   12.6666   12.7409   12.8218   12.9096   13.0040
   13.1052   13.2132   13.3279   13.4494   13.5776
   13.7125   13.8543   14.0027   14.1579   14.3199
   14.4885   14.6640   14.8462   15.0351   15.2308
   15.4332

     0     1

 BARRIER
   12.2955   10.7634   10.7547   10.7416   10.7242
   10.7024   10.6762   10.6457   10.6108   10.5715
   10.5279   10.4799   10.4276   10.3708   10.3098
   10.2443   10.1746   10.1004   10.0219    9.9390
    9.8518    9.7602    9.6642    9.5639    9.4592
    9.3501    9.2367    9.1189    8.9968    8.8703
    8.7394

     0     1

 ROT OUTPUT  YRSMO,YRSMOF
    0.0000    0.0105    0.0316    0.0631    0.1052
    0.1578    0.2209    0.2946    0.3787    0.4734
    0.5786    0.6943    0.8205    0.9573    1.1046
    1.2624    1.4307    1.6095    1.7989    1.9988
    2.2091    2.4301    2.6615    2.9035    3.1559
    3.4189    3.6924    3.9765    4.2710    4.5761
    4.8917

     0     1

    9.3110    9.3178    9.3313    9.3515    9.3785
    9.4122    9.4527    9.5000    9.5540    9.6147
    9.6822    9.7564    9.8374    9.9251   10.0196
   10.1208   10.2287   10.3435   10.4649   10.5931
   10.7281   10.8698   11.0182   11.1734   11.3354
   11.5041   11.6795   11.8617   12.0507   12.2463
   12.4488

     0     1

 BARRIER
    9.3110    9.3073    9.2997    9.2884    9.2733
    9.2545    9.2318    9.2054    9.1752    9.1413
    9.1036    9.0621    9.0168    8.9678    8.9150
    8.8584    8.7981    8.7339    8.6660    8.5944
    8.5189    8.4397    8.3567    8.2700    8.1795
    8.0852    7.9871    7.8852    7.7796    7.6703
    7.5571

     0     1


 ROT OUTPUT  FORMAT:   1   0   0
 EJAY,EJAYF
    0.0000    1.4319    1.4543    1.4878    1.5326
    1.5885    1.6555    1.7338    1.8232    1.9239
    2.0357    2.1586    2.2928    2.4381    2.5947
    2.7624    2.9412    3.1313    3.3325    3.5450
    3.7686    4.0033    4.2493    4.5064    4.7748
    5.0543    5.3449    5.6468    5.9599    6.2841
    6.6195

     0     1

   12.0819   12.0887   12.1023   12.1226   12.1498
   12.1837   12.2245   12.2720   12.3263   12.3874
   12.4553   12.5300   12.6115   12.6997   12.7948
   12.8966   13.0052   13.1206   13.2428   13.3718
   13.5076   13.6502   13.7995   13.9557   14.1186
   14.2884   14.4649   14.6482   14.8383   15.0352
   15.2388

     0     1

 BARRIER
   12.0819   10.6568   10.6480   10.6348   10.6172
   10.5953   10.5689   10.5382   10.5031   10.4636
   10.4196   10.3713   10.3187   10.2616   10.2001
   10.1342   10.0640    9.9893    9.9103    9.8269
    9.7391    9.6468    9.5502    9.4493    9.3439
    9.2341    9.1199    9.0014    8.8784    8.7511
    8.6194

     0     1

 ROT OUTPUT  YRSMO,YRSMOF
    0.0000    0.0106    0.0318    0.0637    0.1061
    0.1592    0.2228    0.2971    0.3820    0.4775
    0.5836    0.7003    0.8276    0.9656    1.1141
    1.2733    1.4430    1.6234    1.8144    2.0160
    2.2282    2.4511    2.6845    2.9285    3.1832
    3.4484    3.7243    4.0108    4.3079    4.6156
    4.9339

     0     1

    9.2785    9.2853    9.2989    9.3193    9.3464
    9.3804    9.4211    9.4686    9.5229    9.5840
    9.6519    9.7266    9.8081    9.8963    9.9914
   10.0932   10.2019   10.3173   10.4395   10.5685
   10.7042   10.8468   10.9962   11.1523   11.3153
   11.4850   11.6615   11.8448   12.0349   12.2318
   12.4355

     0     1

 BARRIER
    9.2785    9.2747    9.2671    9.2556    9.2403
    9.2212    9.1983    9.1715    9.1410    9.1066
    9.0683    9.0263    8.9805    8.9308    8.8773
    8.8200    8.7588    8.6938    8.6251    8.5525
    8.4760    8.3958    8.3117    8.2238    8.1321
    8.0366    7.9372    7.8340    7.7270    7.6162
    7.5015

     0     1


 ROT OUTPUT  FORMAT:   1   0   0
 EJAY,EJAYF
    0.0000    0.9954    1.0176    1.0510    1.0954
    1.1510    1.2176    1.2954    1.3843    1.4843
    1.5954    1.7177    1.8510    1.9955    2.1511
    2.3177    2.4955    2.6844    2.8844    3.0956
    3.3178    3.5512    3.7956    4.0512    4.3179
    4.5957    4.8846    5.1846    5.4958    5.8180
    6.1514

     0     1

   11.1968   11.2036   11.2173   11.2378   11.2651
   11.2993   11.3403   11.3881   11.4428   11.5043
   11.5726   11.6478   11.7298   11.8186   11.9143
   12.0168   12.1261   12.2423   12.3653   12.4952
   12.6318   12.7753   12.9257   13.0828   13.2468
   13.4177   13.5953   13.7798   13.9712   14.1693
   14.3743

     0     1

 BARRIER
   11.1968   10.2082   10.1997   10.1868   10.1697
   10.1483   10.1227   10.0927   10.0585   10.0200
    9.9772    9.9301    9.8788    9.8232    9.7633
    9.6991    9.6306    9.5579    9.4809    9.3996
    9.3140    9.2242    9.1300    9.0316    8.9289
    8.8220    8.7107    8.5952    8.4754    8.3513
    8.2230

     0     1

 ROT OUTPUT  YRSMO,YRSMOF
    0.0000    0.0107    0.0321    0.0642    0.1070
    0.1605    0.2248    0.2997    0.3853    0.4816
    0.5886    0.7064    0.8348    0.9739    1.1238
    1.2843    1.4556    1.6375    1.8302    2.0335
    2.2476    2.4723    2.7078    2.9539    3.2108
    3.4784    3.7567    4.0456    4.3453    4.6557
    4.9768

     0     1

    9.2355    9.2424    9.2560    9.2765    9.3039
    9.3380    9.3790    9.4269    9.4815    9.5430
    9.6114    9.6865    9.7685    9.8574    9.9531
   10.0556   10.1649   10.2811   10.4041   10.5339
   10.6706   10.8141   10.9644   11.1216   11.2856
   11.4564   11.6341   11.8186   12.0099   12.2081
   12.4131

     0     1

 BARRIER
    9.2355    9.2317    9.2239    9.2123    9.1969
    9.1775    9.1543    9.1272    9.0962    9.0614
    9.0227    8.9802    8.9337    8.8834    8.8293
    8.7712    8.7093    8.6435    8.5739    8.5004
    8.4230    8.3417    8.2566    8.1676    8.0748
    7.9780    7.8774    7.7729    7.6646    7.5524
    7.4363

     0     1


 ROT OUTPUT  FORMAT:   1   0   0
 EJAY,EJAYF
    0.0000    0.9662    0.9886    1.0222    1.0671
    1.1231    1.1904    1.2688    1.3585    1.4593
    1.5714    1.6947    1.8292    1.9749    2.1318
    2.2999    2.4793    2.6698    2.8716    3.0845
    3.3087    3.5440    3.7906    4.0484    4.3174
    4.5976    4.8890    5.1916    5.5054    5.8305
    6.1667

     0     1

   11.1012   11.1081   11.1218   11.1425   11.1700
   11.2044   11.2457   11.2939   11.3489   11.4109
   11.4797   11.5554   11.6379   11.7274   11.8237
   11.9270   12.0371   12.1541   12.2779   12.4087
   12.5463   12.6908   12.8422   13.0005   13.1656
   13.3377   13.5166   13.7024   13.8951   14.0946
   14.3011

     0     1

 BARRIER
   11.1012   10.1419   10.1332   10.1202   10.1029
   10.0813   10.0554   10.0251    9.9905    9.9515
    9.9082    9.8607    9.8087    9.7525    9.6919
    9.6270    9.5578    9.4842    9.4064    9.3242
    9.2376    9.1468    9.0516    8.9521    8.8482
    8.7401    8.6276    8.5108    8.3896    8.2642
    8.1344

     0     1

 ROT OUTPUT  YRSMO,YRSMOF
    0.0000    0.0108    0.0324    0.0648    0.1080
    0.1619    0.2267    0.3023    0.3887    0.4858
    0.5938    0.7125    0.8421    0.9824    1.1336
    1.2955    1.4683    1.6518    1.8461    2.0513
    2.2672    2.4939    2.7314    2.9797    3.2388
    3.5087    3.7894    4.0809    4.3832    4.6963
    5.0202

     0     1

    9.1803    9.1872    9.2010    9.2216    9.2491
    9.2835    9.3248    9.3730    9.4281    9.4900
    9.5588    9.6345    9.7171    9.8065    9.9029
   10.0061   10.1162   10.2332   10.3570   10.4878
   10.6254   10.7699   10.9213   11.0796   11.2448
   11.4168   11.5957   11.7815   11.9742   12.1737
   12.3802

     0     1

 BARRIER
    9.1803    9.1764    9.1686    9.1568    9.1412
    9.1216    9.0981    9.0707    9.0394    9.0042
    8.9650    8.9220    8.8750    8.8241    8.7693
    8.7106    8.6479    8.5814    8.5109    8.4365
    8.3582    8.2760    8.1899    8.0999    8.0059
    7.9081    7.8063    7.7006    7.5910    7.4774
    7.3600

     0     1


 ROT OUTPUT  FORMAT:   1   0   0
 EJAY,EJAYF
    0.0000    0.5872    0.6095    0.6429    0.6875
    0.7433    0.8102    0.8882    0.9774    1.0778
    1.1893    1.3119    1.4457    1.5906    1.7467
    1.9140    2.0924    2.2819    2.4826    2.6945
    2.9175    3.1516    3.3969    3.6534    3.9209
    4.1997    4.4896    4.7906    5.1028    5.4262
    5.7607

     0     1

   10.3109   10.3178   10.3317   10.3524   10.3801
   10.4147   10.4563   10.5047   10.5601   10.6224
   10.6916   10.7678   10.8508   10.9408   11.0377
   11.1416   11.2523   11.3700   11.4946   11.6261
   11.7646   11.9099   12.0622   12.2214   12.3875
   12.5606   12.7406   12.9275   13.1213   13.3220
   13.5297

     0     1

 BARRIER
   10.3109    9.7307    9.7222    9.7095    9.6926
    9.6715    9.6461    9.6165    9.5827    9.5446
    9.5024    9.4559    9.4051    9.3502    9.2910
    9.2276    9.1599    9.0881    9.0120    8.9316
    8.8471    8.7583    8.6653    8.5681    8.4666
    8.3609    8.2510    8.1368    8.0185    7.8959
    7.7690

     0     1

 ROT OUTPUT  YRSMO,YRSMOF
    0.0000    0.0109    0.0327    0.0653    0.1089
    0.1634    0.2287    0.3049    0.3921    0.4901
    0.5990    0.7188    0.8495    0.9911    1.1435
    1.3069    1.4811    1.6663    1.8623    2.0692
    2.2871    2.5158    2.7554    3.0058    3.2672
    3.5395    3.8227    4.1167    4.4216    4.7375
    5.0642

     0     1

    9.1384    9.1453    9.1592    9.1800    9.2076
    9.2423    9.2838    9.3322    9.3876    9.4499
    9.5191    9.5953    9.6783    9.7683    9.8652
    9.9691   10.0798   10.1975   10.3221   10.4536
   10.5921   10.7374   10.8897   11.0489   11.2151
   11.3881   11.5681   11.7550   11.9488   12.1496
   12.3572

     0     1

 BARRIER
    9.1384    9.1344    9.1265    9.1146    9.0987
    9.0789    9.0551    9.0273    8.9955    8.9598
    8.9201    8.8765    8.8289    8.7773    8.7217
    8.6622    8.5987    8.5312    8.4598    8.3844
    8.3050    8.2217    8.1344    8.0431    7.9478
    7.8486    7.7454    7.6383    7.5272    7.4121
    7.2930

     0     1


 ROT OUTPUT  FORMAT:   1   0   0
 EJAY,EJAYF
    0.0000    0.5782    0.6007    0.6345    0.6795
    0.7358    0.8033    0.8821    0.9721    1.0734
    1.1859    1.3097    1.4448    1.5911    1.7487
    1.9175    2.0976    2.2889    2.4915    2.7053
    2.9304    3.1668    3.4144    3.6732    3.9433
    4.2247    4.5173    4.8212    5.1363    5.4627
    5.8003

     0     1

   10.2900   10.2969   10.3108   10.3317   10.3595
   10.3942   10.4359   10.4846   10.5402   10.6028
   10.6723   10.7488   10.8322   10.9226   11.0199
   11.1242   11.2354   11.3536   11.4787   11.6108
   11.7498   11.8958   12.0487   12.2086   12.3754
   12.5492   12.7300   12.9177   13.1123   13.3139
   13.5225

     0     1

 BARRIER
   10.2900    9.7187    9.7101    9.6972    9.6800
    9.6585    9.6327    9.6025    9.5681    9.5294
    9.4864    9.4390    9.3874    9.3314    9.2712
    9.2067    9.1378    9.0647    8.9872    8.9055
    8.8194    8.7290    8.6344    8.5354    8.4321
    8.3246    8.2127    8.0965    7.9760    7.8512
    7.7221

     0     1

 ROT OUTPUT  YRSMO,YRSMOF
    0.0000    0.0110    0.0330    0.0659    0.1099
    0.1648    0.2307    0.3076    0.3955    0.4944
    0.6043    0.7251    0.8570    0.9998    1.1536
    1.3184    1.4942    1.6810    1.8787    2.0875
    2.3072    2.5379    2.7796    3.0323    3.2960
    3.5707    3.8563    4.1530    4.4606    4.7792
    5.1088

     0     1

    9.1178    9.1248    9.1387    9.1595    9.1873
    9.2221    9.2638    9.3124    9.3681    9.4306
    9.5001    9.5766    9.6600    9.7504    9.8477
    9.9520   10.0632   10.1814   10.3065   10.4386
   10.5776   10.7236   10.8766   11.0364   11.2033
   11.3771   11.5578   11.7455   11.9402   12.1418
   12.3503

     0     1

 BARRIER
    9.1178    9.1138    9.1057    9.0936    9.0775
    9.0573    9.0331    9.0048    8.9725    8.9362
    8.8959    8.8515    8.8031    8.7506    8.6941
    8.6336    8.5690    8.5004    8.4278    8.3511
    8.2704    8.1857    8.0969    8.0041    7.9073
    7.8064    7.7015    7.5925    7.4795    7.3625
    7.2415

     0     1


 ROT OUTPUT  FORMAT:   1   0   0
 EJAY,EJAYF
    0.0000    0.5004    0.5230    0.5570    0.6023
    0.6589    0.7269    0.8062    0.8968    0.9987
    1.1120    1.2366    1.3725    1.5198    1.6784
    1.8483    2.0295    2.2221    2.4259    2.6411
    2.8677    3.1056    3.3547    3.6153    3.8871
    4.1703    4.4648    4.7706    5.0878    5.4162
    5.7561

     0     1

   10.1135   10.1205   10.1345   10.1554   10.1834
   10.2183   10.2602   10.3091   10.3649   10.4278
   10.4976   10.5744   10.6582   10.7490   10.8468
   10.9515   11.0633   11.1820   11.3077   11.4404
   11.5800   11.7267   11.8803   12.0409   12.2085
   12.3831   12.5647   12.7532   12.9488   13.1513
   13.3608

     0     1

 BARRIER
   10.1135    9.6202    9.6115    9.5984    9.5811
    9.5593    9.5333    9.5029    9.4681    9.4290
    9.3856    9.3378    9.2857    9.2292    9.1684
    9.1033    9.0338    8.9599    8.8818    8.7992
    8.7124    8.6211    8.5256    8.4257    8.3214
    8.2128    8.0999    7.9826    7.8610    7.7351
    7.6048

     0     1

 ROT OUTPUT  YRSMO,YRSMOF
    0.0000    0.0111    0.0333    0.0665    0.1108
    0.1663    0.2328    0.3104    0.3990    0.4988
    0.6096    0.7315    0.8646    1.0086    1.1638
    1.3301    1.5074    1.6959    1.8954    2.1060
    2.3277    2.5604    2.8043    3.0592    3.3252
    3.6023    3.8905    4.1898    4.5001    4.8216
    5.1541

     0     1

    9.0864    9.0933    9.1073    9.1283    9.1562
    9.1911    9.2330    9.2819    9.3378    9.4006
    9.4704    9.5473    9.6311    9.7219    9.8196
    9.9244   10.0361   10.1548   10.2805   10.4132
   10.5529   10.6995   10.8532   11.0138   11.1814
   11.3560   11.5375   11.7261   11.9216   12.1241
   12.3336

     0     1

 BARRIER
    9.0864    9.0823    9.0741    9.0618    9.0454
    9.0249    9.0002    8.9715    8.9387    8.9018
    8.8608    8.8157    8.7665    8.7132    8.6558
    8.5943    8.5287    8.4590    8.3851    8.3072
    8.2252    8.1391    8.0489    7.9546    7.8562
    7.7536    7.6470    7.5363    7.4215    7.3026
    7.1795

     0     1


 ROT OUTPUT  FORMAT:   1   0   0
 EJAY,EJAYF
    0.0000    2.0381    2.0615    2.0965    2.1432
    2.2016    2.2717    2.3534    2.4468    2.5519
    2.6687    2.7972    2.9373    3.0891    3.2526
    3.4278    3.6146    3.8132    4.0234    4.2453
    4.4788    4.7241    4.9810    5.2496    5.5298
    5.8218    6.1254    6.4407    6.7677    7.1064
    7.4567    7.8187

     0     1

   12.8893   12.8956   12.9082   12.9270   12.9521
   12.9835   13.0212   13.0652   13.1154   13.1720
   13.2348   13.3039   13.3792   13.4609   13.5488
   13.6430   13.7435   13.8503   13.9634   14.0827
   14.2083   14.3402   14.4784   14.6229   14.7736
   14.9306   15.0939   15.2635   15.4394   15.6215
   15.8100   16.0047

     0     1

 BARRIER
   12.8893   10.8575   10.8467   10.8305   10.8089
   10.7819   10.7496   10.7118   10.6686   10.6200
   10.5661   10.5067   10.4419   10.3718   10.2962
   10.2152   10.1289   10.0371    9.9400    9.8374
    9.7295    9.6162    9.4974    9.3733    9.2438
    9.1088    8.9685    8.8228    8.6717    8.5151
    8.3532    8.1859

     0     1

 ROT OUTPUT  YRSMO,YRSMOF
    0.0000    0.0101    0.0302    0.0604    0.1006
    0.1509    0.2113    0.2817    0.3622    0.4528
    0.5534    0.6641    0.7848    0.9156    1.0565
    1.2074    1.3684    1.5395    1.7206    1.9118
    2.1130    2.3243    2.5456    2.7771    3.0186
    3.2701    3.5317    3.8034    4.0851    4.3769
    4.6788    4.9907

     0     1

    7.6099    7.6162    7.6288    7.6476    7.6727
    7.7041    7.7418    7.7858    7.8360    7.8926
    7.9554    8.0245    8.0998    8.1815    8.2694
    8.3636    8.4641    8.5709    8.6840    8.8033
    8.9289    9.0608    9.1990    9.3435    9.4942
    9.6512    9.8145    9.9841   10.1600   10.3421
   10.5306   10.7253

     0     1

 BARRIER
    7.6099    7.6061    7.5986    7.5872    7.5721
    7.5532    7.5305    7.5041    7.4738    7.4398
    7.4020    7.3604    7.3150    7.2659    7.2129
    7.1562    7.0957    7.0314    6.9634    6.8916
    6.8159    6.7365    6.6534    6.5664    6.4756
    6.3811    6.2828    6.1807    6.0749    5.9652
    5.8518    5.7346

     0     1


 ROT OUTPUT  FORMAT:   1   0   0
 EJAY,EJAYF
    0.0000    1.6426    1.6656    1.7002    1.7462
    1.8038    1.8728    1.9534    2.0455    2.1491
    2.2642    2.3909    2.5290    2.6787    2.8398
    3.0125    3.1967    3.3924    3.5996    3.8183
    4.0485    4.2903    4.5435    4.8083    5.0846
    5.3724    5.6717    5.9825    6.3048    6.6387
    6.9840    7.3409

     0     1

   11.9054   11.9117   11.9243   11.9433   11.9686
   12.0002   12.0381   12.0823   12.1328   12.1897
   12.2529   12.3223   12.3982   12.4803   12.5687
   12.6635   12.7646   12.8720   12.9857   13.1057
   13.2320   13.3647   13.5037   13.6490   13.8006
   13.9586   14.1228   14.2934   14.4703   14.6535
   14.8430   15.0388

     0     1

 BARRIER
   11.9054   10.2691   10.2587   10.2431   10.2224
   10.1964   10.1652   10.1289   10.0873   10.0406
    9.9886    9.9315    9.8692    9.8016    9.7289
    9.6510    9.5679    9.4796    9.3861    9.2874
    9.1835    9.0744    8.9602    8.8407    8.7160
    8.5862    8.4511    8.3109    8.1654    8.0148
    7.8590    7.6980

     0     1

 ROT OUTPUT  YRSMO,YRSMOF
    0.0000    0.0101    0.0304    0.0609    0.1015
    0.1522    0.2131    0.2841    0.3652    0.4566
    0.5580    0.6696    0.7914    0.9233    1.0653
    1.2175    1.3798    1.5523    1.7349    1.9277
    2.1306    2.3437    2.5669    2.8002    3.0437
    3.2974    3.5612    3.8351    4.1192    4.4134
    4.7178    5.0323

     0     1

    7.5725    7.5788    7.5914    7.6104    7.6357
    7.6672    7.7051    7.7494    7.7999    7.8568
    7.9199    7.9894    8.0652    8.1474    8.2358
    8.3306    8.4316    8.5390    8.6528    8.7728
    8.8991    9.0318    9.1708    9.3161    9.4677
    9.6256    9.7899    9.9605   10.1373   10.3206
   10.5101   10.7059

     0     1

 BARRIER
    7.5725    7.5687    7.5610    7.5495    7.5342
    7.5151    7.4921    7.4653    7.4347    7.4002
    7.3619    7.3198    7.2739    7.2241    7.1705
    7.1131    7.0518    6.9867    6.9178    6.8451
    6.7685    6.6881    6.6039    6.5159    6.4240
    6.3283    6.2287    6.1254    6.0182    5.9072
    5.7923    5.6736

     0     1


 ROT OUTPUT  FORMAT:   1   0   0
 EJAY,EJAYF
    0.0000    1.5016    1.5247    1.5593    1.6055
    1.6632    1.7324    1.8132    1.9055    2.0094
    2.1248    2.2517    2.3902    2.5402    2.7018
    2.8749    3.0595    3.2557    3.4634    3.6827
    3.9135    4.1558    4.4097    4.6751    4.9521
    5.2406    5.5406    5.8522    6.1753    6.5100
    6.8562    7.2139

     0     1

   11.5572   11.5636   11.5763   11.5954   11.6208
   11.6526   11.6907   11.7352   11.7861   11.8433
   11.9069   11.9768   12.0531   12.1358   12.2248
   12.3202   12.4219   12.5300   12.6444   12.7653
   12.8924   13.0259   13.1658   13.3121   13.4647
   13.6236   13.7889   13.9606   14.1386   14.3230
   14.5138   14.7109

     0     1

 BARRIER
   11.5572   10.0619   10.0516   10.0360   10.0153
    9.9894    9.9583    9.9220    9.8806    9.8339
    9.7821    9.7251    9.6629    9.5956    9.5230
    9.4453    9.3624    9.2743    9.1810    9.0826
    8.9789    8.8701    8.7561    8.6369    8.5126
    8.3830    8.2483    8.1084    7.9633    7.8130
    7.6575    7.4969

     0     1

 ROT OUTPUT  YRSMO,YRSMOF
    0.0000    0.0102    0.0307    0.0614    0.1023
    0.1535    0.2148    0.2865    0.3683    0.4604
    0.5627    0.6752    0.7980    0.9310    1.0742
    1.2277    1.3914    1.5653    1.7494    1.9438
    2.1484    2.3633    2.5884    2.8237    3.0692
    3.3250    3.5910    3.8672    4.1537    4.4504
    4.7573    5.0744

     0     1

    7.5234    7.5297    7.5425    7.5615    7.5870
    7.6188    7.6569    7.7014    7.7523    7.8095
    7.8731    7.9430    8.0193    8.1020    8.1910
    8.2864    8.3881    8.4962    8.6106    8.7314
    8.8586    8.9921    9.1320    9.2782    9.4308
    9.5898    9.7551    9.9268   10.1048   10.2892
   10.4799   10.6770

     0     1

 BARRIER
    7.5234    7.5195    7.5118    7.5001    7.4847
    7.4653    7.4421    7.4149    7.3840    7.3491
    7.3104    7.2678    7.2213    7.1710    7.1168
    7.0587    6.9967    6.9309    6.8612    6.7876
    6.7101    6.6288    6.5436    6.4546    6.3616
    6.2648    6.1641    6.0596    5.9511    5.8388
    5.7227    5.6026

     0     1


 ROT OUTPUT  FORMAT:   1   0   0
 EJAY,EJAYF
    0.0000    1.1344    1.1571    1.1912    1.2366
    1.2934    1.3616    1.4411    1.5320    1.6342
    1.7478    1.8728    2.0091    2.1568    2.3159
    2.4863    2.6680    2.8612    3.0657    3.2815
    3.5087    3.7473    3.9972    4.2585    4.5312
    4.8152    5.1105    5.4173    5.7354    6.0648
    6.4056    6.7578

     0     1

   10.5992   10.6056   10.6184   10.6376   10.6631
   10.6951   10.7334   10.7782   10.8293   10.8868
   10.9507   11.0210   11.0977   11.1808   11.2703
   11.3661   11.4684   11.5770   11.6921   11.8135
   11.9413   12.0756   12.2162   12.3632   12.5165
   12.6763   12.8425   13.0151   13.1940   13.3794
   13.5711   13.7692

     0     1

 BARRIER
   10.5992    9.4712    9.4613    9.4464    9.4265
    9.4017    9.3718    9.3370    9.2973    9.2526
    9.2029    9.1482    9.0886    9.0240    8.9544
    8.8799    8.8004    8.7159    8.6264    8.5320
    8.4326    8.3283    8.2189    8.1046    7.9854
    7.8611    7.7319    7.5978    7.4586    7.3145
    7.1654    7.0114

     0     1

 ROT OUTPUT  YRSMO,YRSMOF
    0.0000    0.0103    0.0310    0.0619    0.1032
    0.1548    0.2167    0.2889    0.3714    0.4643
    0.5674    0.6809    0.8047    0.9388    1.0833
    1.2380    1.4031    1.5785    1.7642    1.9602
    2.1665    2.3832    2.6101    2.8474    3.0950
    3.3530    3.6212    3.8997    4.1886    4.4878
    4.7973    5.1171

     0     1

    7.4859    7.4923    7.5051    7.5242    7.5498
    7.5818    7.6201    7.6648    7.7160    7.7735
    7.8374    7.9077    7.9844    8.0675    8.1570
    8.2528    8.3551    8.4637    8.5788    8.7002
    8.8280    8.9622    9.1029    9.2498    9.4032
    9.5630    9.7292    9.9017   10.0807   10.2660
   10.4578   10.6559

     0     1

 BARRIER
    7.4859    7.4820    7.4741    7.4623    7.4466
    7.4270    7.4035    7.3760    7.3446    7.3092
    7.2700    7.2268    7.1797    7.1287    7.0737
    7.0148    6.9520    6.8853    6.8146    6.7400
    6.6615    6.5791    6.4927    6.4024    6.3082
    6.2101    6.1080    6.0020    5.8921    5.7782
    5.6605    5.5388

     0     1


 ROT OUTPUT  FORMAT:   1   0   0
 EJAY,EJAYF
    0.0000    1.0439    1.0667    1.1010    1.1467
    1.2038    1.2723    1.3523    1.4437    1.5465
    1.6607    1.7863    1.9234    2.0719    2.2318
    2.4031    2.5859    2.7800    2.9856    3.2027
    3.4311    3.6710    3.9223    4.1850    4.4591
    4.7446    5.0416    5.3500    5.6698    6.0011
    6.3437    6.6978

     0     1

   10.3821   10.3886   10.4014   10.4207   10.4464
   10.4785   10.5170   10.5620   10.6134   10.6712
   10.7354   10.8061   10.8832   10.9667   11.0566
   11.1530   11.2557   11.3649   11.4806   11.6026
   11.7311   11.8660   12.0073   12.1550   12.3092
   12.4698   12.6368   12.8102   12.9901   13.1764
   13.3691   13.5682

     0     1

 BARRIER
   10.3821    9.3447    9.3347    9.3197    9.2997
    9.2747    9.2447    9.2097    9.1697    9.1247
    9.0748    9.0198    8.9598    8.8948    8.8248
    8.7498    8.6699    8.5849    8.4949    8.4000
    8.3000    8.1950    8.0850    7.9701    7.8501
    7.7252    7.5952    7.4602    7.3203    7.1753
    7.0254    6.8704

     0     1

 ROT OUTPUT  YRSMO,YRSMOF
    0.0000    0.0104    0.0312    0.0624    0.1040
    0.1561    0.2185    0.2913    0.3745    0.4682
    0.5722    0.6867    0.8115    0.9468    1.0924
    1.2485    1.4149    1.5918    1.7791    1.9768
    2.1848    2.4033    2.6322    2.8715    3.1212
    3.3813    3.6518    3.9327    4.2240    4.5257
    4.8379    5.1604

     0     1

    7.4453    7.4517    7.4646    7.4838    7.5095
    7.5417    7.5802    7.6252    7.6765    7.7344
    7.7986    7.8693    7.9463    8.0298    8.1198
    8.2161    8.3189    8.4281    8.5437    8.6658
    8.7942    8.9291    9.0705    9.2182    9.3724
    9.5330    9.7000    9.8734   10.0533   10.2396
   10.4323   10.6314

     0     1

 BARRIER
    7.4453    7.4413    7.4334    7.4214    7.4055
    7.3856    7.3617    7.3338    7.3020    7.2662
    7.2264    7.1826    7.1348    7.0831    7.0274
    6.9676    6.9040    6.8363    6.7646    6.6890
    6.6094    6.5258    6.4383    6.3467    6.2512
    6.1517    6.0482    5.9407    5.8293    5.7138
    5.5944    5.4710

     0     1


 ROT OUTPUT  FORMAT:   1   0   0
 EJAY,EJAYF
    0.0000    0.7127    0.7352    0.7689    0.8138
    0.8700    0.9374    1.0160    1.1059    1.2070
    1.3193    1.4429    1.5777    1.7238    1.8811
    2.0496    2.2293    2.4203    2.6225    2.8360
    3.0607    3.2966    3.5437    3.8021    4.0717
    4.3526    4.6447    4.9480    5.2626    5.5884
    5.9254    6.2737

     0     1

    9.4818    9.4883    9.5011    9.5205    9.5463
    9.5785    9.6172    9.6623    9.7138    9.7718
    9.8363    9.9072    9.9845   10.0683   10.1586
   10.2552   10.3584   10.4679   10.5839   10.7064
   10.8353   10.9707   11.1125   11.2607   11.4154
   11.5765   11.7441   11.9181   12.0986   12.2855
   12.4788   12.6786

     0     1

 BARRIER
    9.4818    8.7756    8.7660    8.7516    8.7325
    8.7085    8.6798    8.6463    8.6079    8.5648
    8.5170    8.4643    8.4068    8.3445    8.2775
    8.2057    8.1290    8.0476    7.9614    7.8704
    7.7746    7.6741    7.5687    7.4586    7.3436
    7.2239    7.0994    6.9701    6.8360    6.6971
    6.5534    6.4050

     0     1

 ROT OUTPUT  YRSMO,YRSMOF
    0.0000    0.0105    0.0315    0.0630    0.1049
    0.1574    0.2203    0.2938    0.3777    0.4722
    0.5771    0.6925    0.8184    0.9548    1.1017
    1.2591    1.4270    1.6053    1.7942    1.9935
    2.2034    2.4237    2.6546    2.8959    3.1477
    3.4100    3.6828    3.9661    4.2599    4.5642
    4.8789    5.2042

     0     1

    7.4201    7.4265    7.4394    7.4587    7.4845
    7.5167    7.5554    7.6005    7.6521    7.7101
    7.7745    7.8454    7.9228    8.0066    8.0968
    8.1935    8.2966    8.4062    8.5222    8.6446
    8.7736    8.9089    9.0507    9.1989    9.3536
    9.5148    9.6823    9.8563   10.0368   10.2237
   10.4171   10.6169

     0     1

 BARRIER
    7.4201    7.4160    7.4079    7.3958    7.3796
    7.3593    7.3351    7.3067    7.2744    7.2379
    7.1975    7.1529    7.1044    7.0518    6.9951
    6.9344    6.8696    6.8008    6.7280    6.6511
    6.5702    6.4852    6.3961    6.3030    6.2059
    6.1047    5.9995    5.8902    5.7769    5.6596
    5.5381    5.4127

     0     1


 ROT OUTPUT  FORMAT:   1   0   0
 EJAY,EJAYF
    0.0000    0.6686    0.6912    0.7252    0.7705
    0.8272    0.8951    0.9744    1.0651    1.1670
    1.2803    1.4049    1.5408    1.6881    1.8467
    2.0166    2.1979    2.3905    2.5944    2.8096
    3.0362    3.2741    3.5233    3.7838    4.0557
    4.3389    4.6334    4.9393    5.2565    5.5850
    5.9249    6.2760

     0     1

    9.3800    9.3865    9.3995    9.4189    9.4448
    9.4771    9.5159    9.5612    9.6130    9.6712
    9.7359    9.8071    9.8847    9.9689   10.0595
   10.1565   10.2600   10.3700   10.4865   10.6094
   10.7389   10.8747   11.0171   11.1659   11.3212
   11.4830   11.6512   11.8259   12.0071   12.1947
   12.3888   12.5894

     0     1

 BARRIER
    9.3800    8.7179    8.7082    8.6937    8.6742
    8.6499    8.6208    8.5868    8.5479    8.5042
    8.4556    8.4022    8.3439    8.2808    8.2127
    8.1399    8.0622    7.9796    7.8921    7.7998
    7.7027    7.6007    7.4938    7.3821    7.2655
    7.1441    7.0178    6.8866    6.7506    6.6097
    6.4640    6.3134

     0     1

 ROT OUTPUT  YRSMO,YRSMOF
    0.0000    0.0106    0.0317    0.0635    0.1058
    0.1587    0.2222    0.2963    0.3809    0.4762
    0.5820    0.6984    0.8254    0.9630    1.1111
    1.2698    1.4391    1.6190    1.8095    2.0106
    2.2222    2.4444    2.6772    2.9206    3.1746
    3.4391    3.7142    3.9999    4.2962    4.6031
    4.9206    5.2486

     0     1

    7.3826    7.3891    7.4020    7.4215    7.4473
    7.4797    7.5185    7.5638    7.6156    7.6738
    7.7385    7.8097    7.8873    7.9715    8.0620
    8.1591    8.2626    8.3726    8.4891    8.6120
    8.7414    8.8773    9.0197    9.1685    9.3238
    9.4856    9.6538    9.8285   10.0097   10.1973
   10.3914   10.5920

     0     1

 BARRIER
    7.3826    7.3785    7.3703    7.3580    7.3415
    7.3210    7.2963    7.2675    7.2346    7.1976
    7.1565    7.1113    7.0620    7.0085    6.9509
    6.8893    6.8235    6.7536    6.6796    6.6015
    6.5193    6.4329    6.3425    6.2479    6.1492
    6.0464    5.9396    5.8285    5.7134    5.5942
    5.4709    5.3434

     0     1


 ROT OUTPUT  FORMAT:   1   0   0
 EJAY,EJAYF
    0.0000    2.0197    2.0425    2.0768    2.1225
    2.1796    2.2481    2.3281    2.4195    2.5223
    2.6365    2.7621    2.8992    3.0477    3.2076
    3.3789    3.5617    3.7558    3.9614    4.1785
    4.4069    4.6468    4.8981    5.1608    5.4349
    5.7204    6.0174    6.3258    6.6456    6.9769
    7.3195    7.6736

     0     1

   12.7438   12.7502   12.7630   12.7822   12.8079
   12.8399   12.8783   12.9232   12.9745   13.0321
   13.0962   13.1667   13.2435   13.3268   13.4165
   13.5126   13.6152   13.7241   13.8394   13.9611
   14.0893   14.2238   14.3648   14.5121   14.6659
   14.8261   14.9927   15.1657   15.3451   15.5309
   15.7231   15.9217

     0     1

 BARRIER
   12.7438   10.7305   10.7205   10.7054   10.6854
   10.6603   10.6302   10.5951   10.5550   10.5099
   10.4597   10.4045   10.3444   10.2792   10.2090
   10.1337   10.0535    9.9682    9.8780    9.7827
    9.6824    9.5771    9.4667    9.3514    9.2310
    9.1056    8.9753    8.8399    8.6994    8.5540
    8.4035    8.2481

     0     1

 ROT OUTPUT  YRSMO,YRSMOF
    0.0000    0.0102    0.0305    0.0609    0.1015
    0.1523    0.2132    0.2843    0.3655    0.4569
    0.5584    0.6701    0.7920    0.9240    1.0661
    1.2184    1.3809    1.5535    1.7362    1.9292
    2.1322    2.3455    2.5688    2.8024    3.0460
    3.2999    3.5639    3.8380    4.1223    4.4168
    4.7214    5.0361

     0     1

    8.0199    8.0263    8.0391    8.0583    8.0839
    8.1160    8.1544    8.1993    8.2505    8.3082
    8.3722    8.4427    8.5196    8.6029    8.6926
    8.7887    8.8912    9.0001    9.1155    9.2372
    9.3653    9.4999    9.6408    9.7882    9.9420
   10.1022   10.2687   10.4417   10.6211   10.8069
   10.9991   11.1978

     0     1

 BARRIER
    8.0199    8.0161    8.0086    7.9974    7.9824
    7.9637    7.9412    7.9150    7.8850    7.8513
    7.8138    7.7726    7.7276    7.6789    7.6265
    7.5703    7.5103    7.4467    7.3792    7.3080
    7.2331    7.1544    7.0720    6.9858    6.8959
    6.8023    6.7049    6.6037    6.4988    6.3902
    6.2778    6.1616

     0     1


 ROT OUTPUT  FORMAT:   1   0   0
 EJAY,EJAYF
    0.0000    1.7648    1.7876    1.8219    1.8676
    1.9247    1.9933    2.0733    2.1647    2.2675
    2.3818    2.5075    2.6446    2.7932    2.9531
    3.1245    3.3073    3.5016    3.7073    3.9244
    4.1529    4.3928    4.6442    4.9070    5.1813
    5.4669    5.7640    6.0725    6.3925    6.7238
    7.0666    7.4208

     0     1

   12.2400   12.2464   12.2592   12.2785   12.3041
   12.3362   12.3747   12.4196   12.4709   12.5287
   12.5928   12.6634   12.7404   12.8238   12.9136
   13.0099   13.1125   13.2216   13.3371   13.4589
   13.5873   13.7220   13.8631   14.0107   14.1647
   14.3251   14.4919   14.6651   14.8447   15.0308
   15.2233   15.4221

     0     1

 BARRIER
   12.2400   10.4816   10.4716   10.4566   10.4365
   10.4115   10.3814   10.3463   10.3062   10.2611
   10.2110   10.1559   10.0958   10.0306    9.9605
    9.8853    9.8052    9.7200    9.6298    9.5346
    9.4344    9.3291    9.2189    9.1037    8.9834
    8.8581    8.7278    8.5926    8.4523    8.3069
    8.1566    8.0013

     0     1

 ROT OUTPUT  YRSMO,YRSMOF
    0.0000    0.0102    0.0307    0.0614    0.1024
    0.1536    0.2150    0.2867    0.3686    0.4608
    0.5632    0.6758    0.7987    0.9318    1.0751
    1.2287    1.3925    1.5666    1.7509    1.9455
    2.1503    2.3653    2.5905    2.8260    3.0718
    3.3278    3.5940    3.8705    4.1572    4.4541
    4.7613    5.0787

     0     1

    8.0022    8.0086    8.0215    8.0407    8.0664
    8.0985    8.1370    8.1819    8.2332    8.2909
    8.3551    8.4257    8.5026    8.5860    8.6759
    8.7721    8.8748    8.9838    9.0993    9.2212
    9.3495    9.4842    9.6254    9.7729    9.9269
   10.0873   10.2541   10.4273   10.6070   10.7930
   10.9855   11.1844

     0     1

 BARRIER
    8.0022    7.9984    7.9908    7.9793    7.9640
    7.9449    7.9219    7.8952    7.8646    7.8302
    7.7919    7.7499    7.7040    7.6543    7.6007
    7.5434    7.4822    7.4172    7.3484    7.2757
    7.1993    7.1190    7.0348    6.9469    6.8551
    6.7595    6.6601    6.5569    6.4498    6.3389
    6.2242    6.1057

     0     1


 ROT OUTPUT  FORMAT:   1   0   0
 EJAY,EJAYF
    0.0000    1.4252    1.4479    1.4820    1.5274
    1.5841    1.6523    1.7317    1.8226    1.9247
    2.0383    2.1632    2.2994    2.4470    2.6060
    2.7763    2.9579    3.1509    3.3553    3.5710
    3.7981    4.0365    4.2863    4.5474    4.8199
    5.1037    5.3989    5.7055    6.0234    6.3526
    6.6932    7.0452

     0     1

   11.4847   11.4912   11.5040   11.5233   11.5490
   11.5811   11.6197   11.6647   11.7161   11.7739
   11.8382   11.9089   11.9860   12.0696   12.1595
   12.2559   12.3587   12.4680   12.5837   12.7058
   12.8343   12.9693   13.1106   13.2585   13.4127
   13.5734   13.7404   13.9140   14.0939   14.2803
   14.4731   14.6723

     0     1

 BARRIER
   11.4847   10.0660   10.0561   10.0413   10.0216
    9.9970    9.9674    9.9330    9.8935    9.8492
    9.7999    9.7457    9.6866    9.6225    9.5536
    9.4797    9.4008    9.3171    9.2284    9.1348
    9.0362    8.9328    8.8244    8.7111    8.5928
    8.4696    8.3415    8.2085    8.0705    7.9277
    7.7799    7.6271

     0     1

 ROT OUTPUT  YRSMO,YRSMOF
    0.0000    0.0103    0.0310    0.0620    0.1033
    0.1549    0.2169    0.2891    0.3717    0.4647
    0.5679    0.6815    0.8054    0.9397    1.0843
    1.2392    1.4044    1.5799    1.7658    1.9620
    2.1685    2.3854    2.6125    2.8501    3.0979
    3.3560    3.6245    3.9033    4.1925    4.4919
    4.8017    5.1218

     0     1

    7.9712    7.9776    7.9905    8.0097    8.0354
    8.0676    8.1061    8.1511    8.2025    8.2604
    8.3246    8.3953    8.4724    8.5560    8.6460
    8.7424    8.8452    8.9544    9.0701    9.1922
    9.3208    9.4557    9.5971    9.7449    9.8991
   10.0598   10.2269   10.4004   10.5804   10.7667
   10.9595   11.1587

     0     1

 BARRIER
    7.9712    7.9673    7.9595    7.9478    7.9322
    7.9127    7.8893    7.8620    7.8308    7.7957
    7.7567    7.7138    7.6670    7.6163    7.5617
    7.5032    7.4408    7.3745    7.3043    7.2302
    7.1522    7.0703    6.9845    6.8949    6.8013
    6.7038    6.6024    6.4971    6.3879    6.2748
    6.1578    6.0369

     0     1


 ROT OUTPUT  FORMAT:   1   0   0
 EJAY,EJAYF
    0.0000    1.1560    1.1786    1.2125    1.2578
    1.3143    1.3822    1.4613    1.5518    1.6536
    1.7667    1.8911    2.0268    2.1739    2.3322
    2.5019    2.6828    2.8751    3.0787    3.2936
    3.5197    3.7573    4.0061    4.2662    4.5376
    4.8204    5.1144    5.4198    5.7365    6.0645
    6.4038    6.7544

     0     1

   10.8629   10.8694   10.8823   10.9016   10.9273
   10.9595   10.9981   11.0432   11.0947   11.1526
   11.2170   11.2878   11.3650   11.4487   11.5388
   11.6354   11.7383   11.8478   11.9636   12.0859
   12.2147   12.3498   12.4914   12.6395   12.7940
   12.9549   13.1223   13.2960   13.4763   13.6629
   13.8560   14.0556

     0     1

 BARRIER
   10.8629    9.7134    9.7037    9.6890    9.6695
    9.6452    9.6159    9.5818    9.5428    9.4990
    9.4503    9.3966    9.3382    9.2748    9.2066
    9.1335    9.0555    8.9727    8.8850    8.7924
    8.6949    8.5926    8.4854    8.3733    8.2563
    8.1345    8.0078    7.8762    7.7398    7.5985
    7.4523    7.3012

     0     1

 ROT OUTPUT  YRSMO,YRSMOF
    0.0000    0.0104    0.0312    0.0625    0.1041
    0.1562    0.2187    0.2916    0.3749    0.4686
    0.5728    0.6874    0.8123    0.9477    1.0935
    1.2497    1.4164    1.5934    1.7809    1.9787
    2.1870    2.4057    2.6348    2.8744    3.1243
    3.3847    3.6555    3.9366    4.2282    4.5303
    4.8427    5.1655

     0     1

    7.9324    7.9388    7.9517    7.9710    7.9968
    8.0289    8.0676    8.1126    8.1641    8.2221
    8.2864    8.3572    8.4345    8.5181    8.6083
    8.7048    8.8078    8.9172    9.0331    9.1554
    9.2841    9.4193    9.5609    9.7089    9.8634
   10.0244   10.1917   10.3655   10.5457   10.7324
   10.9255   11.1250

     0     1

 BARRIER
    7.9324    7.9284    7.9205    7.9085    7.8926
    7.8727    7.8489    7.8210    7.7892    7.7534
    7.7136    7.6699    7.6221    7.5704    7.5147
    7.4551    7.3914    7.3238    7.2522    7.1766
    7.0971    7.0136    6.9261    6.8346    6.7391
    6.6397    6.5363    6.4289    6.3175    6.2021
    6.0828    5.9595

     0     1


 ROT OUTPUT  FORMAT:   1   0   0
 EJAY,EJAYF
    0.0000    0.8723    0.8948    0.9284    0.9733
    1.0295    1.0968    1.1754    1.2652    1.3662
    1.4785    1.6019    1.7367    1.8826    2.0397
    2.2081    2.3877    2.5785    2.7806    2.9939
    3.2184    3.4541    3.7011    3.9593    4.2287
    4.5093    4.8012    5.1042    5.4185    5.7441
    6.0808    6.4288

     0     1

   10.1448   10.1513   10.1642   10.1836   10.2094
   10.2417   10.2804   10.3256   10.3773   10.4354
   10.4999   10.5710   10.6484   10.7324   10.8228
   10.9196   11.0229   11.1327   11.2489   11.3716
   11.5007   11.6363   11.7783   11.9268   12.0818
   12.2432   12.4111   12.5854   12.7662   12.9534
   13.1471   13.3473

     0     1

 BARRIER
   10.1448    9.2790    9.2695    9.2551    9.2361
    9.2122    9.1836    9.1502    9.1121    9.0692
    9.0215    8.9690    8.9118    8.8498    8.7830
    8.7115    8.6352    8.5541    8.4683    8.3777
    8.2823    8.1822    8.0773    7.9676    7.8531
    7.7339    7.6099    7.4812    7.3476    7.2094
    7.0663    6.9185

     0     1

 ROT OUTPUT  YRSMO,YRSMOF
    0.0000    0.0105    0.0315    0.0630    0.1050
    0.1576    0.2206    0.2941    0.3781    0.4727
    0.5777    0.6932    0.8193    0.9558    1.1029
    1.2604    1.4285    1.6070    1.7961    1.9957
    2.2058    2.4263    2.6574    2.8990    3.1511
    3.4137    3.6868    3.9704    4.2645    4.5691
    4.8842    5.2098

     0     1

    7.8788    7.8852    7.8981    7.9175    7.9433
    7.9756    8.0144    8.0595    8.1112    8.1693
    8.2339    8.3049    8.3824    8.4663    8.5567
    8.6535    8.7569    8.8666    8.9828    9.1055
    9.2346    9.3702    9.5123    9.6608    9.8157
    9.9771   10.1450   10.3193   10.5001   10.6874
   10.8810   11.0812

     0     1

 BARRIER
    7.8788    7.8747    7.8666    7.8545    7.8383
    7.8181    7.7938    7.7654    7.7331    7.6966
    7.6562    7.6117    7.5631    7.5105    7.4538
    7.3931    7.3284    7.2596    7.1867    7.1098
    7.0289    6.9439    6.8549    6.7618    6.6646
    6.5635    6.4582    6.3490    6.2357    6.1183
    5.9969    5.8714

     0     1


 ROT OUTPUT  FORMAT:   1   0   0
 EJAY,EJAYF
    0.0000    0.7421    0.7646    0.7983    0.8433
    0.8995    0.9669    1.0456    1.1355    1.2366
    1.3490    1.4727    1.6075    1.7537    1.9110
    2.0796    2.2594    2.4505    2.6528    2.8663
    3.0911    3.3271    3.5744    3.8329    4.1026
    4.3836    4.6758    4.9793    5.2940    5.6199
    5.9571    6.3055

     0     1

    9.8071    9.8136    9.8266    9.8461    9.8720
    9.9045    9.9435    9.9889   10.0408   10.0993
   10.1642   10.2356   10.3135   10.3979   10.4888
   10.5862   10.6901   10.8004   10.9173   11.0406
   11.1705   11.3068   11.4496   11.5990   11.7548
   11.9171   12.0859   12.2612   12.4429   12.6312
   12.8260   13.0272

     0     1

 BARRIER
    9.8071    9.0715    9.0620    9.0478    9.0288
    9.0050    8.9765    8.9433    8.9053    8.8626
    8.8152    8.7629    8.7060    8.6443    8.5778
    8.5066    8.4306    8.3499    8.2645    8.1743
    8.0794    7.9797    7.8753    7.7661    7.6521
    7.5335    7.4101    7.2819    7.1490    7.0113
    6.8689    6.7217

     0     1

 ROT OUTPUT  YRSMO,YRSMOF
    0.0000    0.0106    0.0318    0.0636    0.1059
    0.1589    0.2225    0.2966    0.3814    0.4767
    0.5826    0.6992    0.8263    0.9640    1.1123
    1.2712    1.4407    1.6208    1.8115    2.0127
    2.2246    2.4471    2.6801    2.9238    3.1780
    3.4428    3.7183    4.0043    4.3009    4.6081
    4.9259    5.2543

     0     1

    7.8415    7.8480    7.8609    7.8804    7.9064
    7.9388    7.9778    8.0232    8.0752    8.1336
    8.1985    8.2699    8.3479    8.4322    8.5231
    8.6205    8.7244    8.8348    8.9516    9.0750
    9.2048    9.3412    9.4840    9.6333    9.7891
    9.9514   10.1202   10.2955   10.4773   10.6656
   10.8603   11.0616

     0     1

 BARRIER
    7.8415    7.8374    7.8292    7.8169    7.8005
    7.7799    7.7553    7.7266    7.6938    7.6569
    7.6159    7.5708    7.5216    7.4683    7.4108
    7.3493    7.2837    7.2140    7.1402    7.0622
    6.9802    6.8941    6.8039    6.7095    6.6111
    6.5086    6.4020    6.2912    6.1764    6.0575
    5.9344    5.8073

     0     1


 ROT OUTPUT  FORMAT:   1   0   0
 EJAY,EJAYF
    0.0000    2.2114    2.2341    2.2681    2.3136
    2.3704    2.4385    2.5180    2.6088    2.7111
    2.8246    2.9495    3.0858    3.2335    3.3925
    3.5628    3.7445    3.9376    4.1420    4.3578
    4.5849    4.8234    5.0733    5.3345    5.6070
    5.8909    6.1862    6.4929    6.8108    7.1402
    7.4809    7.8330

     0     1

   13.2102   13.2168   13.2299   13.2495   13.2756
   13.3083   13.3476   13.3934   13.4457   13.5045
   13.5699   13.6419   13.7204   13.8054   13.8969
   13.9950   14.0997   14.2109   14.3286   14.4528
   14.5836   14.7210   14.8649   15.0153   15.1722
   15.3357   15.5058   15.6824   15.8655   16.0551
   16.2513   16.4541

     0     1

 BARRIER
   13.2102   11.0054   10.9958   10.9813   10.9621
   10.9380   10.9091   10.8754   10.8368   10.7935
   10.7453   10.6923   10.6345   10.5719   10.5045
   10.4322   10.3552   10.2733   10.1866   10.0950
    9.9987    9.8976    9.7916    9.6808    9.5652
    9.4448    9.3196    9.1895    9.0546    8.9150
    8.7705    8.6211

     0     1

 ROT OUTPUT  YRSMO,YRSMOF
    0.0000    0.0102    0.0307    0.0615    0.1024
    0.1537    0.2151    0.2868    0.3688    0.4610
    0.5634    0.6761    0.7991    0.9322    1.0757
    1.2293    1.3932    1.5674    1.7518    1.9465
    2.1513    2.3665    2.5919    2.8275    3.0733
    3.3295    3.5958    3.8724    4.1593    4.4563
    4.7637    5.0813

     0     1

    8.4678    8.4743    8.4874    8.5070    8.5332
    8.5659    8.6051    8.6509    8.7032    8.7621
    8.8275    8.8994    8.9779    9.0629    9.1545
    9.2526    9.3572    9.4684    9.5861    9.7104
    9.8412    9.9785   10.1224   10.2728   10.4298
   10.5933   10.7633   10.9399   11.1230   11.3127
   11.5089   11.7116

     0     1

 BARRIER
    8.4678    8.4640    8.4566    8.4455    8.4307
    8.4122    8.3900    8.3640    8.3344    8.3011
    8.2640    8.2233    8.1788    8.1306    8.0788
    8.0232    7.9639    7.9010    7.8343    7.7639
    7.6898    7.6120    7.5305    7.4453    7.3564
    7.2638    7.1675    7.0675    6.9637    6.8563
    6.7452    6.6303

     0     1


 ROT OUTPUT  FORMAT:   1   0   0
 EJAY,EJAYF
    0.0000    1.7812    1.8038    1.8376    1.8827
    1.9390    2.0067    2.0856    2.1758    2.2773
    2.3900    2.5140    2.6493    2.7959    2.9537
    3.1228    3.3032    3.4948    3.6978    3.9120
    4.1375    4.3742    4.6222    4.8816    5.1521
    5.4340    5.7271    6.0315    6.3472    6.6741
    7.0123    7.3618

     0     1

   12.3207   12.3273   12.3404   12.3601   12.3864
   12.4192   12.4586   12.5045   12.5571   12.6162
   12.6818   12.7541   12.8328   12.9182   13.0101
   13.1086   13.2137   13.3253   13.4435   13.5683
   13.6996   13.8375   13.9819   14.1329   14.2905
   14.4547   14.6254   14.8027   14.9865   15.1770
   15.3739   15.5775

     0     1

 BARRIER
   12.3207   10.5461   10.5366   10.5225   10.5037
   10.4801   10.4519   10.4189   10.3813   10.3389
   10.2918   10.2400   10.1835   10.1223   10.0564
    9.9858    9.9105    9.8305    9.7457    9.6563
    9.5621    9.4632    9.3597    9.2514    9.1384
    9.0207    8.8983    8.7712    8.6394    8.5028
    8.3616    8.2157

     0     1

 ROT OUTPUT  YRSMO,YRSMOF
    0.0000    0.0103    0.0310    0.0620    0.1033
    0.1550    0.2170    0.2893    0.3719    0.4649
    0.5682    0.6819    0.8059    0.9402    1.0848
    1.2398    1.4051    1.5807    1.7667    1.9630
    2.1696    2.3866    2.6139    2.8515    3.0995
    3.3578    3.6264    3.9053    4.1946    4.4942
    4.8042    5.1244

     0     1

    8.4386    8.4452    8.4583    8.4780    8.5043
    8.5371    8.5765    8.6225    8.6750    8.7341
    8.7998    8.8720    8.9508    9.0362    9.1281
    9.2266    9.3316    9.4433    9.5614    9.6862
    9.8175    9.9554   10.0999   10.2509   10.4085
   10.5726   10.7434   10.9206   11.1045   11.2949
   11.4919   11.6954

     0     1

 BARRIER
    8.4386    8.4349    8.4273    8.4160    8.4010
    8.3822    8.3596    8.3332    8.3031    8.2692
    8.2315    8.1901    8.1449    8.0960    8.0433
    7.9868    7.9265    7.8625    7.7948    7.7232
    7.6479    7.5688    7.4860    7.3994    7.3090
    7.2149    7.1170    7.0153    6.9099    6.8007
    6.6877    6.5710

     0     1


 ROT OUTPUT  FORMAT:   1   0   0
 EJAY,EJAYF
    0.0000    1.6101    1.6327    1.6667    1.7120
    1.7685    1.8364    1.9157    2.0062    2.1080
    2.2212    2.3457    2.4815    2.6286    2.7870
    2.9568    3.1379    3.3302    3.5339    3.7490
    3.9753    4.2130    4.4619    4.7222    4.9938
    5.2767    5.5710    5.8765    6.1934    6.5216
    6.8611    7.2119

     0     1

   11.9657   11.9723   11.9855   12.0053   12.0317
   12.0646   12.1042   12.1504   12.2031   12.2625
   12.3284   12.4010   12.4801   12.5659   12.6582
   12.7571   12.8626   12.9748   13.0935   13.2188
   13.3507   13.4892   13.6343   13.7859   13.9442
   14.1091   14.2806   14.4586   14.6433   14.8345
   15.0324   15.2368

     0     1

 BARRIER
   11.9657   10.3622   10.3528   10.3386   10.3197
   10.2961   10.2678   10.2347   10.1970   10.1545
   10.1072   10.0553    9.9986    9.9373    9.8712
    9.8003    9.7248    9.6445    9.5595    9.4698
    9.3754    9.2762    9.1723    9.0637    8.9504
    8.8324    8.7096    8.5821    8.4499    8.3130
    8.1713    8.0249

     0     1

 ROT OUTPUT  YRSMO,YRSMOF
    0.0000    0.0104    0.0313    0.0625    0.1042
    0.1563    0.2188    0.2918    0.3751    0.4689
    0.5731    0.6877    0.8127    0.9482    1.0941
    1.2504    1.4171    1.5942    1.7818    1.9798
    2.1882    2.4070    2.6362    2.8759    3.1259
    3.3864    3.6573    3.9387    4.2304    4.5326
    4.8452    5.1682

     0     1

    8.3976    8.4042    8.4174    8.4372    8.4635
    8.4965    8.5361    8.5823    8.6350    8.6944
    8.7603    8.8329    8.9120    8.9977    9.0901
    9.1890    9.2945    9.4066    9.5253    9.6506
    9.7825    9.9210   10.0661   10.2178   10.3761
   10.5410   10.7124   10.8905   11.0752   11.2664
   11.4643   11.6687

     0     1

 BARRIER
    8.3976    8.3938    8.3861    8.3746    8.3593
    8.3402    8.3173    8.2905    8.2599    8.2255
    8.1872    8.1452    8.0993    8.0495    7.9960
    7.9386    7.8774    7.8124    7.7436    7.6709
    7.5944    7.5141    7.4299    7.3419    7.2502
    7.1545    7.0551    6.9518    6.8447    6.7338
    6.6191    6.5005

     0     1


 ROT OUTPUT  FORMAT:   1   0   0
 EJAY,EJAYF
    0.0000    1.1769    1.1993    1.2329    1.2777
    1.3337    1.4009    1.4793    1.5688    1.6696
    1.7816    1.9048    2.0392    2.1848    2.3416
    2.5096    2.6887    2.8791    3.0807    3.2935
    3.5175    3.7526    3.9990    4.2566    4.5254
    4.8053    5.0965    5.3989    5.7124    6.0372
    6.3732    6.7203

     0     1

   10.9941   11.0007   11.0140   11.0338   11.0604
   11.0935   11.1332   11.1796   11.2326   11.2923
   11.3585   11.4314   11.5109   11.5970   11.6898
   11.7892   11.8952   12.0078   12.1271   12.2530
   12.3855   12.5247   12.6704   12.8228   12.9818
   13.1475   13.3198   13.4987   13.6842   13.8763
   14.0751   14.2805

     0     1

 BARRIER
   10.9941    9.8238    9.8147    9.8010    9.7827
    9.7598    9.7324    9.7004    9.6638    9.6226
    9.5769    9.5266    9.4717    9.4123    9.3482
    9.2796    9.2065    9.1287    9.0464    8.9595
    8.8681    8.7720    8.6714    8.5662    8.4565
    8.3422    8.2233    8.0998    7.9718    7.8391
    7.7019    7.5602

     0     1

 ROT OUTPUT  YRSMO,YRSMOF
    0.0000    0.0105    0.0315    0.0631    0.1051
    0.1576    0.2207    0.2943    0.3783    0.4729
    0.5780    0.6936    0.8197    0.9563    1.1035
    1.2611    1.4293    1.6079    1.7971    1.9968
    2.2069    2.4276    2.6588    2.9005    3.1528
    3.4155    3.6887    3.9725    4.2667    4.5715
    4.8868    5.2126

     0     1

    8.3461    8.3527    8.3660    8.3859    8.4124
    8.4455    8.4853    8.5316    8.5847    8.6443
    8.7105    8.7834    8.8629    8.9491    9.0418
    9.1412    9.2472    9.3599    9.4791    9.6050
    9.7376    9.8767   10.0225   10.1749   10.3339
   10.4995   10.6718   10.8507   11.0362   11.2284
   11.4271   11.6326

     0     1

 BARRIER
    8.3461    8.3422    8.3345    8.3228    8.3073
    8.2879    8.2646    8.2374    8.2063    8.1714
    8.1325    8.0898    8.0432    7.9927    7.9384
    7.8801    7.8180    7.7520    7.6821    7.6083
    7.5306    7.4491    7.3636    7.2743    7.1811
    7.0840    6.9831    6.8782    6.7695    6.6569
    6.5404    6.4200

     0     1


 ROT OUTPUT  FORMAT:   1   0   0
 EJAY,EJAYF
    0.0000    0.9998    1.0222    1.0559    1.1008
    1.1569    1.2242    1.3027    1.3925    1.4934
    1.6056    1.7291    1.8637    2.0095    2.1666
    2.3349    2.5144    2.7051    2.9071    3.1203
    3.3446    3.5803    3.8271    4.0851    4.3544
    4.6349    4.9266    5.2295    5.5436    5.8690
    6.2056    6.5534

     0     1

   10.5865   10.5932   10.6065   10.6265   10.6531
   10.6863   10.7263   10.7728   10.8261   10.8859
   10.9525   11.0257   11.1055   11.1920   11.2851
   11.3849   11.4914   11.6045   11.7242   11.8507
   11.9837   12.1234   12.2698   12.4228   12.5825
   12.7488   12.9218   13.1015   13.2878   13.4807
   13.6803   13.8865

     0     1

 BARRIER
   10.5865    9.5934    9.5843    9.5706    9.5523
    9.5295    9.5021    9.4701    9.4336    9.3925
    9.3468    9.2966    9.2418    9.1824    9.1185
    9.0500    8.9770    8.8993    8.8172    8.7304
    8.6391    8.5432    8.4427    8.3377    8.2281
    8.1140    7.9952    7.8720    7.7441    7.6117
    7.4747    7.3332

     0     1

 ROT OUTPUT  YRSMO,YRSMOF
    0.0000    0.0106    0.0318    0.0636    0.1060
    0.1590    0.2226    0.2968    0.3816    0.4770
    0.5830    0.6996    0.8268    0.9646    1.1130
    1.2720    1.4416    1.6218    1.8126    2.0140
    2.2260    2.4486    2.6818    2.9256    3.1800
    3.4450    3.7206    4.0067    4.3035    4.6109
    4.9289    5.2575

     0     1

    8.2958    8.3024    8.3157    8.3357    8.3623
    8.3956    8.4355    8.4820    8.5353    8.5952
    8.6617    8.7349    8.8147    8.9012    8.9943
    9.0941    9.2006    9.3137    9.4335    9.5599
    9.6929    9.8327    9.9790   10.1320   10.2917
   10.4581   10.6310   10.8107   10.9970   11.1899
   11.3895   11.5958

     0     1

 BARRIER
    8.2958    8.2918    8.2839    8.2721    8.2563
    8.2366    8.2129    8.1853    8.1537    8.1182
    8.0787    8.0353    7.9879    7.9366    7.8814
    7.8222    7.7590    7.6919    7.6209    7.5459
    7.4670    7.3841    7.2973    7.2065    7.1118
    7.0131    6.9105    6.8039    6.6934    6.5790
    6.4606    6.3382

     0     1


 ROT OUTPUT  FORMAT:   1   0   0
 EJAY,EJAYF
    0.0000    0.7168    0.7391    0.7726    0.8173
    0.8731    0.9401    1.0183    1.1076    1.2081
    1.3197    1.4426    1.5766    1.7217    1.8781
    2.0456    2.2242    2.4140    2.6150    2.8272
    3.0505    3.2850    3.5307    3.7875    4.0555
    4.3347    4.6250    4.9265    5.2391    5.5629
    5.8979    6.2441

     0     1

    9.9559    9.9625    9.9759    9.9959   10.0225
   10.0558   10.0958   10.1424   10.1957   10.2557
   10.3223   10.3956   10.4756   10.5622   10.6554
   10.7554   10.8620   10.9752   11.0952   11.2218
   11.3550   11.4949   11.6415   11.7947   11.9546
   12.1212   12.2944   12.4743   12.6608   12.8541
   13.0539   13.2605

     0     1

 BARRIER
    9.9559    9.2458    9.2368    9.2233    9.2052
    9.1827    9.1557    9.1242    9.0881    9.0476
    9.0026    8.9530    8.8990    8.8404    8.7774
    8.7098    8.6378    8.5612    8.4801    8.3946
    8.3045    8.2099    8.1108    8.0072    7.8991
    7.7865    7.6694    7.5478    7.4217    7.2911
    7.1560    7.0164

     0     1

 ROT OUTPUT  YRSMO,YRSMOF
    0.0000    0.0107    0.0321    0.0642    0.1069
    0.1604    0.2245    0.2994    0.3849    0.4811
    0.5880    0.7057    0.8340    0.9730    1.1226
    1.2830    1.4541    1.6358    1.8283    2.0314
    2.2453    2.4698    2.7050    2.9509    3.2075
    3.4748    3.7528    4.0415    4.3409    4.6509
    4.9717    5.3031

     0     1

    8.2756    8.2823    8.2956    8.3156    8.3422
    8.3755    8.4155    8.4622    8.5155    8.5754
    8.6420    8.7153    8.7953    8.8819    8.9752
    9.0751    9.1817    9.2950    9.4149    9.5415
    9.6747    9.8146    9.9612   10.1144   10.2743
   10.4409   10.6141   10.7940   10.9806   11.1738
   11.3737   11.5802

     0     1

 BARRIER
    8.2756    8.2716    8.2635    8.2514    8.2353
    8.2152    8.1910    8.1628    8.1306    8.0943
    8.0540    8.0097    7.9613    7.9089    7.8525
    7.7921    7.7276    7.6591    7.5866    7.5100
    7.4295    7.3448    7.2562    7.1635    7.0668
    6.9661    6.8613    6.7525    6.6397    6.5229
    6.4020    6.2771

     0     1


 ROT OUTPUT  FORMAT:   1   0   0
 EJAY,EJAYF
    0.0000    0.6188    0.6412    0.6749    0.7198
    0.7759    0.8433    0.9218    1.0116    1.1127
    1.2249    1.3484    1.4831    1.6290    1.7862
    1.9545    2.1341    2.3249    2.5270    2.7403
    2.9647    3.2005    3.4474    3.7056    3.9750
    4.2556    4.5474    4.8505    5.1648    5.4903
    5.8271    6.1750

     0     1

    9.7357    9.7423    9.7557    9.7757    9.8024
    9.8357    9.8758    9.9225    9.9758   10.0359
   10.1026   10.1760   10.2561   10.3428   10.4362
   10.5363   10.6430   10.7564   10.8765   11.0033
   11.1367   11.2768   11.4236   11.5770   11.7371
   11.9039   12.0774   12.2575   12.4443   12.6378
   12.8380   13.0448

     0     1

 BARRIER
    9.7357    9.1236    9.1145    9.1008    9.0826
    9.0598    9.0325    9.0006    8.9642    8.9232
    8.8777    8.8276    8.7730    8.7138    8.6500
    8.5817    8.5089    8.4315    8.3495    8.2630
    8.1720    8.0763    7.9762    7.8715    7.7622
    7.6483    7.5300    7.4070    7.2795    7.1475
    7.0109    6.8698

     0     1

 ROT OUTPUT  YRSMO,YRSMOF
    0.0000    0.0108    0.0324    0.0647    0.1078
    0.1618    0.2265    0.3020    0.3883    0.4853
    0.5932    0.7118    0.8412    0.9814    1.1324
    1.2942    1.4667    1.6501    1.8442    2.0491
    2.2648    2.4913    2.7286    2.9766    3.2355
    3.5051    3.7855    4.0767    4.3787    4.6914
    5.0150    5.3493

     0     1

    8.2464    8.2531    8.2664    8.2864    8.3131
    8.3465    8.3865    8.4332    8.4866    8.5466
    8.6133    8.6867    8.7668    8.8535    8.9469
    9.0470    9.1537    9.2671    9.3872    9.5140
    9.6474    9.7875    9.9343   10.0877   10.2479
   10.4147   10.5881   10.7682   10.9551   11.1485
   11.3487   11.5555

     0     1

 BARRIER
    8.2464    8.2423    8.2340    8.2217    8.2052
    8.1847    8.1600    8.1312    8.0983    8.0613
    8.0202    7.9749    7.9255    7.8721    7.8145
    7.7528    7.6870    7.6170    7.5430    7.4649
    7.3826    7.2962    7.2057    7.1111    7.0124
    6.9096    6.8026    6.6915    6.5764    6.4571
    6.3337    6.2062

     0     1


 ROT OUTPUT  FORMAT:   1   0   0
 EJAY,EJAYF
    0.0000    0.3705    0.3928    0.4263    0.4709
    0.5267    0.5937    0.6718    0.7611    0.8615
    0.9732    1.0959    1.2298    1.3749    1.5312
    1.6986    1.8771    2.0668    2.2677    2.4798
    2.7030    2.9373    3.1829    3.4395    3.7074
    3.9864    4.2766    4.5779    4.8904    5.2140
    5.5488    5.8948

     0     1

    9.1146    9.1213    9.1346    9.1547    9.1814
    9.2148    9.2549    9.3017    9.3551    9.4152
    9.4821    9.5555    9.6357    9.7226    9.8161
    9.9163   10.0232   10.1368   10.2571   10.3840
   10.5176   10.6579   10.8049   10.9586   11.1189
   11.2860   11.4597   11.6401   11.8272   12.0209
   12.2213   12.4285

     0     1

 BARRIER
    9.1146    8.7508    8.7418    8.7284    8.7105
    8.6881    8.6612    8.6298    8.5940    8.5537
    8.5089    8.4596    8.4059    8.3477    8.2850
    8.2178    8.1461    8.0700    7.9893    7.9042
    7.8147    7.7206    7.6221    7.5191    7.4116
    7.2996    7.1831    7.0622    6.9368    6.8069
    6.6725    6.5337

     0     1

 ROT OUTPUT  YRSMO,YRSMOF
    0.0000    0.0109    0.0326    0.0653    0.1088
    0.1632    0.2285    0.3046    0.3917    0.4896
    0.5984    0.7180    0.8486    0.9900    1.1423
    1.3055    1.4796    1.6645    1.8604    2.0671
    2.2847    2.5131    2.7525    3.0027    3.2638
    3.5358    3.8187    4.1124    4.4170    4.7325
    5.0589    5.3962

     0     1

    8.2064    8.2131    8.2264    8.2465    8.2732
    8.3066    8.3467    8.3935    8.4469    8.5070
    8.5739    8.6473    8.7275    8.8144    8.9079
    9.0081    9.1150    9.2286    9.3489    9.4758
    9.6094    9.7497    9.8967   10.0504   10.2107
   10.3778   10.5515   10.7319   10.9190   11.1127
   11.3131   11.5203

     0     1

 BARRIER
    8.2064    8.2022    8.1938    8.1812    8.1644
    8.1434    8.1182    8.0888    8.0553    8.0175
    7.9755    7.9293    7.8789    7.8244    7.7656
    7.7026    7.6354    7.5641    7.4885    7.4087
    7.3248    7.2366    7.1443    7.0477    6.9469
    6.8420    6.7328    6.6195    6.5019    6.3802
    6.2542    6.1241

     0     1


 ROT OUTPUT  FORMAT:   1   0   0
 EJAY,EJAYF
    0.0000    2.0404    2.0628    2.0964    2.1412
    2.1972    2.2644    2.3428    2.4324    2.5332
    2.6452    2.7684    2.9028    3.0484    3.2052
    3.3732    3.5524    3.7429    3.9445    4.1573
    4.3813    4.6165    4.8629    5.1205    5.3893
    5.6694    5.9606    6.2630    6.5766    6.9014
    7.2374    7.5846

     0     1

   13.0106   13.0172   13.0305   13.0504   13.0770
   13.1102   13.1500   13.1965   13.2496   13.3093
   13.3757   13.4487   13.5284   13.6147   13.7077
   13.8072   13.9135   14.0263   14.1458   14.2720
   14.4047   14.5441   14.6902   14.8429   15.0022
   15.1682   15.3408   15.5201   15.7059   15.8985
   16.0976   16.3034

     0     1

 BARRIER
   13.0106   10.9768   10.9677   10.9540   10.9358
   10.9130   10.8856   10.8537   10.8172   10.7761
   10.7305   10.6803   10.6256   10.5663   10.5024
   10.4340   10.3610   10.2835   10.2014   10.1147
   10.0234    9.9276    9.8273    9.7224    9.6129
    9.4988    9.3802    9.2571    9.1293    8.9971
    8.8602    8.7188

     0     1

 ROT OUTPUT  YRSMO,YRSMOF
    0.0000    0.0103    0.0310    0.0620    0.1034
    0.1551    0.2171    0.2894    0.3721    0.4652
    0.5685    0.6822    0.8063    0.9406    1.0854
    1.2404    1.4058    1.5815    1.7676    1.9640
    2.1707    2.3878    2.6152    2.8529    3.1010
    3.3594    3.6282    3.9073    4.1967    4.4965
    4.8066    5.1270

     0     1

    8.9018    8.9084    8.9217    8.9416    8.9682
    9.0014    9.0412    9.0877    9.1408    9.2005
    9.2669    9.3399    9.4196    9.5059    9.5989
    9.6984    9.8047    9.9175   10.0370   10.1632
   10.2959   10.4354   10.5814   10.7341   10.8934
   11.0594   11.2320   11.4113   11.5971   11.7897
   11.9888   12.1946

     0     1

 BARRIER
    8.9018    8.8981    8.8907    8.8796    8.8648
    8.8463    8.8241    8.7982    8.7687    8.7354
    8.6984    8.6577    8.6134    8.5653    8.5135
    8.4580    8.3989    8.3360    8.2695    8.1992
    8.1252    8.0476    7.9662    7.8812    7.7924
    7.7000    7.6038    7.5040    7.4005    7.2932
    7.1823    7.0677

     0     1


 ROT OUTPUT  FORMAT:   1   0   0
 EJAY,EJAYF
    0.0000    1.7140    1.7364    1.7699    1.8147
    1.8706    1.9376    2.0159    2.1053    2.2059
    2.3177    2.4407    2.5749    2.7202    2.8767
    3.0444    3.2233    3.4133    3.6146    3.8270
    4.0506    4.2854    4.5313    4.7884    5.0567
    5.3362    5.6269    5.9288    6.2418    6.5660
    6.9014    7.2479

     0     1

   12.3504   12.3571   12.3704   12.3905   12.4172
   12.4506   12.4906   12.5374   12.5908   12.6509
   12.7177   12.7911   12.8713   12.9581   13.0516
   13.1517   13.2586   13.3721   13.4923   13.6192
   13.7527   13.8930   14.0399   14.1935   14.3537
   14.5207   14.6943   14.8746   15.0616   15.2552
   15.4556   15.6626

     0     1

 BARRIER
   12.3504   10.6430   10.6340   10.6205   10.6025
   10.5800   10.5530   10.5215   10.4855   10.4450
   10.3999   10.3504   10.2964   10.2379   10.1749
   10.1073   10.0353    9.9588    9.8777    9.7922
    9.7022    9.6076    9.5086    9.4050    9.2970
    9.1844    9.0674    8.9458    8.8198    8.6892
    8.5542    8.4146

     0     1

 ROT OUTPUT  YRSMO,YRSMOF
    0.0000    0.0104    0.0313    0.0626    0.1043
    0.1564    0.2189    0.2919    0.3753    0.4691
    0.5734    0.6881    0.8132    0.9487    1.0946
    1.2510    1.4178    1.5950    1.7827    1.9808
    2.1893    2.4082    2.6375    2.8773    3.1275
    3.3881    3.6592    3.9407    4.2326    4.5349
    4.8476    5.1708

     0     1

    8.8628    8.8695    8.8828    8.9029    8.9296
    8.9630    9.0030    9.0498    9.1032    9.1633
    9.2301    9.3035    9.3837    9.4705    9.5640
    9.6641    9.7710    9.8845   10.0047   10.1316
   10.2651   10.4054   10.5523   10.7059   10.8661
   11.0331   11.2067   11.3870   11.5740   11.7676
   11.9680   12.1750

     0     1

 BARRIER
    8.8628    8.8590    8.8515    8.8403    8.8253
    8.8066    8.7841    8.7579    8.7279    8.6942
    8.6567    8.6155    8.5705    8.5218    8.4693
    8.4131    8.3532    8.2895    8.2220    8.1508
    8.0759    7.9972    7.9147    7.8286    7.7386
    7.6449    7.5475    7.4463    7.3414    7.2327
    7.1203    7.0042

     0     1


 ROT OUTPUT  FORMAT:   1   0   0
 EJAY,EJAYF
    0.0000    1.3977    1.4200    1.4535    1.4981
    1.5539    1.6208    1.6989    1.7882    1.8886
    2.0002    2.1229    2.2568    2.4018    2.5580
    2.7253    2.9038    3.0935    3.2943    3.5063
    3.7294    3.9637    4.2091    4.4657    4.7335
    5.0124    5.3025    5.6037    5.9161    6.2396
    6.5743    6.9202

     0     1

   11.7064   11.7131   11.7265   11.7467   11.7735
   11.8071   11.8474   11.8944   11.9481   12.0085
   12.0756   12.1494   12.2300   12.3173   12.4112
   12.5119   12.6193   12.7335   12.8543   12.9818
   13.1161   13.2570   13.4047   13.5591   13.7202
   13.8881   14.0626   14.2438   14.4318   14.6265
   14.8278   15.0359

     0     1

 BARRIER
   11.7064   10.3154   10.3065   10.2932   10.2754
   10.2532   10.2265   10.1954   10.1599   10.1199
   10.0754   10.0266    9.9732    9.9155    9.8533
    9.7866    9.7155    9.6400    9.5600    9.4755
    9.3867    9.2933    9.1956    9.0934    8.9867
    8.8756    8.7601    8.6401    8.5157    8.3868
    8.2535    8.1158

     0     1

 ROT OUTPUT  YRSMO,YRSMOF
    0.0000    0.0105    0.0315    0.0631    0.1051
    0.1577    0.2208    0.2944    0.3785    0.4732
    0.5783    0.6940    0.8201    0.9568    1.1040
    1.2617    1.4300    1.6087    1.7980    1.9978
    2.2081    2.4289    2.6602    2.9020    3.1544
    3.4172    3.6906    3.9745    4.2689    4.5738
    4.8893    5.2152

     0     1

    8.8290    8.8357    8.8491    8.8692    8.8961
    8.9297    8.9699    9.0169    9.0706    9.1310
    9.1982    9.2720    9.3526    9.4398    9.5338
    9.6345    9.7419    9.8560    9.9769   10.1044
   10.2386   10.3796   10.5273   10.6817   10.8428
   11.0106   11.1852   11.3664   11.5544   11.7490
   11.9504   12.1585

     0     1

 BARRIER
    8.8290    8.8252    8.8176    8.8062    8.7909
    8.7719    8.7491    8.7225    8.6921    8.6579
    8.6199    8.5780    8.5324    8.4830    8.4298
    8.3728    8.3119    8.2473    8.1789    8.1066
    8.0306    7.9508    7.8671    7.7797    7.6884
    7.5934    7.4945    7.3919    7.2854    7.1752
    7.0611    6.9433

     0     1


 ROT OUTPUT  FORMAT:   1   0   0
 EJAY,EJAYF
    0.0000    1.0762    1.0985    1.1318    1.1763
    1.2319    1.2987    1.3765    1.4655    1.5656
    1.6768    1.7992    1.9326    2.0772    2.2330
    2.3998    2.5778    2.7668    2.9670    3.1784
    3.4008    3.6344    3.8791    4.1349    4.4018
    4.6799    4.9691    5.2694    5.5808    5.9034
    6.2370    6.5818

     0     1

   11.0426   11.0494   11.0629   11.0831   11.1101
   11.1438   11.1842   11.2315   11.2854   11.3461
   11.4135   11.4877   11.5687   11.6563   11.7508
   11.8519   11.9598   12.0745   12.1959   12.3240
   12.4589   12.6005   12.7489   12.9040   13.0659
   13.2345   13.4098   13.5919   13.7807   13.9763
   14.1786   14.3877

     0     1

 BARRIER
   11.0426    9.9732    9.9644    9.9513    9.9337
    9.9119    9.8856    9.8549    9.8199    9.7805
    9.7367    9.6886    9.6360    9.5791    9.5178
    9.4521    9.3821    9.3076    9.2288    9.1456
    9.0581    8.9661    8.8698    8.7691    8.6640
    8.5546    8.4407    8.3225    8.1999    8.0729
    7.9416    7.8058

     0     1

 ROT OUTPUT  YRSMO,YRSMOF
    0.0000    0.0106    0.0318    0.0636    0.1061
    0.1591    0.2227    0.2969    0.3818    0.4772
    0.5833    0.7000    0.8272    0.9651    1.1136
    1.2726    1.4423    1.6226    1.8135    2.0150
    2.2271    2.4498    2.6831    2.9271    3.1816
    3.4467    3.7225    4.0088    4.3058    4.6133
    4.9315    5.2602

     0     1

    8.7990    8.8057    8.8192    8.8395    8.8664
    8.9001    8.9406    8.9878    9.0418    9.1025
    9.1699    9.2441    9.3250    9.4127    9.5071
    9.6083    9.7162    9.8308    9.9522   10.0804
   10.2152   10.3569   10.5052   10.6604   10.8222
   10.9908   11.1662   11.3483   11.5371   11.7327
   11.9350   12.1441

     0     1

 BARRIER
    8.7990    8.7951    8.7874    8.7758    8.7604
    8.7411    8.7179    8.6909    8.6600    8.6252
    8.5866    8.5441    8.4978    8.4476    8.3936
    8.3356    8.2739    8.2082    8.1387    8.0654
    7.9881    7.9070    7.8221    7.7333    7.6406
    7.5441    7.4437    7.3394    7.2313    7.1194
    7.0035    6.8838

     0     1


 ROT OUTPUT  FORMAT:   1   0   0
 EJAY,EJAYF
    0.0000    0.9082    0.9305    0.9640    1.0086
    1.0644    1.1313    1.2094    1.2986    1.3990
    1.5105    1.6332    1.7671    1.9121    2.0682
    2.2355    2.4140    2.6036    2.8044    3.0163
    3.2394    3.4736    3.7190    3.9755    4.2432
    4.5221    4.8121    5.1132    5.4255    5.7490
    6.0836    6.4294

     0     1

   10.6710   10.6778   10.6914   10.7117   10.7388
   10.7727   10.8134   10.8609   10.9151   10.9761
   11.0439   11.1185   11.1999   11.2880   11.3829
   11.4846   11.5931   11.7083   11.8304   11.9592
   12.0948   12.2372   12.3863   12.5423   12.7050
   12.8745   13.0508   13.2338   13.4236   13.6203
   13.8237   14.0338

     0     1

 BARRIER
   10.6710    9.7696    9.7608    9.7477    9.7302
    9.7084    9.6821    9.6515    9.6165    9.5771
    9.5334    9.4853    9.4328    9.3759    9.3147
    9.2491    9.1791    9.1047    9.0260    8.9429
    8.8554    8.7636    8.6673    8.5667    8.4618
    8.3524    8.2387    8.1206    7.9981    7.8713
    7.7401    7.6045

     0     1

 ROT OUTPUT  YRSMO,YRSMOF
    0.0000    0.0107    0.0321    0.0642    0.1070
    0.1605    0.2246    0.2995    0.3851    0.4814
    0.5884    0.7060    0.8344    0.9735    1.1232
    1.2837    1.4548    1.6367    1.8292    2.0325
    2.2464    2.4711    2.7064    2.9525    3.2092
    3.4766    3.7548    4.0436    4.3431    4.6533
    4.9742    5.3059

     0     1

    8.7538    8.7606    8.7741    8.7945    8.8216
    8.8555    8.8962    8.9436    8.9979    9.0589
    9.1267    9.2013    9.2826    9.3708    9.4657
    9.5674    9.6759    9.7911    9.9132   10.0420
   10.1776   10.3199   10.4691   10.6250   10.7878
   10.9572   11.1335   11.3166   11.5064   11.7030
   11.9064   12.1166

     0     1

 BARRIER
    8.7538    8.7499    8.7420    8.7303    8.7146
    8.6950    8.6715    8.6441    8.6128    8.5775
    8.5383    8.4952    8.4482    8.3973    8.3425
    8.2837    8.2210    8.1544    8.0839    8.0095
    7.9311    7.8489    7.7627    7.6726    7.5786
    7.4806    7.3788    7.2730    7.1633    7.0497
    6.9322    6.8107

     0     1


 ROT OUTPUT  FORMAT:   1   0   0
 EJAY,EJAYF
    0.0000    0.5996    0.6218    0.6551    0.6995
    0.7551    0.8217    0.8994    0.9883    1.0882
    1.1993    1.3215    1.4548    1.5991    1.7546
    1.9212    2.0989    2.2877    2.4877    2.6987
    2.9208    3.1541    3.3984    3.6538    3.9204
    4.1981    4.4868    4.7867    5.0977    5.4198
    5.7530    6.0973

     0     1

   10.0017   10.0085   10.0221   10.0426   10.0698
   10.1038   10.1447   10.1923   10.2468   10.3081
   10.3761   10.4510   10.5327   10.6212   10.7165
   10.8186   10.9275   11.0432   11.1658   11.2951
   11.4313   11.5742   11.7240   11.8805   12.0439
   12.2141   12.3911   12.5749   12.7655   12.9629
   13.1671   13.3781

     0     1

 BARRIER
   10.0017    9.4090    9.4004    9.3875    9.3703
    9.3488    9.3230    9.2929    9.2585    9.2198
    9.1768    9.1295    9.0779    9.0220    8.9619
    8.8974    8.8286    8.7555    8.6781    8.5964
    8.5104    8.4202    8.3256    8.2267    8.1235
    8.0160    7.9042    7.7882    7.6678    7.5431
    7.4141    7.2809

     0     1

 ROT OUTPUT  YRSMO,YRSMOF
    0.0000    0.0108    0.0324    0.0647    0.1079
    0.1619    0.2266    0.3021    0.3885    0.4856
    0.5935    0.7122    0.8417    0.9819    1.1330
    1.2949    1.4675    1.6510    1.8452    2.0502
    2.2660    2.4926    2.7300    2.9782    3.2372
    3.5069    3.7875    4.0788    4.3810    4.6939
    5.0176    5.3521

     0     1

    8.7215    8.7284    8.7420    8.7624    8.7896
    8.8237    8.8645    8.9121    8.9666    9.0279
    9.0959    9.1708    9.2525    9.3410    9.4363
    9.5384    9.6473    9.7631    9.8856   10.0149
   10.1511   10.2940   10.4438   10.6004   10.7637
   10.9339   11.1109   11.2947   11.4853   11.6827
   11.8869   12.0980

     0     1

 BARRIER
    8.7215    8.7176    8.7096    8.6976    8.6817
    8.6618    8.6379    8.6100    8.5781    8.5423
    8.5025    8.4586    8.4108    8.3591    8.3033
    8.2436    8.1798    8.1121    8.0404    7.9647
    7.8851    7.8014    7.7138    7.6222    7.5266
    7.4270    7.3234    7.2159    7.1043    6.9888
    6.8693    6.7458

     0     1


 ROT OUTPUT  FORMAT:   1   0   0
 EJAY,EJAYF
    0.0000    2.0029    2.0253    2.0588    2.1035
    2.1593    2.2264    2.3046    2.3939    2.4945
    2.6062    2.7291    2.8631    3.0084    3.1648
    3.3323    3.5111    3.7010    3.9021    4.1143
    4.3377    4.5723    4.8181    5.0750    5.3432
    5.6224    5.9129    6.2145    6.5273    6.8513
    7.1864    7.5327

     0     1

   13.1824   13.1891   13.2025   13.2226   13.2495
   13.2830   13.3233   13.3703   13.4239   13.4843
   13.5514   13.6253   13.7058   13.7930   13.8869
   13.9876   14.0950   14.2090   14.3298   14.4573
   14.5915   14.7324   14.8800   15.0344   15.1954
   15.3632   15.5376   15.7188   15.9067   16.1013
   16.3026   16.5106

     0     1

 BARRIER
   13.1824   11.1862   11.1772   11.1638   11.1460
   11.1237   11.0969   11.0657   11.0300   10.9899
   10.9452   10.8962   10.8426   10.7846   10.7222
   10.6553   10.5839   10.5081   10.4278   10.3430
   10.2538   10.1601   10.0619    9.9593    9.8523
    9.7407    9.6247    9.5043    9.3794    9.2500
    9.1162    8.9779

     0     1

 ROT OUTPUT  YRSMO,YRSMOF
    0.0000    0.0104    0.0313    0.0626    0.1043
    0.1565    0.2190    0.2920    0.3755    0.4694
    0.5737    0.6884    0.8135    0.9491    1.0952
    1.2516    1.4185    1.5958    1.7835    1.9817
    2.1903    2.4094    2.6388    2.8787    3.1290
    3.3898    3.6610    3.9426    4.2346    4.5371
    4.8500    5.1733

     0     1

    9.3314    9.3381    9.3515    9.3717    9.3985
    9.4321    9.4723    9.5193    9.5730    9.6334
    9.7005    9.7743    9.8548    9.9420   10.0360
   10.1366   10.2440   10.3581   10.4788   10.6063
   10.7405   10.8814   11.0291   11.1834   11.3444
   11.5122   11.6867   11.8678   12.0557   12.2503
   12.4516   12.6596

     0     1

 BARRIER
    9.3314    9.3277    9.3202    9.3091    9.2942
    9.2756    9.2533    9.2272    9.1975    9.1640
    9.1268    9.0859    9.0412    8.9929    8.9408
    8.8850    8.8255    8.7622    8.6953    8.6246
    8.5502    8.4721    8.3902    8.3047    8.2154
    8.1224    8.0257    7.9252    7.8211    7.7132
    7.6016    7.4863

     0     1


 ROT OUTPUT  FORMAT:   1   0   0
 EJAY,EJAYF
    0.0000    1.5388    1.5610    1.5944    1.6388
    1.6944    1.7610    1.8388    1.9277    2.0277
    2.1388    2.2610    2.3943    2.5387    2.6942
    2.8609    3.0387    3.2275    3.4275    3.6386
    3.8608    4.0941    4.3385    4.5940    4.8607
    5.1384    5.4273    5.7272    6.0383    6.3605
    6.6938    7.0382

     0     1

   12.2955   12.3022   12.3157   12.3360   12.3630
   12.3967   12.4372   12.4844   12.5384   12.5992
   12.6666   12.7409   12.8218   12.9096   13.0040
   13.1052   13.2132   13.3279   13.4494   13.5776
   13.7125   13.8543   14.0027   14.1579   14.3199
   14.4885   14.6640   14.8462   15.0351   15.2308
   15.4332   15.6424

     0     1

 BARRIER
   12.2955   10.7634   10.7547   10.7416   10.7242
   10.7024   10.6762   10.6457   10.6108   10.5715
   10.5279   10.4799   10.4276   10.3708   10.3098
   10.2443   10.1746   10.1004   10.0219    9.9390
    9.8518    9.7602    9.6642    9.5639    9.4592
    9.3501    9.2367    9.1189    8.9968    8.8703
    8.7394    8.6042

     0     1

 ROT OUTPUT  YRSMO,YRSMOF
    0.0000    0.0105    0.0316    0.0631    0.1052
    0.1578    0.2209    0.2946    0.3787    0.4734
    0.5786    0.6943    0.8205    0.9573    1.1046
    1.2624    1.4307    1.6095    1.7989    1.9988
    2.2091    2.4301    2.6615    2.9035    3.1559
    3.4189    3.6924    3.9765    4.2710    4.5761
    4.8917    5.2178

     0     1

    9.3110    9.3178    9.3313    9.3515    9.3785
    9.4122    9.4527    9.5000    9.5540    9.6147
    9.6822    9.7564    9.8374    9.9251   10.0196
   10.1208   10.2287   10.3435   10.4649   10.5931
   10.7281   10.8698   11.0182   11.1734   11.3354
   11.5041   11.6795   11.8617   12.0507   12.2463
   12.4488   12.6580

     0     1

 BARRIER
    9.3110    9.3073    9.2997    9.2884    9.2733
    9.2545    9.2318    9.2054    9.1752    9.1413
    9.1036    9.0621    9.0168    8.9678    8.9150
    8.8584    8.7981    8.7339    8.6660    8.5944
    8.5189    8.4397    8.3567    8.2700    8.1795
    8.0852    7.9871    7.8852    7.7796    7.6703
    7.5571    7.4402

     0     1


 ROT OUTPUT  FORMAT:   1   0   0
 EJAY,EJAYF
    0.0000    1.4319    1.4543    1.4878    1.5326
    1.5885    1.6555    1.7338    1.8232    1.9239
    2.0357    2.1586    2.2928    2.4381    2.5947
    2.7624    2.9412    3.1313    3.3325    3.5450
    3.7686    4.0033    4.2493    4.5064    4.7748
    5.0543    5.3449    5.6468    5.9599    6.2841
    6.6195    6.9661

     0     1

   12.0819   12.0887   12.1023   12.1226   12.1498
   12.1837   12.2245   12.2720   12.3263   12.3874
   12.4553   12.5300   12.6115   12.6997   12.7948
   12.8966   13.0052   13.1206   13.2428   13.3718
   13.5076   13.6502   13.7995   13.9557   14.1186
   14.2884   14.4649   14.6482   14.8383   15.0352
   15.2388   15.4493

     0     1

 BARRIER
   12.0819   10.6568   10.6480   10.6348   10.6172
   10.5953   10.5689   10.5382   10.5031   10.4636
   10.4196   10.3713   10.3187   10.2616   10.2001
   10.1342   10.0640    9.9893    9.9103    9.8269
    9.7391    9.6468    9.5502    9.4493    9.3439
    9.2341    9.1199    9.0014    8.8784    8.7511
    8.6194    8.4833

     0     1

 ROT OUTPUT  YRSMO,YRSMOF
    0.0000    0.0106    0.0318    0.0637    0.1061
    0.1592    0.2228    0.2971    0.3820    0.4775
    0.5836    0.7003    0.8276    0.9656    1.1141
    1.2733    1.4430    1.6234    1.8144    2.0160
    2.2282    2.4511    2.6845    2.9285    3.1832
    3.4484    3.7243    4.0108    4.3079    4.6156
    4.9339    5.2629

     0     1

    9.2785    9.2853    9.2989    9.3193    9.3464
    9.3804    9.4211    9.4686    9.5229    9.5840
    9.6519    9.7266    9.8081    9.8963    9.9914
   10.0932   10.2019   10.3173   10.4395   10.5685
   10.7042   10.8468   10.9962   11.1523   11.3153
   11.4850   11.6615   11.8448   12.0349   12.2318
   12.4355   12.6459

     0     1

 BARRIER
    9.2785    9.2747    9.2671    9.2556    9.2403
    9.2212    9.1983    9.1715    9.1410    9.1066
    9.0683    9.0263    8.9805    8.9308    8.8773
    8.8200    8.7588    8.6938    8.6251    8.5525
    8.4760    8.3958    8.3117    8.2238    8.1321
    8.0366    7.9372    7.8340    7.7270    7.6162
    7.5015    7.3831

     0     1


 ROT OUTPUT  FORMAT:   1   0   0
 EJAY,EJAYF
    0.0000    0.9954    1.0176    1.0510    1.0954
    1.1510    1.2176    1.2954    1.3843    1.4843
    1.5954    1.7177    1.8510    1.9955    2.1511
    2.3177    2.4955    2.6844    2.8844    3.0956
    3.3178    3.5512    3.7956    4.0512    4.3179
    4.5957    4.8846    5.1846    5.4958    5.8180
    6.1514    6.4959

     0     1

   11.1968   11.2036   11.2173   11.2378   11.2651
   11.2993   11.3403   11.3881   11.4428   11.5043
   11.5726   11.6478   11.7298   11.8186   11.9143
   12.0168   12.1261   12.2423   12.3653   12.4952
   12.6318   12.7753   12.9257   13.0828   13.2468
   13.4177   13.5953   13.7798   13.9712   14.1693
   14.3743   14.5862

     0     1

 BARRIER
   11.1968   10.2082   10.1997   10.1868   10.1697
   10.1483   10.1227   10.0927   10.0585   10.0200
    9.9772    9.9301    9.8788    9.8232    9.7633
    9.6991    9.6306    9.5579    9.4809    9.3996
    9.3140    9.2242    9.1300    9.0316    8.9289
    8.8220    8.7107    8.5952    8.4754    8.3513
    8.2230    8.0903

     0     1

 ROT OUTPUT  YRSMO,YRSMOF
    0.0000    0.0107    0.0321    0.0642    0.1070
    0.1605    0.2248    0.2997    0.3853    0.4816
    0.5886    0.7064    0.8348    0.9739    1.1238
    1.2843    1.4556    1.6375    1.8302    2.0335
    2.2476    2.4723    2.7078    2.9539    3.2108
    3.4784    3.7567    4.0456    4.3453    4.6557
    4.9768    5.3085

     0     1

    9.2355    9.2424    9.2560    9.2765    9.3039
    9.3380    9.3790    9.4269    9.4815    9.5430
    9.6114    9.6865    9.7685    9.8574    9.9531
   10.0556   10.1649   10.2811   10.4041   10.5339
   10.6706   10.8141   10.9644   11.1216   11.2856
   11.4564   11.6341   11.8186   12.0099   12.2081
   12.4131   12.6249

     0     1

 BARRIER
    9.2355    9.2317    9.2239    9.2123    9.1969
    9.1775    9.1543    9.1272    9.0962    9.0614
    9.0227    8.9802    8.9337    8.8834    8.8293
    8.7712    8.7093    8.6435    8.5739    8.5004
    8.4230    8.3417    8.2566    8.1676    8.0748
    7.9780    7.8774    7.7729    7.6646    7.5524
    7.4363    7.3164

     0     1


 ROT OUTPUT  FORMAT:   1   0   0
 EJAY,EJAYF
    0.0000    0.9662    0.9886    1.0222    1.0671
    1.1231    1.1904    1.2688    1.3585    1.4593
    1.5714    1.6947    1.8292    1.9749    2.1318
    2.2999    2.4793    2.6698    2.8716    3.0845
    3.3087    3.5440    3.7906    4.0484    4.3174
    4.5976    4.8890    5.1916    5.5054    5.8305
    6.1667    6.5141

     0     1

   11.1012   11.1081   11.1218   11.1425   11.1700
   11.2044   11.2457   11.2939   11.3489   11.4109
   11.4797   11.5554   11.6379   11.7274   11.8237
   11.9270   12.0371   12.1541   12.2779   12.4087
   12.5463   12.6908   12.8422   13.0005   13.1656
   13.3377   13.5166   13.7024   13.8951   14.0946
   14.3011   14.5144

     0     1

 BARRIER
   11.1012   10.1419   10.1332   10.1202   10.1029
   10.0813   10.0554   10.0251    9.9905    9.9515
    9.9082    9.8607    9.8087    9.7525    9.6919
    9.6270    9.5578    9.4842    9.4064    9.3242
    9.2376    9.1468    9.0516    8.9521    8.8482
    8.7401    8.6276    8.5108    8.3896    8.2642
    8.1344    8.0002

     0     1

 ROT OUTPUT  YRSMO,YRSMOF
    0.0000    0.0108    0.0324    0.0648    0.1080
    0.1619    0.2267    0.3023    0.3887    0.4858
    0.5938    0.7125    0.8421    0.9824    1.1336
    1.2955    1.4683    1.6518    1.8461    2.0513
    2.2672    2.4939    2.7314    2.9797    3.2388
    3.5087    3.7894    4.0809    4.3832    4.6963
    5.0202    5.3549

     0     1

    9.1803    9.1872    9.2010    9.2216    9.2491
    9.2835    9.3248    9.3730    9.4281    9.4900
    9.5588    9.6345    9.7171    9.8065    9.9029
   10.0061   10.1162   10.2332   10.3570   10.4878
   10.6254   10.7699   10.9213   11.0796   11.2448
   11.4168   11.5957   11.7815   11.9742   12.1737
   12.3802   12.5935

     0     1

 BARRIER
    9.1803    9.1764    9.1686    9.1568    9.1412
    9.1216    9.0981    9.0707    9.0394    9.0042
    8.9650    8.9220    8.8750    8.8241    8.7693
    8.7106    8.6479    8.5814    8.5109    8.4365
    8.3582    8.2760    8.1899    8.0999    8.0059
    7.9081    7.8063    7.7006    7.5910    7.4774
    7.3600    7.2387

     0     1


 ROT OUTPUT  FORMAT:   1   0   0
 EJAY,EJAYF
    0.0000    0.5872    0.6095    0.6429    0.6875
    0.7433    0.8102    0.8882    0.9774    1.0778
    1.1893    1.3119    1.4457    1.5906    1.7467
    1.9140    2.0924    2.2819    2.4826    2.6945
    2.9175    3.1516    3.3969    3.6534    3.9209
    4.1997    4.4896    4.7906    5.1028    5.4262
    5.7607    6.1063

     0     1

   10.3109   10.3178   10.3317   10.3524   10.3801
   10.4147   10.4563   10.5047   10.5601   10.6224
   10.6916   10.7678   10.8508   10.9408   11.0377
   11.1416   11.2523   11.3700   11.4946   11.6261
   11.7646   11.9099   12.0622   12.2214   12.3875
   12.5606   12.7406   12.9275   13.1213   13.3220
   13.5297   13.7443

     0     1

 BARRIER
   10.3109    9.7307    9.7222    9.7095    9.6926
    9.6715    9.6461    9.6165    9.5827    9.5446
    9.5024    9.4559    9.4051    9.3502    9.2910
    9.2276    9.1599    9.0881    9.0120    8.9316
    8.8471    8.7583    8.6653    8.5681    8.4666
    8.3609    8.2510    8.1368    8.0185    7.8959
    7.7690    7.6380

     0     1

 ROT OUTPUT  YRSMO,YRSMOF
    0.0000    0.0109    0.0327    0.0653    0.1089
    0.1634    0.2287    0.3049    0.3921    0.4901
    0.5990    0.7188    0.8495    0.9911    1.1435
    1.3069    1.4811    1.6663    1.8623    2.0692
    2.2871    2.5158    2.7554    3.0058    3.2672
    3.5395    3.8227    4.1167    4.4216    4.7375
    5.0642    5.4018

     0     1

    9.1384    9.1453    9.1592    9.1800    9.2076
    9.2423    9.2838    9.3322    9.3876    9.4499
    9.5191    9.5953    9.6783    9.7683    9.8652
    9.9691   10.0798   10.1975   10.3221   10.4536
   10.5921   10.7374   10.8897   11.0489   11.2151
   11.3881   11.5681   11.7550   11.9488   12.1496
   12.3572   12.5718

     0     1

 BARRIER
    9.1384    9.1344    9.1265    9.1146    9.0987
    9.0789    9.0551    9.0273    8.9955    8.9598
    8.9201    8.8765    8.8289    8.7773    8.7217
    8.6622    8.5987    8.5312    8.4598    8.3844
    8.3050    8.2217    8.1344    8.0431    7.9478
    7.8486    7.7454    7.6383    7.5272    7.4121
    7.2930    7.1700

     0     1


 ROT OUTPUT  FORMAT:   1   0   0
 EJAY,EJAYF
    0.0000    0.5782    0.6007    0.6345    0.6795
    0.7358    0.8033    0.8821    0.9721    1.0734
    1.1859    1.3097    1.4448    1.5911    1.7487
    1.9175    2.0976    2.2889    2.4915    2.7053
    2.9304    3.1668    3.4144    3.6732    3.9433
    4.2247    4.5173    4.8212    5.1363    5.4627
    5.8003    6.1492

     0     1

   10.2900   10.2969   10.3108   10.3317   10.3595
   10.3942   10.4359   10.4846   10.5402   10.6028
   10.6723   10.7488   10.8322   10.9226   11.0199
   11.1242   11.2354   11.3536   11.4787   11.6108
   11.7498   11.8958   12.0487   12.2086   12.3754
   12.5492   12.7300   12.9177   13.1123   13.3139
   13.5225   13.7380

     0     1

 BARRIER
   10.2900    9.7187    9.7101    9.6972    9.6800
    9.6585    9.6327    9.6025    9.5681    9.5294
    9.4864    9.4390    9.3874    9.3314    9.2712
    9.2067    9.1378    9.0647    8.9872    8.9055
    8.8194    8.7290    8.6344    8.5354    8.4321
    8.3246    8.2127    8.0965    7.9760    7.8512
    7.7221    7.5887

     0     1

 ROT OUTPUT  YRSMO,YRSMOF
    0.0000    0.0110    0.0330    0.0659    0.1099
    0.1648    0.2307    0.3076    0.3955    0.4944
    0.6043    0.7251    0.8570    0.9998    1.1536
    1.3184    1.4942    1.6810    1.8787    2.0875
    2.3072    2.5379    2.7796    3.0323    3.2960
    3.5707    3.8563    4.1530    4.4606    4.7792
    5.1088    5.4494

     0     1

    9.1178    9.1248    9.1387    9.1595    9.1873
    9.2221    9.2638    9.3124    9.3681    9.4306
    9.5001    9.5766    9.6600    9.7504    9.8477
    9.9520   10.0632   10.1814   10.3065   10.4386
   10.5776   10.7236   10.8766   11.0364   11.2033
   11.3771   11.5578   11.7455   11.9402   12.1418
   12.3503   12.5658

     0     1

 BARRIER
    9.1178    9.1138    9.1057    9.0936    9.0775
    9.0573    9.0331    9.0048    8.9725    8.9362
    8.8959    8.8515    8.8031    8.7506    8.6941
    8.6336    8.5690    8.5004    8.4278    8.3511
    8.2704    8.1857    8.0969    8.0041    7.9073
    7.8064    7.7015    7.5925    7.4795    7.3625
    7.2415    7.1164

     0     1


 ROT OUTPUT  FORMAT:   1   0   0
 EJAY,EJAYF
    0.0000    0.5004    0.5230    0.5570    0.6023
    0.6589    0.7269    0.8062    0.8968    0.9987
    1.1120    1.2366    1.3725    1.5198    1.6784
    1.8483    2.0295    2.2221    2.4259    2.6411
    2.8677    3.1056    3.3547    3.6153    3.8871
    4.1703    4.4648    4.7706    5.0878    5.4162
    5.7561    6.1072

     0     1

   10.1135   10.1205   10.1345   10.1554   10.1834
   10.2183   10.2602   10.3091   10.3649   10.4278
   10.4976   10.5744   10.6582   10.7490   10.8468
   10.9515   11.0633   11.1820   11.3077   11.4404
   11.5800   11.7267   11.8803   12.0409   12.2085
   12.3831   12.5647   12.7532   12.9488   13.1513
   13.3608   13.5773

     0     1

 BARRIER
   10.1135    9.6202    9.6115    9.5984    9.5811
    9.5593    9.5333    9.5029    9.4681    9.4290
    9.3856    9.3378    9.2857    9.2292    9.1684
    9.1033    9.0338    8.9599    8.8818    8.7992
    8.7124    8.6211    8.5256    8.4257    8.3214
    8.2128    8.0999    7.9826    7.8610    7.7351
    7.6048    7.4701

     0     1

 ROT OUTPUT  YRSMO,YRSMOF
    0.0000    0.0111    0.0333    0.0665    0.1108
    0.1663    0.2328    0.3104    0.3990    0.4988
    0.6096    0.7315    0.8646    1.0086    1.1638
    1.3301    1.5074    1.6959    1.8954    2.1060
    2.3277    2.5604    2.8043    3.0592    3.3252
    3.6023    3.8905    4.1898    4.5001    4.8216
    5.1541    5.4977

     0     1

    9.0864    9.0933    9.1073    9.1283    9.1562
    9.1911    9.2330    9.2819    9.3378    9.4006
    9.4704    9.5473    9.6311    9.7219    9.8196
    9.9244   10.0361   10.1548   10.2805   10.4132
   10.5529   10.6995   10.8532   11.0138   11.1814
   11.3560   11.5375   11.7261   11.9216   12.1241
   12.3336   12.5501

     0     1

 BARRIER
    9.0864    9.0823    9.0741    9.0618    9.0454
    9.0249    9.0002    8.9715    8.9387    8.9018
    8.8608    8.8157    8.7665    8.7132    8.6558
    8.5943    8.5287    8.4590    8.3851    8.3072
    8.2252    8.1391    8.0489    7.9546    7.8562
    7.7536    7.6470    7.5363    7.4215    7.3026
    7.1795    7.0524

     0     1


 ROT OUTPUT  FORMAT:   1   0   0
 EJAY,EJAYF
    0.0000    2.0381    2.0615    2.0965    2.1432
    2.2016    2.2717    2.3534    2.4468    2.5519
    2.6687    2.7972    2.9373    3.0891    3.2526
    3.4278    3.6146    3.8132    4.0234    4.2453
    4.4788    4.7241    4.9810    5.2496    5.5298
    5.8218    6.1254    6.4407    6.7677    7.1064
    7.4567    7.8187    8.1924    8.5778    8.9660

     0     1

   12.8893   12.8956   12.9082   12.9270   12.9521
   12.9835   13.0212   13.0652   13.1154   13.1720
   13.2348   13.3039   13.3792   13.4609   13.5488
   13.6430   13.7435   13.8503   13.9634   14.0827
   14.2083   14.3402   14.4784   14.6229   14.7736
   14.9306   15.0939   15.2635   15.4394   15.6215
   15.8100   16.0047   16.2057   16.4129   16.6282

     0     1

 BARRIER
   12.8893   10.8575   10.8467   10.8305   10.8089
   10.7819   10.7496   10.7118   10.6686   10.6200
   10.5661   10.5067   10.4419   10.3718   10.2962
   10.2152   10.1289   10.0371    9.9400    9.8374
    9.7295    9.6162    9.4974    9.3733    9.2438
    9.1088    8.9685    8.8228    8.6717    8.5151
    8.3532    8.1859    8.0132    7.8351    7.6623

     0     1

 ROT OUTPUT  YRSMO,YRSMOF
    0.0000    0.0101    0.0302    0.0604    0.1006
    0.1509    0.2113    0.2817    0.3622    0.4528
    0.5534    0.6641    0.7848    0.9156    1.0565
    1.2074    1.3684    1.5395    1.7206    1.9118
    2.1130    2.3243    2.5456    2.7771    3.0186
    3.2701    3.5317    3.8034    4.0851    4.3769
    4.6788    4.9907    5.3127    5.6447    5.9811

     0     1

    7.6099    7.6162    7.6288    7.6476    7.6727
    7.7041    7.7418    7.7858    7.8360    7.8926
    7.9554    8.0245    8.0998    8.1815    8.2694
    8.3636    8.4641    8.5709    8.6840    8.8033
    8.9289    9.0608    9.1990    9.3435    9.4942
    9.6512    9.8145    9.9841   10.1600   10.3421
   10.5306   10.7253   10.9263   11.1335   11.3489

     0     1

 BARRIER
    7.6099    7.6061    7.5986    7.5872    7.5721
    7.5532    7.5305    7.5041    7.4738    7.4398
    7.4020    7.3604    7.3150    7.2659    7.2129
    7.1562    7.0957    7.0314    6.9634    6.8916
    6.8159    6.7365    6.6534    6.5664    6.4756
    6.3811    6.2828    6.1807    6.0749    5.9652
    5.8518    5.7346    5.6136    5.4888    5.3677

     0     1


 ROT OUTPUT  FORMAT:   1   0   0
 EJAY,EJAYF
    0.0000    1.6426    1.6656    1.7002    1.7462
    1.8038    1.8728    1.9534    2.0455    2.1491
    2.2642    2.3909    2.5290    2.6787    2.8398
    3.0125    3.1967    3.3924    3.5996    3.8183
    4.0485    4.2903    4.5435    4.8083    5.0846
    5.3724    5.6717    5.9825    6.3048    6.6387
    6.9840    7.3409    7.7092    8.0891    8.4692

     0     1

   11.9054   11.9117   11.9243   11.9433   11.9686
   12.0002   12.0381   12.0823   12.1328   12.1897
   12.2529   12.3223   12.3982   12.4803   12.5687
   12.6635   12.7646   12.8720   12.9857   13.1057
   13.2320   13.3647   13.5037   13.6490   13.8006
   13.9586   14.1228   14.2934   14.4703   14.6535
   14.8430   15.0388   15.2410   15.4495   15.6669

     0     1

 BARRIER
   11.9054   10.2691   10.2587   10.2431   10.2224
   10.1964   10.1652   10.1289   10.0873   10.0406
    9.9886    9.9315    9.8692    9.8016    9.7289
    9.6510    9.5679    9.4796    9.3861    9.2874
    9.1835    9.0744    8.9602    8.8407    8.7160
    8.5862    8.4511    8.3109    8.1654    8.0148
    7.8590    7.6980    7.5317    7.3603    7.1976

     0     1

 ROT OUTPUT  YRSMO,YRSMOF
    0.0000    0.0101    0.0304    0.0609    0.1015
    0.1522    0.2131    0.2841    0.3652    0.4566
    0.5580    0.6696    0.7914    0.9233    1.0653
    1.2175    1.3798    1.5523    1.7349    1.9277
    2.1306    2.3437    2.5669    2.8002    3.0437
    3.2974    3.5612    3.8351    4.1192    4.4134
    4.7178    5.0323    5.3569    5.6918    6.0291

     0     1

    7.5725    7.5788    7.5914    7.6104    7.6357
    7.6672    7.7051    7.7494    7.7999    7.8568
    7.9199    7.9894    8.0652    8.1474    8.2358
    8.3306    8.4316    8.5390    8.6528    8.7728
    8.8991    9.0318    9.1708    9.3161    9.4677
    9.6256    9.7899    9.9605   10.1373   10.3206
   10.5101   10.7059   10.9081   11.1165   11.3340

     0     1

 BARRIER
    7.5725    7.5687    7.5610    7.5495    7.5342
    7.5151    7.4921    7.4653    7.4347    7.4002
    7.3619    7.3198    7.2739    7.2241    7.1705
    7.1131    7.0518    6.9867    6.9178    6.8451
    6.7685    6.6881    6.6039    6.5159    6.4240
    6.3283    6.2287    6.1254    6.0182    5.9072
    5.7923    5.6736    5.5511    5.4248    5.3049

     0     1


 ROT OUTPUT  FORMAT:   1   0   0
 EJAY,EJAYF
    0.0000    1.5016    1.5247    1.5593    1.6055
    1.6632    1.7324    1.8132    1.9055    2.0094
    2.1248    2.2517    2.3902    2.5402    2.7018
    2.8749    3.0595    3.2557    3.4634    3.6827
    3.9135    4.1558    4.4097    4.6751    4.9521
    5.2406    5.5406    5.8522    6.1753    6.5100
    6.8562    7.2139    7.5832    7.9640    8.3423

     0     1

   11.5572   11.5636   11.5763   11.5954   11.6208
   11.6526   11.6907   11.7352   11.7861   11.8433
   11.9069   11.9768   12.0531   12.1358   12.2248
   12.3202   12.4219   12.5300   12.6444   12.7653
   12.8924   13.0259   13.1658   13.3121   13.4647
   13.6236   13.7889   13.9606   14.1386   14.3230
   14.5138   14.7109   14.9143   15.1241   15.3439

     0     1

 BARRIER
   11.5572   10.0619   10.0516   10.0360   10.0153
    9.9894    9.9583    9.9220    9.8806    9.8339
    9.7821    9.7251    9.6629    9.5956    9.5230
    9.4453    9.3624    9.2743    9.1810    9.0826
    8.9789    8.8701    8.7561    8.6369    8.5126
    8.3830    8.2483    8.1084    7.9633    7.8130
    7.6575    7.4969    7.3311    7.1601    7.0016

     0     1

 ROT OUTPUT  YRSMO,YRSMOF
    0.0000    0.0102    0.0307    0.0614    0.1023
    0.1535    0.2148    0.2865    0.3683    0.4604
    0.5627    0.6752    0.7980    0.9310    1.0742
    1.2277    1.3914    1.5653    1.7494    1.9438
    2.1484    2.3633    2.5884    2.8237    3.0692
    3.3250    3.5910    3.8672    4.1537    4.4504
    4.7573    5.0744    5.4018    5.7394    6.0777

     0     1

    7.5234    7.5297    7.5425    7.5615    7.5870
    7.6188    7.6569    7.7014    7.7523    7.8095
    7.8731    7.9430    8.0193    8.1020    8.1910
    8.2864    8.3881    8.4962    8.6106    8.7314
    8.8586    8.9921    9.1320    9.2782    9.4308
    9.5898    9.7551    9.9268   10.1048   10.2892
   10.4799   10.6770   10.8805   11.0903   11.3101

     0     1

 BARRIER
    7.5234    7.5195    7.5118    7.5001    7.4847
    7.4653    7.4421    7.4149    7.3840    7.3491
    7.3104    7.2678    7.2213    7.1710    7.1168
    7.0587    6.9967    6.9309    6.8612    6.7876
    6.7101    6.6288    6.5436    6.4546    6.3616
    6.2648    6.1641    6.0596    5.9511    5.8388
    5.7227    5.6026    5.4787    5.3509    5.2325

     0     1


 ROT OUTPUT  FORMAT:   1   0   0
 EJAY,EJAYF
    0.0000    1.1344    1.1571    1.1912    1.2366
    1.2934    1.3616    1.4411    1.5320    1.6342
    1.7478    1.8728    2.0091    2.1568    2.3159
    2.4863    2.6680    2.8612    3.0657    3.2815
    3.5087    3.7473    3.9972    4.2585    4.5312
    4.8152    5.1105    5.4173    5.7354    6.0648
    6.4056    6.7578    7.1214    7.4963    7.8665

     0     1

   10.5992   10.6056   10.6184   10.6376   10.6631
   10.6951   10.7334   10.7782   10.8293   10.8868
   10.9507   11.0210   11.0977   11.1808   11.2703
   11.3661   11.4684   11.5770   11.6921   11.8135
   11.9413   12.0756   12.2162   12.3632   12.5165
   12.6763   12.8425   13.0151   13.1940   13.3794
   13.5711   13.7692   13.9737   14.1846   14.4067

     0     1

 BARRIER
   10.5992    9.4712    9.4613    9.4464    9.4265
    9.4017    9.3718    9.3370    9.2973    9.2526
    9.2029    9.1482    9.0886    9.0240    8.9544
    8.8799    8.8004    8.7159    8.6264    8.5320
    8.4326    8.3283    8.2189    8.1046    7.9854
    7.8611    7.7319    7.5978    7.4586    7.3145
    7.1654    7.0114    6.8524    6.6884    6.5403

     0     1

 ROT OUTPUT  YRSMO,YRSMOF
    0.0000    0.0103    0.0310    0.0619    0.1032
    0.1548    0.2167    0.2889    0.3714    0.4643
    0.5674    0.6809    0.8047    0.9388    1.0833
    1.2380    1.4031    1.5785    1.7642    1.9602
    2.1665    2.3832    2.6101    2.8474    3.0950
    3.3530    3.6212    3.8997    4.1886    4.4878
    4.7973    5.1171    5.4473    5.7877    6.1268

     0     1

    7.4859    7.4923    7.5051    7.5242    7.5498
    7.5818    7.6201    7.6648    7.7160    7.7735
    7.8374    7.9077    7.9844    8.0675    8.1570
    8.2528    8.3551    8.4637    8.5788    8.7002
    8.8280    8.9622    9.1029    9.2498    9.4032
    9.5630    9.7292    9.9017   10.0807   10.2660
   10.4578   10.6559   10.8604   11.0713   11.2934

     0     1

 BARRIER
    7.4859    7.4820    7.4741    7.4623    7.4466
    7.4270    7.4035    7.3760    7.3446    7.3092
    7.2700    7.2268    7.1797    7.1287    7.0737
    7.0148    6.9520    6.8853    6.8146    6.7400
    6.6615    6.5791    6.4927    6.4024    6.3082
    6.2101    6.1080    6.0020    5.8921    5.7782
    5.6605    5.5388    5.4132    5.2836    5.1666

     0     1


 ROT OUTPUT  FORMAT:   1   0   0
 EJAY,EJAYF
    0.0000    1.0439    1.0667    1.1010    1.1467
    1.2038    1.2723    1.3523    1.4437    1.5465
    1.6607    1.7863    1.9234    2.0719    2.2318
    2.4031    2.5859    2.7800    2.9856    3.2027
    3.4311    3.6710    3.9223    4.1850    4.4591
    4.7446    5.0416    5.3500    5.6698    6.0011
    6.3437    6.6978    7.0633    7.4388    7.8098

     0     1

   10.3821   10.3886   10.4014   10.4207   10.4464
   10.4785   10.5170   10.5620   10.6134   10.6712
   10.7354   10.8061   10.8832   10.9667   11.0566
   11.1530   11.2557   11.3649   11.4806   11.6026
   11.7311   11.8660   12.0073   12.1550   12.3092
   12.4698   12.6368   12.8102   12.9901   13.1764
   13.3691   13.5682   13.7738   13.9862   14.2104

     0     1

 BARRIER
   10.3821    9.3447    9.3347    9.3197    9.2997
    9.2747    9.2447    9.2097    9.1697    9.1247
    9.0748    9.0198    8.9598    8.8948    8.8248
    8.7498    8.6699    8.5849    8.4949    8.4000
    8.3000    8.1950    8.0850    7.9701    7.8501
    7.7252    7.5952    7.4602    7.3203    7.1753
    7.0254    6.8704    6.7104    6.5474    6.4006

     0     1

 ROT OUTPUT  YRSMO,YRSMOF
    0.0000    0.0104    0.0312    0.0624    0.1040
    0.1561    0.2185    0.2913    0.3745    0.4682
    0.5722    0.6867    0.8115    0.9468    1.0924
    1.2485    1.4149    1.5918    1.7791    1.9768
    2.1848    2.4033    2.6322    2.8715    3.1212
    3.3813    3.6518    3.9327    4.2240    4.5257
    4.8379    5.1604    5.4933    5.8356    6.1766

     0     1

    7.4453    7.4517    7.4646    7.4838    7.5095
    7.5417    7.5802    7.6252    7.6765    7.7344
    7.7986    7.8693    7.9463    8.0298    8.1198
    8.2161    8.3189    8.4281    8.5437    8.6658
    8.7942    8.9291    9.0705    9.2182    9.3724
    9.5330    9.7000    9.8734   10.0533   10.2396
   10.4323   10.6314   10.8369   11.0494   11.2735

     0     1

 BARRIER
    7.4453    7.4413    7.4334    7.4214    7.4055
    7.3856    7.3617    7.3338    7.3020    7.2662
    7.2264    7.1826    7.1348    7.0831    7.0274
    6.9676    6.9040    6.8363    6.7646    6.6890
    6.6094    6.5258    6.4383    6.3467    6.2512
    6.1517    6.0482    5.9407    5.8293    5.7138
    5.5944    5.4710    5.3436    5.2138    5.0969

     0     1


 ROT OUTPUT  FORMAT:   1   0   0
 EJAY,EJAYF
    0.0000    0.7127    0.7352    0.7689    0.8138
    0.8700    0.9374    1.0160    1.1059    1.2070
    1.3193    1.4429    1.5777    1.7238    1.8811
    2.0496    2.2293    2.4203    2.6225    2.8360
    3.0607    3.2966    3.5437    3.8021    4.0717
    4.3526    4.6447    4.9480    5.2626    5.5884
    5.9254    6.2737    6.6332    7.0000    7.3656

     0     1

    9.4818    9.4883    9.5011    9.5205    9.5463
    9.5785    9.6172    9.6623    9.7138    9.7718
    9.8363    9.9072    9.9845   10.0683   10.1586
   10.2552   10.3584   10.4679   10.5839   10.7064
   10.8353   10.9707   11.1125   11.2607   11.4154
   11.5765   11.7441   11.9181   12.0986   12.2855
   12.4788   12.6786   12.8849   13.0991   13.3246

     0     1

 BARRIER
    9.4818    8.7756    8.7660    8.7516    8.7325
    8.7085    8.6798    8.6463    8.6079    8.5648
    8.5170    8.4643    8.4068    8.3445    8.2775
    8.2057    8.1290    8.0476    7.9614    7.8704
    7.7746    7.6741    7.5687    7.4586    7.3436
    7.2239    7.0994    6.9701    6.8360    6.6971
    6.5534    6.4050    6.2517    6.0990    5.9590

     0     1

 ROT OUTPUT  YRSMO,YRSMOF
    0.0000    0.0105    0.0315    0.0630    0.1049
    0.1574    0.2203    0.2938    0.3777    0.4722
    0.5771    0.6925    0.8184    0.9548    1.1017
    1.2591    1.4270    1.6053    1.7942    1.9935
    2.2034    2.4237    2.6546    2.8959    3.1477
    3.4100    3.6828    3.9661    4.2599    4.5642
    4.8789    5.2042    5.5400    5.8832    6.2271

     0     1

    7.4201    7.4265    7.4394    7.4587    7.4845
    7.5167    7.5554    7.6005    7.6521    7.7101
    7.7745    7.8454    7.9228    8.0066    8.0968
    8.1935    8.2966    8.4062    8.5222    8.6446
    8.7736    8.9089    9.0507    9.1989    9.3536
    9.5148    9.6823    9.8563   10.0368   10.2237
   10.4171   10.6169   10.8231   11.0373   11.2628

     0     1

 BARRIER
    7.4201    7.4160    7.4079    7.3958    7.3796
    7.3593    7.3351    7.3067    7.2744    7.2379
    7.1975    7.1529    7.1044    7.0518    6.9951
    6.9344    6.8696    6.8008    6.7280    6.6511
    6.5702    6.4852    6.3961    6.3030    6.2059
    6.1047    5.9995    5.8902    5.7769    5.6596
    5.5381    5.4127    5.2832    5.1542    5.0358

     0     1


 ROT OUTPUT  FORMAT:   1   0   0
 EJAY,EJAYF
    0.0000    0.6686    0.6912    0.7252    0.7705
    0.8272    0.8951    0.9744    1.0651    1.1670
    1.2803    1.4049    1.5408    1.6881    1.8467
    2.0166    2.1979    2.3905    2.5944    2.8096
    3.0362    3.2741    3.5233    3.7838    4.0557
    4.3389    4.6334    4.9393    5.2565    5.5850
    5.9249    6.2760    6.6385    7.0059    7.3744

     0     1

    9.3800    9.3865    9.3995    9.4189    9.4448
    9.4771    9.5159    9.5612    9.6130    9.6712
    9.7359    9.8071    9.8847    9.9689   10.0595
   10.1565   10.2600   10.3700   10.4865   10.6094
   10.7389   10.8747   11.0171   11.1659   11.3212
   11.4830   11.6512   11.8259   12.0071   12.1947
   12.3888   12.5894   12.7965   13.0128   13.2398

     0     1

 BARRIER
    9.3800    8.7179    8.7082    8.6937    8.6742
    8.6499    8.6208    8.5868    8.5479    8.5042
    8.4556    8.4022    8.3439    8.2808    8.2127
    8.1399    8.0622    7.9796    7.8921    7.7998
    7.7027    7.6007    7.4938    7.3821    7.2655
    7.1441    7.0178    6.8866    6.7506    6.6097
    6.4640    6.3134    6.1579    6.0069    5.8654

     0     1

 ROT OUTPUT  YRSMO,YRSMOF
    0.0000    0.0106    0.0317    0.0635    0.1058
    0.1587    0.2222    0.2963    0.3809    0.4762
    0.5820    0.6984    0.8254    0.9630    1.1111
    1.2698    1.4391    1.6190    1.8095    2.0106
    2.2222    2.4444    2.6772    2.9206    3.1746
    3.4391    3.7142    3.9999    4.2962    4.6031
    4.9206    5.2486    5.5872    5.9314    6.2781

     0     1

    7.3826    7.3891    7.4020    7.4215    7.4473
    7.4797    7.5185    7.5638    7.6156    7.6738
    7.7385    7.8097    7.8873    7.9715    8.0620
    8.1591    8.2626    8.3726    8.4891    8.6120
    8.7414    8.8773    9.0197    9.1685    9.3238
    9.4856    9.6538    9.8285   10.0097   10.1973
   10.3914   10.5920   10.7991   11.0154   11.2424

     0     1

 BARRIER
    7.3826    7.3785    7.3703    7.3580    7.3415
    7.3210    7.2963    7.2675    7.2346    7.1976
    7.1565    7.1113    7.0620    7.0085    6.9509
    6.8893    6.8235    6.7536    6.6796    6.6015
    6.5193    6.4329    6.3425    6.2479    6.1492
    6.0464    5.9396    5.8285    5.7134    5.5942
    5.4709    5.3434    5.2118    5.0840    4.9643

     0     1


 ROT OUTPUT  FORMAT:   1   0   0
 EJAY,EJAYF
    0.0000    2.0197    2.0425    2.0768    2.1225
    2.1796    2.2481    2.3281    2.4195    2.5223
    2.6365    2.7621    2.8992    3.0477    3.2076
    3.3789    3.5617    3.7558    3.9614    4.1785
    4.4069    4.6468    4.8981    5.1608    5.4349
    5.7204    6.0174    6.3258    6.6456    6.9769
    7.3195    7.6736    8.0391    8.4161    8.7923

     0     1

   12.7438   12.7502   12.7630   12.7822   12.8079
   12.8399   12.8783   12.9232   12.9745   13.0321
   13.0962   13.1667   13.2435   13.3268   13.4165
   13.5126   13.6152   13.7241   13.8394   13.9611
   14.0893   14.2238   14.3648   14.5121   14.6659
   14.8261   14.9927   15.1657   15.3451   15.5309
   15.7231   15.9217   16.1267   16.3382   16.5574

     0     1

 BARRIER
   12.7438   10.7305   10.7205   10.7054   10.6854
   10.6603   10.6302   10.5951   10.5550   10.5099
   10.4597   10.4045   10.3444   10.2792   10.2090
   10.1337   10.0535    9.9682    9.8780    9.7827
    9.6824    9.5771    9.4667    9.3514    9.2310
    9.1056    8.9753    8.8399    8.6994    8.5540
    8.4035    8.2481    8.0876    7.9221    7.7651

     0     1

 ROT OUTPUT  YRSMO,YRSMOF
    0.0000    0.0102    0.0305    0.0609    0.1015
    0.1523    0.2132    0.2843    0.3655    0.4569
    0.5584    0.6701    0.7920    0.9240    1.0661
    1.2184    1.3809    1.5535    1.7362    1.9292
    2.1322    2.3455    2.5688    2.8024    3.0460
    3.2999    3.5639    3.8380    4.1223    4.4168
    4.7214    5.0361    5.3610    5.6961    6.0326

     0     1

    8.0199    8.0263    8.0391    8.0583    8.0839
    8.1160    8.1544    8.1993    8.2505    8.3082
    8.3722    8.4427    8.5196    8.6029    8.6926
    8.7887    8.8912    9.0001    9.1155    9.2372
    9.3653    9.4999    9.6408    9.7882    9.9420
   10.1022   10.2687   10.4417   10.6211   10.8069
   10.9991   11.1978   11.4028   11.6142   11.8335

     0     1

 BARRIER
    8.0199    8.0161    8.0086    7.9974    7.9824
    7.9637    7.9412    7.9150    7.8850    7.8513
    7.8138    7.7726    7.7276    7.6789    7.6265
    7.5703    7.5103    7.4467    7.3792    7.3080
    7.2331    7.1544    7.0720    6.9858    6.8959
    6.8023    6.7049    6.6037    6.4988    6.3902
    6.2778    6.1616    6.0417    5.9181    5.8009

     0     1


 ROT OUTPUT  FORMAT:   1   0   0
 EJAY,EJAYF
    0.0000    1.7648    1.7876    1.8219    1.8676
    1.9247    1.9933    2.0733    2.1647    2.2675
    2.3818    2.5075    2.6446    2.7932    2.9531
    3.1245    3.3073    3.5016    3.7073    3.9244
    4.1529    4.3928    4.6442    4.9070    5.1813
    5.4669    5.7640    6.0725    6.3925    6.7238
    7.0666    7.4208    7.7865    8.1636    8.5375

     0     1

   12.2400   12.2464   12.2592   12.2785   12.3041
   12.3362   12.3747   12.4196   12.4709   12.5287
   12.5928   12.6634   12.7404   12.8238   12.9136
   13.0099   13.1125   13.2216   13.3371   13.4589
   13.5873   13.7220   13.8631   14.0107   14.1647
   14.3251   14.4919   14.6651   14.8447   15.0308
   15.2233   15.4221   15.6274   15.8392   16.0593

     0     1

 BARRIER
   12.2400   10.4816   10.4716   10.4566   10.4365
   10.4115   10.3814   10.3463   10.3062   10.2611
   10.2110   10.1559   10.0958   10.0306    9.9605
    9.8853    9.8052    9.7200    9.6298    9.5346
    9.4344    9.3291    9.2189    9.1037    8.9834
    8.8581    8.7278    8.5926    8.4523    8.3069
    8.1566    8.0013    7.8409    7.6756    7.5218

     0     1

 ROT OUTPUT  YRSMO,YRSMOF
    0.0000    0.0102    0.0307    0.0614    0.1024
    0.1536    0.2150    0.2867    0.3686    0.4608
    0.5632    0.6758    0.7987    0.9318    1.0751
    1.2287    1.3925    1.5666    1.7509    1.9455
    2.1503    2.3653    2.5905    2.8260    3.0718
    3.3278    3.5940    3.8705    4.1572    4.4541
    4.7613    5.0787    5.4064    5.7442    6.0818

     0     1

    8.0022    8.0086    8.0215    8.0407    8.0664
    8.0985    8.1370    8.1819    8.2332    8.2909
    8.3551    8.4257    8.5026    8.5860    8.6759
    8.7721    8.8748    8.9838    9.0993    9.2212
    9.3495    9.4842    9.6254    9.7729    9.9269
   10.0873   10.2541   10.4273   10.6070   10.7930
   10.9855   11.1844   11.3897   11.6014   11.8216

     0     1

 BARRIER
    8.0022    7.9984    7.9908    7.9793    7.9640
    7.9449    7.9219    7.8952    7.8646    7.8302
    7.7919    7.7499    7.7040    7.6543    7.6007
    7.5434    7.4822    7.4172    7.3484    7.2757
    7.1993    7.1190    7.0348    6.9469    6.8551
    6.7595    6.6601    6.5569    6.4498    6.3389
    6.2242    6.1057    5.9833    5.8572    5.7398

     0     1


 ROT OUTPUT  FORMAT:   1   0   0
 EJAY,EJAYF
    0.0000    1.4252    1.4479    1.4820    1.5274
    1.5841    1.6523    1.7317    1.8226    1.9247
    2.0383    2.1632    2.2994    2.4470    2.6060
    2.7763    2.9579    3.1509    3.3553    3.5710
    3.7981    4.0365    4.2863    4.5474    4.8199
    5.1037    5.3989    5.7055    6.0234    6.3526
    6.6932    7.0452    7.4085    7.7827    8.1525

     0     1

   11.4847   11.4912   11.5040   11.5233   11.5490
   11.5811   11.6197   11.6647   11.7161   11.7739
   11.8382   11.9089   11.9860   12.0696   12.1595
   12.2559   12.3587   12.4680   12.5837   12.7058
   12.8343   12.9693   13.1106   13.2585   13.4127
   13.5734   13.7404   13.9140   14.0939   14.2803
   14.4731   14.6723   14.8779   15.0901   15.3113

     0     1

 BARRIER
   11.4847   10.0660   10.0561   10.0413   10.0216
    9.9970    9.9674    9.9330    9.8935    9.8492
    9.7999    9.7457    9.6866    9.6225    9.5536
    9.4797    9.4008    9.3171    9.2284    9.1348
    9.0362    8.9328    8.8244    8.7111    8.5928
    8.4696    8.3415    8.2085    8.0705    7.9277
    7.7799    7.6271    7.4695    7.3074    7.1588

     0     1

 ROT OUTPUT  YRSMO,YRSMOF
    0.0000    0.0103    0.0310    0.0620    0.1033
    0.1549    0.2169    0.2891    0.3717    0.4647
    0.5679    0.6815    0.8054    0.9397    1.0843
    1.2392    1.4044    1.5799    1.7658    1.9620
    2.1685    2.3854    2.6125    2.8501    3.0979
    3.3560    3.6245    3.9033    4.1925    4.4919
    4.8017    5.1218    5.4523    5.7927    6.1315

     0     1

    7.9712    7.9776    7.9905    8.0097    8.0354
    8.0676    8.1061    8.1511    8.2025    8.2604
    8.3246    8.3953    8.4724    8.5560    8.6460
    8.7424    8.8452    8.9544    9.0701    9.1922
    9.3208    9.4557    9.5971    9.7449    9.8991
   10.0598   10.2269   10.4004   10.5804   10.7667
   10.9595   11.1587   11.3644   11.5765   11.7977

     0     1

 BARRIER
    7.9712    7.9673    7.9595    7.9478    7.9322
    7.9127    7.8893    7.8620    7.8308    7.7957
    7.7567    7.7138    7.6670    7.6163    7.5617
    7.5032    7.4408    7.3745    7.3043    7.2302
    7.1522    7.0703    6.9845    6.8949    6.8013
    6.7038    6.6024    6.4971    6.3879    6.2748
    6.1578    6.0369    5.9121    5.7839    5.6662

     0     1


 ROT OUTPUT  FORMAT:   1   0   0
 EJAY,EJAYF
    0.0000    1.1560    1.1786    1.2125    1.2578
    1.3143    1.3822    1.4613    1.5518    1.6536
    1.7667    1.8911    2.0268    2.1739    2.3322
    2.5019    2.6828    2.8751    3.0787    3.2936
    3.5197    3.7573    4.0061    4.2662    4.5376
    4.8204    5.1144    5.4198    5.7365    6.0645
    6.4038    6.7544    7.1163    7.4867    7.8553

     0     1

   10.8629   10.8694   10.8823   10.9016   10.9273
   10.9595   10.9981   11.0432   11.0947   11.1526
   11.2170   11.2878   11.3650   11.4487   11.5388
   11.6354   11.7383   11.8478   11.9636   12.0859
   12.2147   12.3498   12.4914   12.6395   12.7940
   12.9549   13.1223   13.2960   13.4763   13.6629
   13.8560   14.0556   14.2616   14.4745   14.6965

     0     1

 BARRIER
   10.8629    9.7134    9.7037    9.6890    9.6695
    9.6452    9.6159    9.5818    9.5428    9.4990
    9.4503    9.3966    9.3382    9.2748    9.2066
    9.1335    9.0555    8.9727    8.8850    8.7924
    8.6949    8.5926    8.4854    8.3733    8.2563
    8.1345    8.0078    7.8762    7.7398    7.5985
    7.4523    7.3012    7.1453    6.9879    6.8412

     0     1

 ROT OUTPUT  YRSMO,YRSMOF
    0.0000    0.0104    0.0312    0.0625    0.1041
    0.1562    0.2187    0.2916    0.3749    0.4686
    0.5728    0.6874    0.8123    0.9477    1.0935
    1.2497    1.4164    1.5934    1.7809    1.9787
    2.1870    2.4057    2.6348    2.8744    3.1243
    3.3847    3.6555    3.9366    4.2282    4.5303
    4.8427    5.1655    5.4988    5.8402    6.1819

     0     1

    7.9324    7.9388    7.9517    7.9710    7.9968
    8.0289    8.0676    8.1126    8.1641    8.2221
    8.2864    8.3572    8.4345    8.5181    8.6083
    8.7048    8.8078    8.9172    9.0331    9.1554
    9.2841    9.4193    9.5609    9.7089    9.8634
   10.0244   10.1917   10.3655   10.5457   10.7324
   10.9255   11.1250   11.3310   11.5440   11.7659

     0     1

 BARRIER
    7.9324    7.9284    7.9205    7.9085    7.8926
    7.8727    7.8489    7.8210    7.7892    7.7534
    7.7136    7.6699    7.6221    7.5704    7.5147
    7.4551    7.3914    7.3238    7.2522    7.1766
    7.0971    7.0136    6.9261    6.8346    6.7391
    6.6397    6.5363    6.4289    6.3175    6.2021
    6.0828    5.9595    5.8322    5.7038    5.5840

     0     1


 ROT OUTPUT  FORMAT:   1   0   0
 EJAY,EJAYF
    0.0000    0.8723    0.8948    0.9284    0.9733
    1.0295    1.0968    1.1754    1.2652    1.3662
    1.4785    1.6019    1.7367    1.8826    2.0397
    2.2081    2.3877    2.5785    2.7806    2.9939
    3.2184    3.4541    3.7011    3.9593    4.2287
    4.5093    4.8012    5.1042    5.4185    5.7441
    6.0808    6.4288    6.7880    7.1533    7.5196

     0     1

   10.1448   10.1513   10.1642   10.1836   10.2094
   10.2417   10.2804   10.3256   10.3773   10.4354
   10.4999   10.5710   10.6484   10.7324   10.8228
   10.9196   11.0229   11.1327   11.2489   11.3716
   11.5007   11.6363   11.7783   11.9268   12.0818
   12.2432   12.4111   12.5854   12.7662   12.9534
   13.1471   13.3473   13.5539   13.7681   13.9912

     0     1

 BARRIER
   10.1448    9.2790    9.2695    9.2551    9.2361
    9.2122    9.1836    9.1502    9.1121    9.0692
    9.0215    8.9690    8.9118    8.8498    8.7830
    8.7115    8.6352    8.5541    8.4683    8.3777
    8.2823    8.1822    8.0773    7.9676    7.8531
    7.7339    7.6099    7.4812    7.3476    7.2094
    7.0663    6.9185    6.7659    6.6148    6.4716

     0     1

 ROT OUTPUT  YRSMO,YRSMOF
    0.0000    0.0105    0.0315    0.0630    0.1050
    0.1576    0.2206    0.2941    0.3781    0.4727
    0.5777    0.6932    0.8193    0.9558    1.1029
    1.2604    1.4285    1.6070    1.7961    1.9957
    2.2058    2.4263    2.6574    2.8990    3.1511
    3.4137    3.6868    3.9704    4.2645    4.5691
    4.8842    5.2098    5.5459    5.8883    6.2329

     0     1

    7.8788    7.8852    7.8981    7.9175    7.9433
    7.9756    8.0144    8.0595    8.1112    8.1693
    8.2339    8.3049    8.3824    8.4663    8.5567
    8.6535    8.7569    8.8666    8.9828    9.1055
    9.2346    9.3702    9.5123    9.6608    9.8157
    9.9771   10.1450   10.3193   10.5001   10.6874
   10.8810   11.0812   11.2878   11.5020   11.7251

     0     1

 BARRIER
    7.8788    7.8747    7.8666    7.8545    7.8383
    7.8181    7.7938    7.7654    7.7331    7.6966
    7.6562    7.6117    7.5631    7.5105    7.4538
    7.3931    7.3284    7.2596    7.1867    7.1098
    7.0289    6.9439    6.8549    6.7618    6.6646
    6.5635    6.4582    6.3490    6.2357    6.1183
    5.9969    5.8714    5.7419    5.6137    5.4922

     0     1


 ROT OUTPUT  FORMAT:   1   0   0
 EJAY,EJAYF
    0.0000    0.7421    0.7646    0.7983    0.8433
    0.8995    0.9669    1.0456    1.1355    1.2366
    1.3490    1.4727    1.6075    1.7537    1.9110
    2.0796    2.2594    2.4505    2.6528    2.8663
    3.0911    3.3271    3.5744    3.8329    4.1026
    4.3836    4.6758    4.9793    5.2940    5.6199
    5.9571    6.3055    6.6652    7.0286    7.3954

     0     1

    9.8071    9.8136    9.8266    9.8461    9.8720
    9.9045    9.9435    9.9889   10.0408   10.0993
   10.1642   10.2356   10.3135   10.3979   10.4888
   10.5862   10.6901   10.8004   10.9173   11.0406
   11.1705   11.3068   11.4496   11.5990   11.7548
   11.9171   12.0859   12.2612   12.4429   12.6312
   12.8260   13.0272   13.2350   13.4512   13.6759

     0     1

 BARRIER
    9.8071    9.0715    9.0620    9.0478    9.0288
    9.0050    8.9765    8.9433    8.9053    8.8626
    8.8152    8.7629    8.7060    8.6443    8.5778
    8.5066    8.4306    8.3499    8.2645    8.1743
    8.0794    7.9797    7.8753    7.7661    7.6521
    7.5335    7.4101    7.2819    7.1490    7.0113
    6.8689    6.7217    6.5698    6.4225    6.2805

     0     1

 ROT OUTPUT  YRSMO,YRSMOF
    0.0000    0.0106    0.0318    0.0636    0.1059
    0.1589    0.2225    0.2966    0.3814    0.4767
    0.5826    0.6992    0.8263    0.9640    1.1123
    1.2712    1.4407    1.6208    1.8115    2.0127
    2.2246    2.4471    2.6801    2.9238    3.1780
    3.4428    3.7183    4.0043    4.3009    4.6081
    4.9259    5.2543    5.5933    5.9367    6.2842

     0     1

    7.8415    7.8480    7.8609    7.8804    7.9064
    7.9388    7.9778    8.0232    8.0752    8.1336
    8.1985    8.2699    8.3479    8.4322    8.5231
    8.6205    8.7244    8.8348    8.9516    9.0750
    9.2048    9.3412    9.4840    9.6333    9.7891
    9.9514   10.1202   10.2955   10.4773   10.6656
   10.8603   11.0616   11.2693   11.4855   11.7102

     0     1

 BARRIER
    7.8415    7.8374    7.8292    7.8169    7.8005
    7.7799    7.7553    7.7266    7.6938    7.6569
    7.6159    7.5708    7.5216    7.4683    7.4108
    7.3493    7.2837    7.2140    7.1402    7.0622
    6.9802    6.8941    6.8039    6.7095    6.6111
    6.5086    6.4020    6.2912    6.1764    6.0575
    5.9344    5.8073    5.6760    5.5488    5.4261

     0     1


 ROT OUTPUT  FORMAT:   1   0   0
 EJAY,EJAYF
    0.0000    2.2114    2.2341    2.2681    2.3136
    2.3704    2.4385    2.5180    2.6088    2.7111
    2.8246    2.9495    3.0858    3.2335    3.3925
    3.5628    3.7445    3.9376    4.1420    4.3578
    4.5849    4.8234    5.0733    5.3345    5.6070
    5.8909    6.1862    6.4929    6.8108    7.1402
    7.4809    7.8330    8.1964    8.5711    8.9421

     0     1

   13.2102   13.2168   13.2299   13.2495   13.2756
   13.3083   13.3476   13.3934   13.4457   13.5045
   13.5699   13.6419   13.7204   13.8054   13.8969
   13.9950   14.0997   14.2109   14.3286   14.4528
   14.5836   14.7210   14.8649   15.0153   15.1722
   15.3357   15.5058   15.6824   15.8655   16.0551
   16.2513   16.4541   16.6634   16.8792   17.1021

     0     1

 BARRIER
   13.2102   11.0054   10.9958   10.9813   10.9621
   10.9380   10.9091   10.8754   10.8368   10.7935
   10.7453   10.6923   10.6345   10.5719   10.5045
   10.4322   10.3552   10.2733   10.1866   10.0950
    9.9987    9.8976    9.7916    9.6808    9.5652
    9.4448    9.3196    9.1895    9.0546    8.9150
    8.7705    8.6211    8.4670    8.3080    8.1600

     0     1

 ROT OUTPUT  YRSMO,YRSMOF
    0.0000    0.0102    0.0307    0.0615    0.1024
    0.1537    0.2151    0.2868    0.3688    0.4610
    0.5634    0.6761    0.7991    0.9322    1.0757
    1.2293    1.3932    1.5674    1.7518    1.9465
    2.1513    2.3665    2.5919    2.8275    3.0733
    3.3295    3.5958    3.8724    4.1593    4.4563
    4.7637    5.0813    5.4091    5.7471    6.0839

     0     1

    8.4678    8.4743    8.4874    8.5070    8.5332
    8.5659    8.6051    8.6509    8.7032    8.7621
    8.8275    8.8994    8.9779    9.0629    9.1545
    9.2526    9.3572    9.4684    9.5861    9.7104
    9.8412    9.9785   10.1224   10.2728   10.4298
   10.5933   10.7633   10.9399   11.1230   11.3127
   11.5089   11.7116   11.9209   12.1367   12.3596

     0     1

 BARRIER
    8.4678    8.4640    8.4566    8.4455    8.4307
    8.4122    8.3900    8.3640    8.3344    8.3011
    8.2640    8.2233    8.1788    8.1306    8.0788
    8.0232    7.9639    7.9010    7.8343    7.7639
    7.6898    7.6120    7.5305    7.4453    7.3564
    7.2638    7.1675    7.0675    6.9637    6.8563
    6.7452    6.6303    6.5118    6.3896    6.2757

     0     1


 ROT OUTPUT  FORMAT:   1   0   0
 EJAY,EJAYF
    0.0000    1.7812    1.8038    1.8376    1.8827
    1.9390    2.0067    2.0856    2.1758    2.2773
    2.3900    2.5140    2.6493    2.7959    2.9537
    3.1228    3.3032    3.4948    3.6978    3.9120
    4.1375    4.3742    4.6222    4.8816    5.1521
    5.4340    5.7271    6.0315    6.3472    6.6741
    7.0123    7.3618    7.7226    8.0926    8.4609

     0     1

   12.3207   12.3273   12.3404   12.3601   12.3864
   12.4192   12.4586   12.5045   12.5571   12.6162
   12.6818   12.7541   12.8328   12.9182   13.0101
   13.1086   13.2137   13.3253   13.4435   13.5683
   13.6996   13.8375   13.9819   14.1329   14.2905
   14.4547   14.6254   14.8027   14.9865   15.1770
   15.3739   15.5775   15.7876   16.0044   16.2285

     0     1

 BARRIER
   12.3207   10.5461   10.5366   10.5225   10.5037
   10.4801   10.4519   10.4189   10.3813   10.3389
   10.2918   10.2400   10.1835   10.1223   10.0564
    9.9858    9.9105    9.8305    9.7457    9.6563
    9.5621    9.4632    9.3597    9.2514    9.1384
    9.0207    8.8983    8.7712    8.6394    8.5028
    8.3616    8.2157    8.0650    7.9119    7.7675

     0     1

 ROT OUTPUT  YRSMO,YRSMOF
    0.0000    0.0103    0.0310    0.0620    0.1033
    0.1550    0.2170    0.2893    0.3719    0.4649
    0.5682    0.6819    0.8059    0.9402    1.0848
    1.2398    1.4051    1.5807    1.7667    1.9630
    2.1696    2.3866    2.6139    2.8515    3.0995
    3.3578    3.6264    3.9053    4.1946    4.4942
    4.8042    5.1244    5.4551    5.7944    6.1338

     0     1

    8.4386    8.4452    8.4583    8.4780    8.5043
    8.5371    8.5765    8.6225    8.6750    8.7341
    8.7998    8.8720    8.9508    9.0362    9.1281
    9.2266    9.3316    9.4433    9.5614    9.6862
    9.8175    9.9554   10.0999   10.2509   10.4085
   10.5726   10.7434   10.9206   11.1045   11.2949
   11.4919   11.6954   11.9056   12.1224   12.3464

     0     1

 BARRIER
    8.4386    8.4349    8.4273    8.4160    8.4010
    8.3822    8.3596    8.3332    8.3031    8.2692
    8.2315    8.1901    8.1449    8.0960    8.0433
    7.9868    7.9265    7.8625    7.7948    7.7232
    7.6479    7.5688    7.4860    7.3994    7.3090
    7.2149    7.1170    7.0153    6.9099    6.8007
    6.6877    6.5710    6.4505    6.3280    6.2126

     0     1


 ROT OUTPUT  FORMAT:   1   0   0
 EJAY,EJAYF
    0.0000    1.6101    1.6327    1.6667    1.7120
    1.7685    1.8364    1.9157    2.0062    2.1080
    2.2212    2.3457    2.4815    2.6286    2.7870
    2.9568    3.1379    3.3302    3.5339    3.7490
    3.9753    4.2130    4.4619    4.7222    4.9938
    5.2767    5.5710    5.8765    6.1934    6.5216
    6.8611    7.2119    7.5740    7.9432    8.3130

     0     1

   11.9657   11.9723   11.9855   12.0053   12.0317
   12.0646   12.1042   12.1504   12.2031   12.2625
   12.3284   12.4010   12.4801   12.5659   12.6582
   12.7571   12.8626   12.9748   13.0935   13.2188
   13.3507   13.4892   13.6343   13.7859   13.9442
   14.1091   14.2806   14.4586   14.6433   14.8345
   15.0324   15.2368   15.4479   15.6658   15.8911

     0     1

 BARRIER
   11.9657   10.3622   10.3528   10.3386   10.3197
   10.2961   10.2678   10.2347   10.1970   10.1545
   10.1072   10.0553    9.9986    9.9373    9.8712
    9.8003    9.7248    9.6445    9.5595    9.4698
    9.3754    9.2762    9.1723    9.0637    8.9504
    8.8324    8.7096    8.5821    8.4499    8.3130
    8.1713    8.0249    7.8738    7.7226    7.5782

     0     1

 ROT OUTPUT  YRSMO,YRSMOF
    0.0000    0.0104    0.0313    0.0625    0.1042
    0.1563    0.2188    0.2918    0.3751    0.4689
    0.5731    0.6877    0.8127    0.9482    1.0941
    1.2504    1.4171    1.5942    1.7818    1.9798
    2.1882    2.4070    2.6362    2.8759    3.1259
    3.3864    3.6573    3.9387    4.2304    4.5326
    4.8452    5.1682    5.5016    5.8421    6.1844

     0     1

    8.3976    8.4042    8.4174    8.4372    8.4635
    8.4965    8.5361    8.5823    8.6350    8.6944
    8.7603    8.8329    8.9120    8.9977    9.0901
    9.1890    9.2945    9.4066    9.5253    9.6506
    9.7825    9.9210   10.0661   10.2178   10.3761
   10.5410   10.7124   10.8905   11.0752   11.2664
   11.4643   11.6687   11.8797   12.0977   12.3230

     0     1

 BARRIER
    8.3976    8.3938    8.3861    8.3746    8.3593
    8.3402    8.3173    8.2905    8.2599    8.2255
    8.1872    8.1452    8.0993    8.0495    7.9960
    7.9386    7.8774    7.8124    7.7436    7.6709
    7.5944    7.5141    7.4299    7.3419    7.2502
    7.1545    7.0551    6.9518    6.8447    6.7338
    6.6191    6.5005    6.3781    6.2556    6.1386

     0     1


 ROT OUTPUT  FORMAT:   1   0   0
 EJAY,EJAYF
    0.0000    1.1769    1.1993    1.2329    1.2777
    1.3337    1.4009    1.4793    1.5688    1.6696
    1.7816    1.9048    2.0392    2.1848    2.3416
    2.5096    2.6887    2.8791    3.0807    3.2935
    3.5175    3.7526    3.9990    4.2566    4.5254
    4.8053    5.0965    5.3989    5.7124    6.0372
    6.3732    6.7203    7.0787    7.4420    7.8082

     0     1

   10.9941   11.0007   11.0140   11.0338   11.0604
   11.0935   11.1332   11.1796   11.2326   11.2923
   11.3585   11.4314   11.5109   11.5970   11.6898
   11.7892   11.8952   12.0078   12.1271   12.2530
   12.3855   12.5247   12.6704   12.8228   12.9818
   13.1475   13.3198   13.4987   13.6842   13.8763
   14.0751   14.2805   14.4925   14.7118   14.9384

     0     1

 BARRIER
   10.9941    9.8238    9.8147    9.8010    9.7827
    9.7598    9.7324    9.7004    9.6638    9.6226
    9.5769    9.5266    9.4717    9.4123    9.3482
    9.2796    9.2065    9.1287    9.0464    8.9595
    8.8681    8.7720    8.6714    8.5662    8.4565
    8.3422    8.2233    8.0998    7.9718    7.8391
    7.7019    7.5602    7.4138    7.2698    7.1302

     0     1

 ROT OUTPUT  YRSMO,YRSMOF
    0.0000    0.0105    0.0315    0.0631    0.1051
    0.1576    0.2207    0.2943    0.3783    0.4729
    0.5780    0.6936    0.8197    0.9563    1.1035
    1.2611    1.4293    1.6079    1.7971    1.9968
    2.2069    2.4276    2.6588    2.9005    3.1528
    3.4155    3.6887    3.9725    4.2667    4.5715
    4.8868    5.2126    5.5489    5.8904    6.2356

     0     1

    8.3461    8.3527    8.3660    8.3859    8.4124
    8.4455    8.4853    8.5316    8.5847    8.6443
    8.7105    8.7834    8.8629    8.9491    9.0418
    9.1412    9.2472    9.3599    9.4791    9.6050
    9.7376    9.8767   10.0225   10.1749   10.3339
   10.4995   10.6718   10.8507   11.0362   11.2284
   11.4271   11.6326   11.8446   12.0638   12.2904

     0     1

 BARRIER
    8.3461    8.3422    8.3345    8.3228    8.3073
    8.2879    8.2646    8.2374    8.2063    8.1714
    8.1325    8.0898    8.0432    7.9927    7.9384
    7.8801    7.8180    7.7520    7.6821    7.6083
    7.5306    7.4491    7.3636    7.2743    7.1811
    7.0840    6.9831    6.8782    6.7695    6.6569
    6.5404    6.4200    6.2957    6.1734    6.0548

     0     1


 ROT OUTPUT  FORMAT:   1   0   0
 EJAY,EJAYF
    0.0000    0.9998    1.0222    1.0559    1.1008
    1.1569    1.2242    1.3027    1.3925    1.4934
    1.6056    1.7291    1.8637    2.0095    2.1666
    2.3349    2.5144    2.7051    2.9071    3.1203
    3.3446    3.5803    3.8271    4.0851    4.3544
    4.6349    4.9266    5.2295    5.5436    5.8690
    6.2056    6.5534    6.9124    7.2742    7.6412

     0     1

   10.5865   10.5932   10.6065   10.6265   10.6531
   10.6863   10.7263   10.7728   10.8261   10.8859
   10.9525   11.0257   11.1055   11.1920   11.2851
   11.3849   11.4914   11.6045   11.7242   11.8507
   11.9837   12.1234   12.2698   12.4228   12.5825
   12.7488   12.9218   13.1015   13.2878   13.4807
   13.6803   13.8865   14.0994   14.3200   14.5478

     0     1

 BARRIER
   10.5865    9.5934    9.5843    9.5706    9.5523
    9.5295    9.5021    9.4701    9.4336    9.3925
    9.3468    9.2966    9.2418    9.1824    9.1185
    9.0500    8.9770    8.8993    8.8172    8.7304
    8.6391    8.5432    8.4427    8.3377    8.2281
    8.1140    7.9952    7.8720    7.7441    7.6117
    7.4747    7.3332    7.1870    7.0457    6.9066

     0     1

 ROT OUTPUT  YRSMO,YRSMOF
    0.0000    0.0106    0.0318    0.0636    0.1060
    0.1590    0.2226    0.2968    0.3816    0.4770
    0.5830    0.6996    0.8268    0.9646    1.1130
    1.2720    1.4416    1.6218    1.8126    2.0140
    2.2260    2.4486    2.6818    2.9256    3.1800
    3.4450    3.7206    4.0067    4.3035    4.6109
    4.9289    5.2575    5.5967    5.9394    6.2875

     0     1

    8.2958    8.3024    8.3157    8.3357    8.3623
    8.3956    8.4355    8.4820    8.5353    8.5952
    8.6617    8.7349    8.8147    8.9012    8.9943
    9.0941    9.2006    9.3137    9.4335    9.5599
    9.6929    9.8327    9.9790   10.1320   10.2917
   10.4581   10.6310   10.8107   10.9970   11.1899
   11.3895   11.5958   11.8087   12.0292   12.2570

     0     1

 BARRIER
    8.2958    8.2918    8.2839    8.2721    8.2563
    8.2366    8.2129    8.1853    8.1537    8.1182
    8.0787    8.0353    7.9879    7.9366    7.8814
    7.8222    7.7590    7.6919    7.6209    7.5459
    7.4670    7.3841    7.2973    7.2065    7.1118
    7.0131    6.9105    6.8039    6.6934    6.5790
    6.4606    6.3382    6.2119    6.0898    5.9695

     0     1


 ROT OUTPUT  FORMAT:   1   0   0
 EJAY,EJAYF
    0.0000    0.7168    0.7391    0.7726    0.8173
    0.8731    0.9401    1.0183    1.1076    1.2081
    1.3197    1.4426    1.5766    1.7217    1.8781
    2.0456    2.2242    2.4140    2.6150    2.8272
    3.0505    3.2850    3.5307    3.7875    4.0555
    4.3347    4.6250    4.9265    5.2391    5.5629
    5.8979    6.2441    6.6014    6.9596    7.3251

     0     1

    9.9559    9.9625    9.9759    9.9959   10.0225
   10.0558   10.0958   10.1424   10.1957   10.2557
   10.3223   10.3956   10.4756   10.5622   10.6554
   10.7554   10.8620   10.9752   11.0952   11.2218
   11.3550   11.4949   11.6415   11.7947   11.9546
   12.1212   12.2944   12.4743   12.6608   12.8541
   13.0539   13.2605   13.4737   13.6950   13.9236

     0     1

 BARRIER
    9.9559    9.2458    9.2368    9.2233    9.2052
    9.1827    9.1557    9.1242    9.0881    9.0476
    9.0026    8.9530    8.8990    8.8404    8.7774
    8.7098    8.6378    8.5612    8.4801    8.3946
    8.3045    8.2099    8.1108    8.0072    7.8991
    7.7865    7.6694    7.5478    7.4217    7.2911
    7.1560    7.0164    6.8723    6.7355    6.5985

     0     1

 ROT OUTPUT  YRSMO,YRSMOF
    0.0000    0.0107    0.0321    0.0642    0.1069
    0.1604    0.2245    0.2994    0.3849    0.4811
    0.5880    0.7057    0.8340    0.9730    1.1226
    1.2830    1.4541    1.6358    1.8283    2.0314
    2.2453    2.4698    2.7050    2.9509    3.2075
    3.4748    3.7528    4.0415    4.3409    4.6509
    4.9717    5.3031    5.6452    5.9890    6.3401

     0     1

    8.2756    8.2823    8.2956    8.3156    8.3422
    8.3755    8.4155    8.4622    8.5155    8.5754
    8.6420    8.7153    8.7953    8.8819    8.9752
    9.0751    9.1817    9.2950    9.4149    9.5415
    9.6747    9.8146    9.9612   10.1144   10.2743
   10.4409   10.6141   10.7940   10.9806   11.1738
   11.3737   11.5802   11.7934   12.0147   12.2433

     0     1

 BARRIER
    8.2756    8.2716    8.2635    8.2514    8.2353
    8.2152    8.1910    8.1628    8.1306    8.0943
    8.0540    8.0097    7.9613    7.9089    7.8525
    7.7921    7.7276    7.6591    7.5866    7.5100
    7.4295    7.3448    7.2562    7.1635    7.0668
    6.9661    6.8613    6.7525    6.6397    6.5229
    6.4020    6.2771    6.1481    6.0258    5.9032

     0     1


 ROT OUTPUT  FORMAT:   1   0   0
 EJAY,EJAYF
    0.0000    0.6188    0.6412    0.6749    0.7198
    0.7759    0.8433    0.9218    1.0116    1.1127
    1.2249    1.3484    1.4831    1.6290    1.7862
    1.9545    2.1341    2.3249    2.5270    2.7403
    2.9647    3.2005    3.4474    3.7056    3.9750
    4.2556    4.5474    4.8505    5.1648    5.4903
    5.8271    6.1750    6.5342    6.8921    7.2595

     0     1

    9.7357    9.7423    9.7557    9.7757    9.8024
    9.8357    9.8758    9.9225    9.9758   10.0359
   10.1026   10.1760   10.2561   10.3428   10.4362
   10.5363   10.6430   10.7564   10.8765   11.0033
   11.1367   11.2768   11.4236   11.5770   11.7371
   11.9039   12.0774   12.2575   12.4443   12.6378
   12.8380   13.0448   13.2583   13.4806   13.7099

     0     1

 BARRIER
    9.7357    9.1236    9.1145    9.1008    9.0826
    9.0598    9.0325    9.0006    8.9642    8.9232
    8.8777    8.8276    8.7730    8.7138    8.6500
    8.5817    8.5089    8.4315    8.3495    8.2630
    8.1720    8.0763    7.9762    7.8715    7.7622
    7.6483    7.5300    7.4070    7.2795    7.1475
    7.0109    6.8698    6.7241    6.5885    6.4504

     0     1

 ROT OUTPUT  YRSMO,YRSMOF
    0.0000    0.0108    0.0324    0.0647    0.1078
    0.1618    0.2265    0.3020    0.3883    0.4853
    0.5932    0.7118    0.8412    0.9814    1.1324
    1.2942    1.4667    1.6501    1.8442    2.0491
    2.2648    2.4913    2.7286    2.9766    3.2355
    3.5051    3.7855    4.0767    4.3787    4.6914
    5.0150    5.3493    5.6944    6.0392    6.3933

     0     1

    8.2464    8.2531    8.2664    8.2864    8.3131
    8.3465    8.3865    8.4332    8.4866    8.5466
    8.6133    8.6867    8.7668    8.8535    8.9469
    9.0470    9.1537    9.2671    9.3872    9.5140
    9.6474    9.7875    9.9343   10.0877   10.2479
   10.4147   10.5881   10.7682   10.9551   11.1485
   11.3487   11.5555   11.7690   11.9913   12.2206

     0     1

 BARRIER
    8.2464    8.2423    8.2340    8.2217    8.2052
    8.1847    8.1600    8.1312    8.0983    8.0613
    8.0202    7.9749    7.9255    7.8721    7.8145
    7.7528    7.6870    7.6170    7.5430    7.4649
    7.3826    7.2962    7.2057    7.1111    7.0124
    6.9096    6.8026    6.6915    6.5764    6.4571
    6.3337    6.2062    6.0746    5.9521    5.8273

     0     1


 ROT OUTPUT  FORMAT:   1   0   0
 EJAY,EJAYF
    0.0000    0.3705    0.3928    0.4263    0.4709
    0.5267    0.5937    0.6718    0.7611    0.8615
    0.9732    1.0959    1.2298    1.3749    1.5312
    1.6986    1.8771    2.0668    2.2677    2.4798
    2.7030    2.9373    3.1829    3.4395    3.7074
    3.9864    4.2766    4.5779    4.8904    5.2140
    5.5488    5.8948    6.2511    6.6059    6.9715

     0     1

    9.1146    9.1213    9.1346    9.1547    9.1814
    9.2148    9.2549    9.3017    9.3551    9.4152
    9.4821    9.5555    9.6357    9.7226    9.8161
    9.9163   10.0232   10.1368   10.2571   10.3840
   10.5176   10.6579   10.8049   10.9586   11.1189
   11.2860   11.4597   11.6401   11.8272   12.0209
   12.2213   12.4285   12.6424   12.8657   13.0958

     0     1

 BARRIER
    9.1146    8.7508    8.7418    8.7284    8.7105
    8.6881    8.6612    8.6298    8.5940    8.5537
    8.5089    8.4596    8.4059    8.3477    8.2850
    8.2178    8.1461    8.0700    7.9893    7.9042
    7.8147    7.7206    7.6221    7.5191    7.4116
    7.2996    7.1831    7.0622    6.9368    6.8069
    6.6725    6.5337    6.3913    6.2598    6.1242

     0     1

 ROT OUTPUT  YRSMO,YRSMOF
    0.0000    0.0109    0.0326    0.0653    0.1088
    0.1632    0.2285    0.3046    0.3917    0.4896
    0.5984    0.7180    0.8486    0.9900    1.1423
    1.3055    1.4796    1.6645    1.8604    2.0671
    2.2847    2.5131    2.7525    3.0027    3.2638
    3.5358    3.8187    4.1124    4.4170    4.7325
    5.0589    5.3962    5.7436    6.0902    6.4473

     0     1

    8.2064    8.2131    8.2264    8.2465    8.2732
    8.3066    8.3467    8.3935    8.4469    8.5070
    8.5739    8.6473    8.7275    8.8144    8.9079
    9.0081    9.1150    9.2286    9.3489    9.4758
    9.6094    9.7497    9.8967   10.0504   10.2107
   10.3778   10.5515   10.7319   10.9190   11.1127
   11.3131   11.5203   11.7342   11.9575   12.1876

     0     1

 BARRIER
    8.2064    8.2022    8.1938    8.1812    8.1644
    8.1434    8.1182    8.0888    8.0553    8.0175
    7.9755    7.9293    7.8789    7.8244    7.7656
    7.7026    7.6354    7.5641    7.4885    7.4087
    7.3248    7.2366    7.1443    7.0477    6.9469
    6.8420    6.7328    6.6195    6.5019    6.3802
    6.2542    6.1241    5.9906    5.8674    5.7403

     0     1


 ROT OUTPUT  FORMAT:   1   0   0
 EJAY,EJAYF
    0.0000    2.0404    2.0628    2.0964    2.1412
    2.1972    2.2644    2.3428    2.4324    2.5332
    2.6452    2.7684    2.9028    3.0484    3.2052
    3.3732    3.5524    3.7429    3.9445    4.1573
    4.3813    4.6165    4.8629    5.1205    5.3893
    5.6694    5.9606    6.2630    6.5766    6.9014
    7.2374    7.5846    7.9431    8.3091    8.6761

     0     1

   13.0106   13.0172   13.0305   13.0504   13.0770
   13.1102   13.1500   13.1965   13.2496   13.3093
   13.3757   13.4487   13.5284   13.6147   13.7077
   13.8072   13.9135   14.0263   14.1458   14.2720
   14.4047   14.5441   14.6902   14.8429   15.0022
   15.1682   15.3408   15.5201   15.7059   15.8985
   16.0976   16.3034   16.5159   16.7348   16.9600

     0     1

 BARRIER
   13.0106   10.9768   10.9677   10.9540   10.9358
   10.9130   10.8856   10.8537   10.8172   10.7761
   10.7305   10.6803   10.6256   10.5663   10.5024
   10.4340   10.3610   10.2835   10.2014   10.1147
   10.0234    9.9276    9.8273    9.7224    9.6129
    9.4988    9.3802    9.2571    9.1293    8.9971
    8.8602    8.7188    8.5728    8.4257    8.2839

     0     1

 ROT OUTPUT  YRSMO,YRSMOF
    0.0000    0.0103    0.0310    0.0620    0.1034
    0.1551    0.2171    0.2894    0.3721    0.4652
    0.5685    0.6822    0.8063    0.9406    1.0854
    1.2404    1.4058    1.5815    1.7676    1.9640
    2.1707    2.3878    2.6152    2.8529    3.1010
    3.3594    3.6282    3.9073    4.1967    4.4965
    4.8066    5.1270    5.4578    5.7960    6.1361

     0     1

    8.9018    8.9084    8.9217    8.9416    8.9682
    9.0014    9.0412    9.0877    9.1408    9.2005
    9.2669    9.3399    9.4196    9.5059    9.5989
    9.6984    9.8047    9.9175   10.0370   10.1632
   10.2959   10.4354   10.5814   10.7341   10.8934
   11.0594   11.2320   11.4113   11.5971   11.7897
   11.9888   12.1946   12.4071   12.6260   12.8512

     0     1

 BARRIER
    8.9018    8.8981    8.8907    8.8796    8.8648
    8.8463    8.8241    8.7982    8.7687    8.7354
    8.6984    8.6577    8.6134    8.5653    8.5135
    8.4580    8.3989    8.3360    8.2695    8.1992
    8.1252    8.0476    7.9662    7.8812    7.7924
    7.7000    7.6038    7.5040    7.4005    7.2932
    7.1823    7.0677    6.9493    6.8301    6.7151

     0     1


 ROT OUTPUT  FORMAT:   1   0   0
 EJAY,EJAYF
    0.0000    1.7140    1.7364    1.7699    1.8147
    1.8706    1.9376    2.0159    2.1053    2.2059
    2.3177    2.4407    2.5749    2.7202    2.8767
    3.0444    3.2233    3.4133    3.6146    3.8270
    4.0506    4.2854    4.5313    4.7884    5.0567
    5.3362    5.6269    5.9288    6.2418    6.5660
    6.9014    7.2479    7.6057    7.9691    8.3355

     0     1

   12.3504   12.3571   12.3704   12.3905   12.4172
   12.4506   12.4906   12.5374   12.5908   12.6509
   12.7177   12.7911   12.8713   12.9581   13.0516
   13.1517   13.2586   13.3721   13.4923   13.6192
   13.7527   13.8930   14.0399   14.1935   14.3537
   14.5207   14.6943   14.8746   15.0616   15.2552
   15.4556   15.6626   15.8763   16.0965   16.3232

     0     1

 BARRIER
   12.3504   10.6430   10.6340   10.6205   10.6025
   10.5800   10.5530   10.5215   10.4855   10.4450
   10.3999   10.3504   10.2964   10.2379   10.1749
   10.1073   10.0353    9.9588    9.8777    9.7922
    9.7022    9.6076    9.5086    9.4050    9.2970
    9.1844    9.0674    8.9458    8.8198    8.6892
    8.5542    8.4146    8.2706    8.1274    7.9877

     0     1

 ROT OUTPUT  YRSMO,YRSMOF
    0.0000    0.0104    0.0313    0.0626    0.1043
    0.1564    0.2189    0.2919    0.3753    0.4691
    0.5734    0.6881    0.8132    0.9487    1.0946
    1.2510    1.4178    1.5950    1.7827    1.9808
    2.1893    2.4082    2.6375    2.8773    3.1275
    3.3881    3.6592    3.9407    4.2326    4.5349
    4.8476    5.1708    5.5044    5.8439    6.1868

     0     1

    8.8628    8.8695    8.8828    8.9029    8.9296
    8.9630    9.0030    9.0498    9.1032    9.1633
    9.2301    9.3035    9.3837    9.4705    9.5640
    9.6641    9.7710    9.8845   10.0047   10.1316
   10.2651   10.4054   10.5523   10.7059   10.8661
   11.0331   11.2067   11.3870   11.5740   11.7676
   11.9680   12.1750   12.3887   12.6089   12.8356

     0     1

 BARRIER
    8.8628    8.8590    8.8515    8.8403    8.8253
    8.8066    8.7841    8.7579    8.7279    8.6942
    8.6567    8.6155    8.5705    8.5218    8.4693
    8.4131    8.3532    8.2895    8.2220    8.1508
    8.0759    7.9972    7.9147    7.8286    7.7386
    7.6449    7.5475    7.4463    7.3414    7.2327
    7.1203    7.0042    6.8842    6.7650    6.6488

     0     1


 ROT OUTPUT  FORMAT:   1   0   0
 EJAY,EJAYF
    0.0000    1.3977    1.4200    1.4535    1.4981
    1.5539    1.6208    1.6989    1.7882    1.8886
    2.0002    2.1229    2.2568    2.4018    2.5580
    2.7253    2.9038    3.0935    3.2943    3.5063
    3.7294    3.9637    4.2091    4.4657    4.7335
    5.0124    5.3025    5.6037    5.9161    6.2396
    6.5743    6.9202    7.2772    7.6380    8.0037

     0     1

   11.7064   11.7131   11.7265   11.7467   11.7735
   11.8071   11.8474   11.8944   11.9481   12.0085
   12.0756   12.1494   12.2300   12.3173   12.4112
   12.5119   12.6193   12.7335   12.8543   12.9818
   13.1161   13.2570   13.4047   13.5591   13.7202
   13.8881   14.0626   14.2438   14.4318   14.6265
   14.8278   15.0359   15.2507   15.4722   15.7003

     0     1

 BARRIER
   11.7064   10.3154   10.3065   10.2932   10.2754
   10.2532   10.2265   10.1954   10.1599   10.1199
   10.0754   10.0266    9.9732    9.9155    9.8533
    9.7866    9.7155    9.6400    9.5600    9.4755
    9.3867    9.2933    9.1956    9.0934    8.9867
    8.8756    8.7601    8.6401    8.5157    8.3868
    8.2535    8.1158    7.9736    7.8342    7.6966

     0     1

 ROT OUTPUT  YRSMO,YRSMOF
    0.0000    0.0105    0.0315    0.0631    0.1051
    0.1577    0.2208    0.2944    0.3785    0.4732
    0.5783    0.6940    0.8201    0.9568    1.1040
    1.2617    1.4300    1.6087    1.7980    1.9978
    2.2081    2.4289    2.6602    2.9020    3.1544
    3.4172    3.6906    3.9745    4.2689    4.5738
    4.8893    5.2152    5.5517    5.8923    6.2382

     0     1

    8.8290    8.8357    8.8491    8.8692    8.8961
    8.9297    8.9699    9.0169    9.0706    9.1310
    9.1982    9.2720    9.3526    9.4398    9.5338
    9.6345    9.7419    9.8560    9.9769   10.1044
   10.2386   10.3796   10.5273   10.6817   10.8428
   11.0106   11.1852   11.3664   11.5544   11.7490
   11.9504   12.1585   12.3733   12.5948   12.8228

     0     1

 BARRIER
    8.8290    8.8252    8.8176    8.8062    8.7909
    8.7719    8.7491    8.7225    8.6921    8.6579
    8.6199    8.5780    8.5324    8.4830    8.4298
    8.3728    8.3119    8.2473    8.1789    8.1066
    8.0306    7.9508    7.8671    7.7797    7.6884
    7.5934    7.4945    7.3919    7.2854    7.1752
    7.0611    6.9433    6.8216    6.7024    6.5847

     0     1


 ROT OUTPUT  FORMAT:   1   0   0
 EJAY,EJAYF
    0.0000    1.0762    1.0985    1.1318    1.1763
    1.2319    1.2987    1.3765    1.4655    1.5656
    1.6768    1.7992    1.9326    2.0772    2.2330
    2.3998    2.5778    2.7668    2.9670    3.1784
    3.4008    3.6344    3.8791    4.1349    4.4018
    4.6799    4.9691    5.2694    5.5808    5.9034
    6.2370    6.5818    6.9378    7.2956    7.6604

     0     1

   11.0426   11.0494   11.0629   11.0831   11.1101
   11.1438   11.1842   11.2315   11.2854   11.3461
   11.4135   11.4877   11.5687   11.6563   11.7508
   11.8519   11.9598   12.0745   12.1959   12.3240
   12.4589   12.6005   12.7489   12.9040   13.0659
   13.2345   13.4098   13.5919   13.7807   13.9763
   14.1786   14.3877   14.6035   14.8261   15.0555

     0     1

 BARRIER
   11.0426    9.9732    9.9644    9.9513    9.9337
    9.9119    9.8856    9.8549    9.8199    9.7805
    9.7367    9.6886    9.6360    9.5791    9.5178
    9.4521    9.3821    9.3076    9.2288    9.1456
    9.0581    8.9661    8.8698    8.7691    8.6640
    8.5546    8.4407    8.3225    8.1999    8.0729
    7.9416    7.8058    7.6657    7.5305    7.3951

     0     1

 ROT OUTPUT  YRSMO,YRSMOF
    0.0000    0.0106    0.0318    0.0636    0.1061
    0.1591    0.2227    0.2969    0.3818    0.4772
    0.5833    0.7000    0.8272    0.9651    1.1136
    1.2726    1.4423    1.6226    1.8135    2.0150
    2.2271    2.4498    2.6831    2.9271    3.1816
    3.4467    3.7225    4.0088    4.3058    4.6133
    4.9315    5.2602    5.5996    5.9415    6.2902

     0     1

    8.7990    8.8057    8.8192    8.8395    8.8664
    8.9001    8.9406    8.9878    9.0418    9.1025
    9.1699    9.2441    9.3250    9.4127    9.5071
    9.6083    9.7162    9.8308    9.9522   10.0804
   10.2152   10.3569   10.5052   10.6604   10.8222
   10.9908   11.1662   11.3483   11.5371   11.7327
   11.9350   12.1441   12.3599   12.5825   12.8118

     0     1

 BARRIER
    8.7990    8.7951    8.7874    8.7758    8.7604
    8.7411    8.7179    8.6909    8.6600    8.6252
    8.5866    8.5441    8.4978    8.4476    8.3936
    8.3356    8.2739    8.2082    8.1387    8.0654
    7.9881    7.9070    7.8221    7.7333    7.6406
    7.5441    7.4437    7.3394    7.2313    7.1194
    7.0035    6.8838    6.7603    6.6410    6.5216

     0     1


 ROT OUTPUT  FORMAT:   1   0   0
 EJAY,EJAYF
    0.0000    0.9082    0.9305    0.9640    1.0086
    1.0644    1.1313    1.2094    1.2986    1.3990
    1.5105    1.6332    1.7671    1.9121    2.0682
    2.2355    2.4140    2.6036    2.8044    3.0163
    3.2394    3.4736    3.7190    3.9755    4.2432
    4.5221    4.8121    5.1132    5.4255    5.7490
    6.0836    6.4294    6.7863    7.1432    7.5091

     0     1

   10.6710   10.6778   10.6914   10.7117   10.7388
   10.7727   10.8134   10.8609   10.9151   10.9761
   11.0439   11.1185   11.1999   11.2880   11.3829
   11.4846   11.5931   11.7083   11.8304   11.9592
   12.0948   12.2372   12.3863   12.5423   12.7050
   12.8745   13.0508   13.2338   13.4236   13.6203
   13.8237   14.0338   14.2508   14.4748   14.7056

     0     1

 BARRIER
   10.6710    9.7696    9.7608    9.7477    9.7302
    9.7084    9.6821    9.6515    9.6165    9.5771
    9.5334    9.4853    9.4328    9.3759    9.3147
    9.2491    9.1791    9.1047    9.0260    8.9429
    8.8554    8.7636    8.6673    8.5667    8.4618
    8.3524    8.2387    8.1206    7.9981    7.8713
    7.7401    7.6045    7.4645    7.3315    7.1965

     0     1

 ROT OUTPUT  YRSMO,YRSMOF
    0.0000    0.0107    0.0321    0.0642    0.1070
    0.1605    0.2246    0.2995    0.3851    0.4814
    0.5884    0.7060    0.8344    0.9735    1.1232
    1.2837    1.4548    1.6367    1.8292    2.0325
    2.2464    2.4711    2.7064    2.9525    3.2092
    3.4766    3.7548    4.0436    4.3431    4.6533
    4.9742    5.3059    5.6482    5.9912    6.3430

     0     1

    8.7538    8.7606    8.7741    8.7945    8.8216
    8.8555    8.8962    8.9436    8.9979    9.0589
    9.1267    9.2013    9.2826    9.3708    9.4657
    9.5674    9.6759    9.7911    9.9132   10.0420
   10.1776   10.3199   10.4691   10.6250   10.7878
   10.9572   11.1335   11.3166   11.5064   11.7030
   11.9064   12.1166   12.3336   12.5575   12.7884

     0     1

 BARRIER
    8.7538    8.7499    8.7420    8.7303    8.7146
    8.6950    8.6715    8.6441    8.6128    8.5775
    8.5383    8.4952    8.4482    8.3973    8.3425
    8.2837    8.2210    8.1544    8.0839    8.0095
    7.9311    7.8489    7.7627    7.6726    7.5786
    7.4806    7.3788    7.2730    7.1633    7.0497
    6.9322    6.8107    6.6854    6.5663    6.4454

     0     1


 ROT OUTPUT  FORMAT:   1   0   0
 EJAY,EJAYF
    0.0000    0.5996    0.6218    0.6551    0.6995
    0.7551    0.8217    0.8994    0.9883    1.0882
    1.1993    1.3215    1.4548    1.5991    1.7546
    1.9212    2.0989    2.2877    2.4877    2.6987
    2.9208    3.1541    3.3984    3.6538    3.9204
    4.1981    4.4868    4.7867    5.0977    5.4198
    5.7530    6.0973    6.4526    6.8063    7.1708

     0     1

   10.0017   10.0085   10.0221   10.0426   10.0698
   10.1038   10.1447   10.1923   10.2468   10.3081
   10.3761   10.4510   10.5327   10.6212   10.7165
   10.8186   10.9275   11.0432   11.1658   11.2951
   11.4313   11.5742   11.7240   11.8805   12.0439
   12.2141   12.3911   12.5749   12.7655   12.9629
   13.1671   13.3781   13.5960   13.8212   14.0532

     0     1

 BARRIER
   10.0017    9.4090    9.4004    9.3875    9.3703
    9.3488    9.3230    9.2929    9.2585    9.2198
    9.1768    9.1295    9.0779    9.0220    8.9619
    8.8974    8.8286    8.7555    8.6781    8.5964
    8.5104    8.4202    8.3256    8.2267    8.1235
    8.0160    7.9042    7.7882    7.6678    7.5431
    7.4141    7.2809    7.1434    7.0148    6.8824

     0     1

 ROT OUTPUT  YRSMO,YRSMOF
    0.0000    0.0108    0.0324    0.0647    0.1079
    0.1619    0.2266    0.3021    0.3885    0.4856
    0.5935    0.7122    0.8417    0.9819    1.1330
    1.2949    1.4675    1.6510    1.8452    2.0502
    2.2660    2.4926    2.7300    2.9782    3.2372
    3.5069    3.7875    4.0788    4.3810    4.6939
    5.0176    5.3521    5.6973    6.0416    6.3964

     0     1

    8.7215    8.7284    8.7420    8.7624    8.7896
    8.8237    8.8645    8.9121    8.9666    9.0279
    9.0959    9.1708    9.2525    9.3410    9.4363
    9.5384    9.6473    9.7631    9.8856   10.0149
   10.1511   10.2940   10.4438   10.6004   10.7637
   10.9339   11.1109   11.2947   11.4853   11.6827
   11.8869   12.0980   12.3158   12.5410   12.7730

     0     1

 BARRIER
    8.7215    8.7176    8.7096    8.6976    8.6817
    8.6618    8.6379    8.6100    8.5781    8.5423
    8.5025    8.4586    8.4108    8.3591    8.3033
    8.2436    8.1798    8.1121    8.0404    7.9647
    7.8851    7.8014    7.7138    7.6222    7.5266
    7.4270    7.3234    7.2159    7.1043    6.9888
    6.8693    6.7458    6.6185    6.4993    6.3766

     0     1


 ROT OUTPUT  FORMAT:   1   0   0
 EJAY,EJAYF
    0.0000    0.4069    0.4292    0.4625    0.5069
    0.5625    0.6291    0.7069    0.7958    0.8958
    1.0069    1.1291    1.2624    1.4068    1.5623
    1.7290    1.9067    2.0956    2.2956    2.5067
    2.7288    2.9621    3.2066    3.4621    3.7287
    4.0064    4.2953    4.5952    4.9063    5.2285
    5.5618    5.9062    6.2597    6.6137    6.9783

     0     1

    9.5561    9.5629    9.5766    9.5971    9.6245
    9.6587    9.6997    9.7475    9.8022    9.8638
    9.9321   10.0073   10.0894   10.1782   10.2739
   10.3765   10.4859   10.6021   10.7252   10.8551
   10.9918   11.1353   11.2858   11.4430   11.6071
   11.7780   11.9557   12.1403   12.3317   12.5300
   12.7351   12.9470   13.1659   13.3924   13.6256

     0     1

 BARRIER
    9.5561    9.1560    9.1475    9.1346    9.1175
    9.0962    9.0705    9.0406    9.0064    8.9680
    8.9253    8.8783    8.8270    8.7714    8.7116
    8.6475    8.5791    8.5065    8.4296    8.3484
    8.2629    8.1732    8.0792    7.9809    7.8784
    7.7715    7.6604    7.5451    7.4254    7.3015
    7.1733    7.0408    6.9062    6.7787    6.6473

     0     1

 ROT OUTPUT  YRSMO,YRSMOF
    0.0000    0.0109    0.0327    0.0653    0.1089
    0.1633    0.2286    0.3048    0.3919    0.4898
    0.5987    0.7184    0.8490    0.9905    1.1429
    1.3062    1.4804    1.6654    1.8614    2.0682
    2.2859    2.5145    2.7539    3.0043    3.2655
    3.5377    3.8207    4.1146    4.4194    4.7350
    5.0616    5.3990    5.7455    6.0927    6.4505

     0     1

    8.6792    8.6860    8.6997    8.7202    8.7475
    8.7817    8.8227    8.8706    8.9253    8.9868
    9.0552    9.1304    9.2124    9.3013    9.3970
    9.4995    9.6089    9.7251    9.8482    9.9781
   10.1148   10.2584   10.4088   10.5660   10.7301
   10.9010   11.0788   11.2634   11.4548   11.6530
   11.8581   12.0701   12.2890   12.5154   12.7487

     0     1

 BARRIER
    8.6792    8.6751    8.6670    8.6549    8.6387
    8.6184    8.5941    8.5658    8.5334    8.4970
    8.4565    8.4119    8.3634    8.3107    8.2541
    8.1933    8.1285    8.0597    7.9868    7.9099
    7.8289    7.7439    7.6549    7.5617    7.4646
    7.3634    7.2581    7.1488    7.0354    6.9180
    6.7966    6.6710    6.5435    6.4227    6.2982

     0     1


 ROT OUTPUT  FORMAT:   1   0   0
 EJAY,EJAYF
    0.0000    2.0029    2.0253    2.0588    2.1035
    2.1593    2.2264    2.3046    2.3939    2.4945
    2.6062    2.7291    2.8631    3.0084    3.1648
    3.3323    3.5111    3.7010    3.9021    4.1143
    4.3377    4.5723    4.8181    5.0750    5.3432
    5.6224    5.9129    6.2145    6.5273    6.8513
    7.1864    7.5327    7.8902    8.2522    8.6190

     0     1

   13.1824   13.1891   13.2025   13.2226   13.2495
   13.2830   13.3233   13.3703   13.4239   13.4843
   13.5514   13.6253   13.7058   13.7930   13.8869
   13.9876   14.0950   14.2090   14.3298   14.4573
   14.5915   14.7324   14.8800   15.0344   15.1954
   15.3632   15.5376   15.7188   15.9067   16.1013
   16.3026   16.5106   16.7253   16.9460   17.1728

     0     1

 BARRIER
   13.1824   11.1862   11.1772   11.1638   11.1460
   11.1237   11.0969   11.0657   11.0300   10.9899
   10.9452   10.8962   10.8426   10.7846   10.7222
   10.6553   10.5839   10.5081   10.4278   10.3430
   10.2538   10.1601   10.0619    9.9593    9.8523
    9.7407    9.6247    9.5043    9.3794    9.2500
    9.1162    8.9779    8.8351    8.6939    8.5538

     0     1

 ROT OUTPUT  YRSMO,YRSMOF
    0.0000    0.0104    0.0313    0.0626    0.1043
    0.1565    0.2190    0.2920    0.3755    0.4694
    0.5737    0.6884    0.8135    0.9491    1.0952
    1.2516    1.4185    1.5958    1.7835    1.9817
    2.1903    2.4094    2.6388    2.8787    3.1290
    3.3898    3.6610    3.9426    4.2346    4.5371
    4.8500    5.1733    5.5071    5.8456    6.1892

     0     1

    9.3314    9.3381    9.3515    9.3717    9.3985
    9.4321    9.4723    9.5193    9.5730    9.6334
    9.7005    9.7743    9.8548    9.9420   10.0360
   10.1366   10.2440   10.3581   10.4788   10.6063
   10.7405   10.8814   11.0291   11.1834   11.3444
   11.5122   11.6867   11.8678   12.0557   12.2503
   12.4516   12.6596   12.8744   13.0951   13.3218

     0     1

 BARRIER
    9.3314    9.3277    9.3202    9.3091    9.2942
    9.2756    9.2533    9.2272    9.1975    9.1640
    9.1268    9.0859    9.0412    8.9929    8.9408
    8.8850    8.8255    8.7622    8.6953    8.6246
    8.5502    8.4721    8.3902    8.3047    8.2154
    8.1224    8.0257    7.9252    7.8211    7.7132
    7.6016    7.4863    7.3673    7.2495    7.1327

     0     1


 ROT OUTPUT  FORMAT:   1   0   0
 EJAY,EJAYF
    0.0000    1.5388    1.5610    1.5944    1.6388
    1.6944    1.7610    1.8388    1.9277    2.0277
    2.1388    2.2610    2.3943    2.5387    2.6942
    2.8609    3.0387    3.2275    3.4275    3.6386
    3.8608    4.0941    4.3385    4.5940    4.8607
    5.1384    5.4273    5.7272    6.0383    6.3605
    6.6938    7.0382    7.3937    7.7520    8.1169

     0     1

   12.2955   12.3022   12.3157   12.3360   12.3630
   12.3967   12.4372   12.4844   12.5384   12.5992
   12.6666   12.7409   12.8218   12.9096   13.0040
   13.1052   13.2132   13.3279   13.4494   13.5776
   13.7125   13.8543   14.0027   14.1579   14.3199
   14.4885   14.6640   14.8462   15.0351   15.2308
   15.4332   15.6424   15.8584   16.0802   16.3084

     0     1

 BARRIER
   12.2955   10.7634   10.7547   10.7416   10.7242
   10.7024   10.6762   10.6457   10.6108   10.5715
   10.5279   10.4799   10.4276   10.3708   10.3098
   10.2443   10.1746   10.1004   10.0219    9.9390
    9.8518    9.7602    9.6642    9.5639    9.4592
    9.3501    9.2367    9.1189    8.9968    8.8703
    8.7394    8.6042    8.4646    8.3283    8.1915

     0     1

 ROT OUTPUT  YRSMO,YRSMOF
    0.0000    0.0105    0.0316    0.0631    0.1052
    0.1578    0.2209    0.2946    0.3787    0.4734
    0.5786    0.6943    0.8205    0.9573    1.1046
    1.2624    1.4307    1.6095    1.7989    1.9988
    2.2091    2.4301    2.6615    2.9035    3.1559
    3.4189    3.6924    3.9765    4.2710    4.5761
    4.8917    5.2178    5.5544    5.8942    6.2407

     0     1

    9.3110    9.3178    9.3313    9.3515    9.3785
    9.4122    9.4527    9.5000    9.5540    9.6147
    9.6822    9.7564    9.8374    9.9251   10.0196
   10.1208   10.2287   10.3435   10.4649   10.5931
   10.7281   10.8698   11.0182   11.1734   11.3354
   11.5041   11.6795   11.8617   12.0507   12.2463
   12.4488   12.6580   12.8739   13.0958   13.3239

     0     1

 BARRIER
    9.3110    9.3073    9.2997    9.2884    9.2733
    9.2545    9.2318    9.2054    9.1752    9.1413
    9.1036    9.0621    9.0168    8.9678    8.9150
    8.8584    8.7981    8.7339    8.6660    8.5944
    8.5189    8.4397    8.3567    8.2700    8.1795
    8.0852    7.9871    7.8852    7.7796    7.6703
    7.5571    7.4402    7.3195    7.2015    7.0833

     0     1


 ROT OUTPUT  FORMAT:   1   0   0
 EJAY,EJAYF
    0.0000    1.4319    1.4543    1.4878    1.5326
    1.5885    1.6555    1.7338    1.8232    1.9239
    2.0357    2.1586    2.2928    2.4381    2.5947
    2.7624    2.9412    3.1313    3.3325    3.5450
    3.7686    4.0033    4.2493    4.5064    4.7748
    5.0543    5.3449    5.6468    5.9599    6.2841
    6.6195    6.9661    7.3238    7.6825    8.0497

     0     1

   12.0819   12.0887   12.1023   12.1226   12.1498
   12.1837   12.2245   12.2720   12.3263   12.3874
   12.4553   12.5300   12.6115   12.6997   12.7948
   12.8966   13.0052   13.1206   13.2428   13.3718
   13.5076   13.6502   13.7995   13.9557   14.1186
   14.2884   14.4649   14.6482   14.8383   15.0352
   15.2388   15.4493   15.6666   15.8897   16.1195

     0     1

 BARRIER
   12.0819   10.6568   10.6480   10.6348   10.6172
   10.5953   10.5689   10.5382   10.5031   10.4636
   10.4196   10.3713   10.3187   10.2616   10.2001
   10.1342   10.0640    9.9893    9.9103    9.8269
    9.7391    9.6468    9.5502    9.4493    9.3439
    9.2341    9.1199    9.0014    8.8784    8.7511
    8.6194    8.4833    8.3427    8.2073    8.0697

     0     1

 ROT OUTPUT  YRSMO,YRSMOF
    0.0000    0.0106    0.0318    0.0637    0.1061
    0.1592    0.2228    0.2971    0.3820    0.4775
    0.5836    0.7003    0.8276    0.9656    1.1141
    1.2733    1.4430    1.6234    1.8144    2.0160
    2.2282    2.4511    2.6845    2.9285    3.1832
    3.4484    3.7243    4.0108    4.3079    4.6156
    4.9339    5.2629    5.6024    5.9435    6.2929

     0     1

    9.2785    9.2853    9.2989    9.3193    9.3464
    9.3804    9.4211    9.4686    9.5229    9.5840
    9.6519    9.7266    9.8081    9.8963    9.9914
   10.0932   10.2019   10.3173   10.4395   10.5685
   10.7042   10.8468   10.9962   11.1523   11.3153
   11.4850   11.6615   11.8448   12.0349   12.2318
   12.4355   12.6459   12.8632   13.0864   13.3161

     0     1

 BARRIER
    9.2785    9.2747    9.2671    9.2556    9.2403
    9.2212    9.1983    9.1715    9.1410    9.1066
    9.0683    9.0263    8.9805    8.9308    8.8773
    8.8200    8.7588    8.6938    8.6251    8.5525
    8.4760    8.3958    8.3117    8.2238    8.1321
    8.0366    7.9372    7.8340    7.7270    7.6162
    7.5015    7.3831    7.2608    7.1429    7.0232

     0     1


 ROT OUTPUT  FORMAT:   1   0   0
 EJAY,EJAYF
    0.0000    0.9954    1.0176    1.0510    1.0954
    1.1510    1.2176    1.2954    1.3843    1.4843
    1.5954    1.7177    1.8510    1.9955    2.1511
    2.3177    2.4955    2.6844    2.8844    3.0956
    3.3178    3.5512    3.7956    4.0512    4.3179
    4.5957    4.8846    5.1846    5.4958    5.8180
    6.1514    6.4959    6.8514    7.2063    7.5715

     0     1

   11.1968   11.2036   11.2173   11.2378   11.2651
   11.2993   11.3403   11.3881   11.4428   11.5043
   11.5726   11.6478   11.7298   11.8186   11.9143
   12.0168   12.1261   12.2423   12.3653   12.4952
   12.6318   12.7753   12.9257   13.0828   13.2468
   13.4177   13.5953   13.7798   13.9712   14.1693
   14.3743   14.5862   14.8048   15.0295   15.2608

     0     1

 BARRIER
   11.1968   10.2082   10.1997   10.1868   10.1697
   10.1483   10.1227   10.0927   10.0585   10.0200
    9.9772    9.9301    9.8788    9.8232    9.7633
    9.6991    9.6306    9.5579    9.4809    9.3996
    9.3140    9.2242    9.1300    9.0316    8.9289
    8.8220    8.7107    8.5952    8.4754    8.3513
    8.2230    8.0903    7.9534    7.8232    7.6894

     0     1

 ROT OUTPUT  YRSMO,YRSMOF
    0.0000    0.0107    0.0321    0.0642    0.1070
    0.1605    0.2248    0.2997    0.3853    0.4816
    0.5886    0.7064    0.8348    0.9739    1.1238
    1.2843    1.4556    1.6375    1.8302    2.0335
    2.2476    2.4723    2.7078    2.9539    3.2108
    3.4784    3.7567    4.0456    4.3453    4.6557
    4.9768    5.3085    5.6510    5.9934    6.3458

     0     1

    9.2355    9.2424    9.2560    9.2765    9.3039
    9.3380    9.3790    9.4269    9.4815    9.5430
    9.6114    9.6865    9.7685    9.8574    9.9531
   10.0556   10.1649   10.2811   10.4041   10.5339
   10.6706   10.8141   10.9644   11.1216   11.2856
   11.4564   11.6341   11.8186   12.0099   12.2081
   12.4131   12.6249   12.8436   13.0682   13.2996

     0     1

 BARRIER
    9.2355    9.2317    9.2239    9.2123    9.1969
    9.1775    9.1543    9.1272    9.0962    9.0614
    9.0227    8.9802    8.9337    8.8834    8.8293
    8.7712    8.7093    8.6435    8.5739    8.5004
    8.4230    8.3417    8.2566    8.1676    8.0748
    7.9780    7.8774    7.7729    7.6646    7.5524
    7.4363    7.3164    7.1925    7.0748    6.9538

     0     1


 ROT OUTPUT  FORMAT:   1   0   0
 EJAY,EJAYF
    0.0000    0.9662    0.9886    1.0222    1.0671
    1.1231    1.1904    1.2688    1.3585    1.4593
    1.5714    1.6947    1.8292    1.9749    2.1318
    2.2999    2.4793    2.6698    2.8716    3.0845
    3.3087    3.5440    3.7906    4.0484    4.3174
    4.5976    4.8890    5.1916    5.5054    5.8305
    6.1667    6.5141    6.8714    7.2288    7.5971

     0     1

   11.1012   11.1081   11.1218   11.1425   11.1700
   11.2044   11.2457   11.2939   11.3489   11.4109
   11.4797   11.5554   11.6379   11.7274   11.8237
   11.9270   12.0371   12.1541   12.2779   12.4087
   12.5463   12.6908   12.8422   13.0005   13.1656
   13.3377   13.5166   13.7024   13.8951   14.0946
   14.3011   14.5144   14.7345   14.9608   15.1940

     0     1

 BARRIER
   11.1012   10.1419   10.1332   10.1202   10.1029
   10.0813   10.0554   10.0251    9.9905    9.9515
    9.9082    9.8607    9.8087    9.7525    9.6919
    9.6270    9.5578    9.4842    9.4064    9.3242
    9.2376    9.1468    9.0516    8.9521    8.8482
    8.7401    8.6276    8.5108    8.3896    8.2642
    8.1344    8.0002    7.8631    7.7320    7.5969

     0     1

 ROT OUTPUT  YRSMO,YRSMOF
    0.0000    0.0108    0.0324    0.0648    0.1080
    0.1619    0.2267    0.3023    0.3887    0.4858
    0.5938    0.7125    0.8421    0.9824    1.1336
    1.2955    1.4683    1.6518    1.8461    2.0513
    2.2672    2.4939    2.7314    2.9797    3.2388
    3.5087    3.7894    4.0809    4.3832    4.6963
    5.0202    5.3549    5.6990    6.0440    6.3994

     0     1

    9.1803    9.1872    9.2010    9.2216    9.2491
    9.2835    9.3248    9.3730    9.4281    9.4900
    9.5588    9.6345    9.7171    9.8065    9.9029
   10.0061   10.1162   10.2332   10.3570   10.4878
   10.6254   10.7699   10.9213   11.0796   11.2448
   11.4168   11.5957   11.7815   11.9742   12.1737
   12.3802   12.5935   12.8136   13.0399   13.2731

     0     1

 BARRIER
    9.1803    9.1764    9.1686    9.1568    9.1412
    9.1216    9.0981    9.0707    9.0394    9.0042
    8.9650    8.9220    8.8750    8.8241    8.7693
    8.7106    8.6479    8.5814    8.5109    8.4365
    8.3582    8.2760    8.1899    8.0999    8.0059
    7.9081    7.8063    7.7006    7.5910    7.4774
    7.3600    7.2387    7.1146    6.9960    6.8737

     0     1


 ROT OUTPUT  FORMAT:   1   0   0
 EJAY,EJAYF
    0.0000    0.5872    0.6095    0.6429    0.6875
    0.7433    0.8102    0.8882    0.9774    1.0778
    1.1893    1.3119    1.4457    1.5906    1.7467
    1.9140    2.0924    2.2819    2.4826    2.6945
    2.9175    3.1516    3.3969    3.6534    3.9209
    4.1997    4.4896    4.7906    5.1028    5.4262
    5.7607    6.1063    6.4599    6.8157    7.1822

     0     1

   10.3109   10.3178   10.3317   10.3524   10.3801
   10.4147   10.4563   10.5047   10.5601   10.6224
   10.6916   10.7678   10.8508   10.9408   11.0377
   11.1416   11.2523   11.3700   11.4946   11.6261
   11.7646   11.9099   12.0622   12.2214   12.3875
   12.5606   12.7406   12.9275   13.1213   13.3220
   13.5297   13.7443   13.9657   14.1935   14.4282

     0     1

 BARRIER
   10.3109    9.7307    9.7222    9.7095    9.6926
    9.6715    9.6461    9.6165    9.5827    9.5446
    9.5024    9.4559    9.4051    9.3502    9.2910
    9.2276    9.1599    9.0881    9.0120    8.9316
    8.8471    8.7583    8.6653    8.5681    8.4666
    8.3609    8.2510    8.1368    8.0185    7.8959
    7.7690    7.6380    7.5057    7.3778    7.2460

     0     1

 ROT OUTPUT  YRSMO,YRSMOF
    0.0000    0.0109    0.0327    0.0653    0.1089
    0.1634    0.2287    0.3049    0.3921    0.4901
    0.5990    0.7188    0.8495    0.9911    1.1435
    1.3069    1.4811    1.6663    1.8623    2.0692
    2.2871    2.5158    2.7554    3.0058    3.2672
    3.5395    3.8227    4.1167    4.4216    4.7375
    5.0642    5.4018    5.7473    6.0952    6.4537

     0     1

    9.1384    9.1453    9.1592    9.1800    9.2076
    9.2423    9.2838    9.3322    9.3876    9.4499
    9.5191    9.5953    9.6783    9.7683    9.8652
    9.9691   10.0798   10.1975   10.3221   10.4536
   10.5921   10.7374   10.8897   11.0489   11.2151
   11.3881   11.5681   11.7550   11.9488   12.1496
   12.3572   12.5718   12.7932   13.0210   13.2558

     0     1

 BARRIER
    9.1384    9.1344    9.1265    9.1146    9.0987
    9.0789    9.0551    9.0273    8.9955    8.9598
    8.9201    8.8765    8.8289    8.7773    8.7217
    8.6622    8.5987    8.5312    8.4598    8.3844
    8.3050    8.2217    8.1344    8.0431    7.9478
    7.8486    7.7454    7.6383    7.5272    7.4121
    7.2930    7.1700    7.0459    6.9258    6.8021

     0     1


 ROT OUTPUT  FORMAT:   1   0   0
 EJAY,EJAYF
    0.0000    0.5782    0.6007    0.6345    0.6795
    0.7358    0.8033    0.8821    0.9721    1.0734
    1.1859    1.3097    1.4448    1.5911    1.7487
    1.9175    2.0976    2.2889    2.4915    2.7053
    2.9304    3.1668    3.4144    3.6732    3.9433
    4.2247    4.5173    4.8212    5.1363    5.4627
    5.8003    6.1492    6.5043    6.8633    7.2332

     0     1

   10.2900   10.2969   10.3108   10.3317   10.3595
   10.3942   10.4359   10.4846   10.5402   10.6028
   10.6723   10.7488   10.8322   10.9226   11.0199
   11.1242   11.2354   11.3536   11.4787   11.6108
   11.7498   11.8958   12.0487   12.2086   12.3754
   12.5492   12.7300   12.9177   13.1123   13.3139
   13.5225   13.7380   13.9603   14.1893   14.4253

     0     1

 BARRIER
   10.2900    9.7187    9.7101    9.6972    9.6800
    9.6585    9.6327    9.6025    9.5681    9.5294
    9.4864    9.4390    9.3874    9.3314    9.2712
    9.2067    9.1378    9.0647    8.9872    8.9055
    8.8194    8.7290    8.6344    8.5354    8.4321
    8.3246    8.2127    8.0965    7.9760    7.8512
    7.7221    7.5887    7.4560    7.3260    7.1921

     0     1

 ROT OUTPUT  YRSMO,YRSMOF
    0.0000    0.0110    0.0330    0.0659    0.1099
    0.1648    0.2307    0.3076    0.3955    0.4944
    0.6043    0.7251    0.8570    0.9998    1.1536
    1.3184    1.4942    1.6810    1.8787    2.0875
    2.3072    2.5379    2.7796    3.0323    3.2960
    3.5707    3.8563    4.1530    4.4606    4.7792
    5.1088    5.4494    5.7962    6.1472    6.5087

     0     1

    9.1178    9.1248    9.1387    9.1595    9.1873
    9.2221    9.2638    9.3124    9.3681    9.4306
    9.5001    9.5766    9.6600    9.7504    9.8477
    9.9520   10.0632   10.1814   10.3065   10.4386
   10.5776   10.7236   10.8766   11.0364   11.2033
   11.3771   11.5578   11.7455   11.9402   12.1418
   12.3503   12.5658   12.7881   13.0171   13.2531

     0     1

 BARRIER
    9.1178    9.1138    9.1057    9.0936    9.0775
    9.0573    9.0331    9.0048    8.9725    8.9362
    8.8959    8.8515    8.8031    8.7506    8.6941
    8.6336    8.5690    8.5004    8.4278    8.3511
    8.2704    8.1857    8.0969    8.0041    7.9073
    7.8064    7.7015    7.5925    7.4795    7.3625
    7.2415    7.1164    6.9919    6.8700    6.7444

     0     1


 ROT OUTPUT  FORMAT:   1   0   0
 EJAY,EJAYF
    0.0000    0.5004    0.5230    0.5570    0.6023
    0.6589    0.7269    0.8062    0.8968    0.9987
    1.1120    1.2366    1.3725    1.5198    1.6784
    1.8483    2.0295    2.2221    2.4259    2.6411
    2.8677    3.1056    3.3547    3.6153    3.8871
    4.1703    4.4648    4.7706    5.0878    5.4162
    5.7561    6.1072    6.4627    6.8240    7.1962

     0     1

   10.1135   10.1205   10.1345   10.1554   10.1834
   10.2183   10.2602   10.3091   10.3649   10.4278
   10.4976   10.5744   10.6582   10.7490   10.8468
   10.9515   11.0633   11.1820   11.3077   11.4404
   11.5800   11.7267   11.8803   12.0409   12.2085
   12.3831   12.5647   12.7532   12.9488   13.1513
   13.3608   13.5773   13.8007   14.0310   14.2683

     0     1

 BARRIER
   10.1135    9.6202    9.6115    9.5984    9.5811
    9.5593    9.5333    9.5029    9.4681    9.4290
    9.3856    9.3378    9.2857    9.2292    9.1684
    9.1033    9.0338    8.9599    8.8818    8.7992
    8.7124    8.6211    8.5256    8.4257    8.3214
    8.2128    8.0999    7.9826    7.8610    7.7351
    7.6048    7.4701    7.3380    7.2070    7.0721

     0     1

 ROT OUTPUT  YRSMO,YRSMOF
    0.0000    0.0111    0.0333    0.0665    0.1108
    0.1663    0.2328    0.3104    0.3990    0.4988
    0.6096    0.7315    0.8646    1.0086    1.1638
    1.3301    1.5074    1.6959    1.8954    2.1060
    2.3277    2.5604    2.8043    3.0592    3.3252
    3.6023    3.8905    4.1898    4.5001    4.8216
    5.1541    5.4977    5.8458    6.1998    6.5645

     0     1

    9.0864    9.0933    9.1073    9.1283    9.1562
    9.1911    9.2330    9.2819    9.3378    9.4006
    9.4704    9.5473    9.6311    9.7219    9.8196
    9.9244   10.0361   10.1548   10.2805   10.4132
   10.5529   10.6995   10.8532   11.0138   11.1814
   11.3560   11.5375   11.7261   11.9216   12.1241
   12.3336   12.5501   12.7735   13.0038   13.2411

     0     1

 BARRIER
    9.0864    9.0823    9.0741    9.0618    9.0454
    9.0249    9.0002    8.9715    8.9387    8.9018
    8.8608    8.8157    8.7665    8.7132    8.6558
    8.5943    8.5287    8.4590    8.3851    8.3072
    8.2252    8.1391    8.0489    7.9546    7.8562
    7.7536    7.6470    7.5363    7.4215    7.3026
    7.1795    7.0524    6.9277    6.8041    6.6767

     0     1


 ROT OUTPUT  FORMAT:   1   0   0
 EJAY,EJAYF
    0.0000    2.0381    2.0615    2.0965    2.1432
    2.2016    2.2717    2.3534    2.4468    2.5519
    2.6687    2.7972    2.9373    3.0891    3.2526
    3.4278    3.6146    3.8132    4.0234    4.2453
    4.4788    4.7241    4.9810    5.2496    5.5298
    5.8218    6.1254    6.4407    6.7677    7.1064
    7.4567    7.8187    8.1924    8.5778    8.9660
    9.3552    9.7556   10.1672

     0     1

   12.8893   12.8956   12.9082   12.9270   12.9521
   12.9835   13.0212   13.0652   13.1154   13.1720
   13.2348   13.3039   13.3792   13.4609   13.5488
   13.6430   13.7435   13.8503   13.9634   14.0827
   14.2083   14.3402   14.4784   14.6229   14.7736
   14.9306   15.0939   15.2635   15.4394   15.6215
   15.8100   16.0047   16.2057   16.4129   16.6282
   16.8520   17.0821   17.3186

     0     1

 BARRIER
   12.8893   10.8575   10.8467   10.8305   10.8089
   10.7819   10.7496   10.7118   10.6686   10.6200
   10.5661   10.5067   10.4419   10.3718   10.2962
   10.2152   10.1289   10.0371    9.9400    9.8374
    9.7295    9.6162    9.4974    9.3733    9.2438
    9.1088    8.9685    8.8228    8.6717    8.5151
    8.3532    8.1859    8.0132    7.8351    7.6623
    7.4967    7.3265    7.1514

     0     1

 ROT OUTPUT  YRSMO,YRSMOF
    0.0000    0.0101    0.0302    0.0604    0.1006
    0.1509    0.2113    0.2817    0.3622    0.4528
    0.5534    0.6641    0.7848    0.9156    1.0565
    1.2074    1.3684    1.5395    1.7206    1.9118
    2.1130    2.3243    2.5456    2.7771    3.0186
    3.2701    3.5317    3.8034    4.0851    4.3769
    4.6788    4.9907    5.3127    5.6447    5.9811
    6.3208    6.6702    7.0293

     0     1

    7.6099    7.6162    7.6288    7.6476    7.6727
    7.7041    7.7418    7.7858    7.8360    7.8926
    7.9554    8.0245    8.0998    8.1815    8.2694
    8.3636    8.4641    8.5709    8.6840    8.8033
    8.9289    9.0608    9.1990    9.3435    9.4942
    9.6512    9.8145    9.9841   10.1600   10.3421
   10.5306   10.7253   10.9263   11.1335   11.3489
   11.5726   11.8027   12.0392

     0     1

 BARRIER
    7.6099    7.6061    7.5986    7.5872    7.5721
    7.5532    7.5305    7.5041    7.4738    7.4398
    7.4020    7.3604    7.3150    7.2659    7.2129
    7.1562    7.0957    7.0314    6.9634    6.8916
    6.8159    6.7365    6.6534    6.5664    6.4756
    6.3811    6.2828    6.1807    6.0749    5.9652
    5.8518    5.7346    5.6136    5.4888    5.3677
    5.2518    5.1325    5.0099

     0     1


 ROT OUTPUT  FORMAT:   1   0   0
 EJAY,EJAYF
    0.0000    1.6426    1.6656    1.7002    1.7462
    1.8038    1.8728    1.9534    2.0455    2.1491
    2.2642    2.3909    2.5290    2.6787    2.8398
    3.0125    3.1967    3.3924    3.5996    3.8183
    4.0485    4.2903    4.5435    4.8083    5.0846
    5.3724    5.6717    5.9825    6.3048    6.6387
    6.9840    7.3409    7.7092    8.0891    8.4692
    8.8535    9.2487    9.6549

     0     1

   11.9054   11.9117   11.9243   11.9433   11.9686
   12.0002   12.0381   12.0823   12.1328   12.1897
   12.2529   12.3223   12.3982   12.4803   12.5687
   12.6635   12.7646   12.8720   12.9857   13.1057
   13.2320   13.3647   13.5037   13.6490   13.8006
   13.9586   14.1228   14.2934   14.4703   14.6535
   14.8430   15.0388   15.2410   15.4495   15.6669
   15.8923   16.1242   16.3625

     0     1

 BARRIER
   11.9054   10.2691   10.2587   10.2431   10.2224
   10.1964   10.1652   10.1289   10.0873   10.0406
    9.9886    9.9315    9.8692    9.8016    9.7289
    9.6510    9.5679    9.4796    9.3861    9.2874
    9.1835    9.0744    8.9602    8.8407    8.7160
    8.5862    8.4511    8.3109    8.1654    8.0148
    7.8590    7.6980    7.5317    7.3603    7.1976
    7.0389    6.8755    6.7076

     0     1

 ROT OUTPUT  YRSMO,YRSMOF
    0.0000    0.0101    0.0304    0.0609    0.1015
    0.1522    0.2131    0.2841    0.3652    0.4566
    0.5580    0.6696    0.7914    0.9233    1.0653
    1.2175    1.3798    1.5523    1.7349    1.9277
    2.1306    2.3437    2.5669    2.8002    3.0437
    3.2974    3.5612    3.8351    4.1192    4.4134
    4.7178    5.0323    5.3569    5.6918    6.0291
    6.3716    6.7238    7.0859

     0     1

    7.5725    7.5788    7.5914    7.6104    7.6357
    7.6672    7.7051    7.7494    7.7999    7.8568
    7.9199    7.9894    8.0652    8.1474    8.2358
    8.3306    8.4316    8.5390    8.6528    8.7728
    8.8991    9.0318    9.1708    9.3161    9.4677
    9.6256    9.7899    9.9605   10.1373   10.3206
   10.5101   10.7059   10.9081   11.1165   11.3340
   11.5594   11.7913   12.0296

     0     1

 BARRIER
    7.5725    7.5687    7.5610    7.5495    7.5342
    7.5151    7.4921    7.4653    7.4347    7.4002
    7.3619    7.3198    7.2739    7.2241    7.1705
    7.1131    7.0518    6.9867    6.9178    6.8451
    6.7685    6.6881    6.6039    6.5159    6.4240
    6.3283    6.2287    6.1254    6.0182    5.9072
    5.7923    5.6736    5.5511    5.4248    5.3049
    5.1879    5.0675    4.9437

     0     1


 ROT OUTPUT  FORMAT:   1   0   0
 EJAY,EJAYF
    0.0000    1.5016    1.5247    1.5593    1.6055
    1.6632    1.7324    1.8132    1.9055    2.0094
    2.1248    2.2517    2.3902    2.5402    2.7018
    2.8749    3.0595    3.2557    3.4634    3.6827
    3.9135    4.1558    4.4097    4.6751    4.9521
    5.2406    5.5406    5.8522    6.1753    6.5100
    6.8562    7.2139    7.5832    7.9640    8.3423
    8.7275    9.1237    9.5310

     0     1

   11.5572   11.5636   11.5763   11.5954   11.6208
   11.6526   11.6907   11.7352   11.7861   11.8433
   11.9069   11.9768   12.0531   12.1358   12.2248
   12.3202   12.4219   12.5300   12.6444   12.7653
   12.8924   13.0259   13.1658   13.3121   13.4647
   13.6236   13.7889   13.9606   14.1386   14.3230
   14.5138   14.7109   14.9143   15.1241   15.3439
   15.5713   15.8051   16.0454

     0     1

 BARRIER
   11.5572   10.0619   10.0516   10.0360   10.0153
    9.9894    9.9583    9.9220    9.8806    9.8339
    9.7821    9.7251    9.6629    9.5956    9.5230
    9.4453    9.3624    9.2743    9.1810    9.0826
    8.9789    8.8701    8.7561    8.6369    8.5126
    8.3830    8.2483    8.1084    7.9633    7.8130
    7.6575    7.4969    7.3311    7.1601    7.0016
    6.8438    6.6814    6.5144

     0     1

 ROT OUTPUT  YRSMO,YRSMOF
    0.0000    0.0102    0.0307    0.0614    0.1023
    0.1535    0.2148    0.2865    0.3683    0.4604
    0.5627    0.6752    0.7980    0.9310    1.0742
    1.2277    1.3914    1.5653    1.7494    1.9438
    2.1484    2.3633    2.5884    2.8237    3.0692
    3.3250    3.5910    3.8672    4.1537    4.4504
    4.7573    5.0744    5.4018    5.7394    6.0777
    6.4230    6.7781    7.1432

     0     1

    7.5234    7.5297    7.5425    7.5615    7.5870
    7.6188    7.6569    7.7014    7.7523    7.8095
    7.8731    7.9430    8.0193    8.1020    8.1910
    8.2864    8.3881    8.4962    8.6106    8.7314
    8.8586    8.9921    9.1320    9.2782    9.4308
    9.5898    9.7551    9.9268   10.1048   10.2892
   10.4799   10.6770   10.8805   11.0903   11.3101
   11.5374   11.7713   12.0116

     0     1

 BARRIER
    7.5234    7.5195    7.5118    7.5001    7.4847
    7.4653    7.4421    7.4149    7.3840    7.3491
    7.3104    7.2678    7.2213    7.1710    7.1168
    7.0587    6.9967    6.9309    6.8612    6.7876
    6.7101    6.6288    6.5436    6.4546    6.3616
    6.2648    6.1641    6.0596    5.9511    5.8388
    5.7227    5.6026    5.4787    5.3509    5.2325
    5.1145    4.9931    4.8684

     0     1


 ROT OUTPUT  FORMAT:   1   0   0
 EJAY,EJAYF
    0.0000    1.1344    1.1571    1.1912    1.2366
    1.2934    1.3616    1.4411    1.5320    1.6342
    1.7478    1.8728    2.0091    2.1568    2.3159
    2.4863    2.6680    2.8612    3.0657    3.2815
    3.5087    3.7473    3.9972    4.2585    4.5312
    4.8152    5.1105    5.4173    5.7354    6.0648
    6.4056    6.7578    7.1214    7.4963    7.8665
    8.2463    8.6370    9.0386

     0     1

   10.5992   10.6056   10.6184   10.6376   10.6631
   10.6951   10.7334   10.7782   10.8293   10.8868
   10.9507   11.0210   11.0977   11.1808   11.2703
   11.3661   11.4684   11.5770   11.6921   11.8135
   11.9413   12.0756   12.2162   12.3632   12.5165
   12.6763   12.8425   13.0151   13.1940   13.3794
   13.5711   13.7692   13.9737   14.1846   14.4067
   14.6358   14.8713   15.1134

     0     1

 BARRIER
   10.5992    9.4712    9.4613    9.4464    9.4265
    9.4017    9.3718    9.3370    9.2973    9.2526
    9.2029    9.1482    9.0886    9.0240    8.9544
    8.8799    8.8004    8.7159    8.6264    8.5320
    8.4326    8.3283    8.2189    8.1046    7.9854
    7.8611    7.7319    7.5978    7.4586    7.3145
    7.1654    7.0114    6.8524    6.6884    6.5403
    6.3894    6.2343    6.0748

     0     1

 ROT OUTPUT  YRSMO,YRSMOF
    0.0000    0.0103    0.0310    0.0619    0.1032
    0.1548    0.2167    0.2889    0.3714    0.4643
    0.5674    0.6809    0.8047    0.9388    1.0833
    1.2380    1.4031    1.5785    1.7642    1.9602
    2.1665    2.3832    2.6101    2.8474    3.0950
    3.3530    3.6212    3.8997    4.1886    4.4878
    4.7973    5.1171    5.4473    5.7877    6.1268
    6.4750    6.8331    7.2012

     0     1

    7.4859    7.4923    7.5051    7.5242    7.5498
    7.5818    7.6201    7.6648    7.7160    7.7735
    7.8374    7.9077    7.9844    8.0675    8.1570
    8.2528    8.3551    8.4637    8.5788    8.7002
    8.8280    8.9622    9.1029    9.2498    9.4032
    9.5630    9.7292    9.9017   10.0807   10.2660
   10.4578   10.6559   10.8604   11.0713   11.2934
   11.5224   11.7580   12.0001

     0     1

 BARRIER
    7.4859    7.4820    7.4741    7.4623    7.4466
    7.4270    7.4035    7.3760    7.3446    7.3092
    7.2700    7.2268    7.1797    7.1287    7.0737
    7.0148    6.9520    6.8853    6.8146    6.7400
    6.6615    6.5791    6.4927    6.4024    6.3082
    6.2101    6.1080    6.0020    5.8921    5.7782
    5.6605    5.5388    5.4132    5.2836    5.1666
    5.0474    4.9249    4.7989

     0     1


 ROT OUTPUT  FORMAT:   1   0   0
 EJAY,EJAYF
    0.0000    1.0439    1.0667    1.1010    1.1467
    1.2038    1.2723    1.3523    1.4437    1.5465
    1.6607    1.7863    1.9234    2.0719    2.2318
    2.4031    2.5859    2.7800    2.9856    3.2027
    3.4311    3.6710    3.9223    4.1850    4.4591
    4.7446    5.0416    5.3500    5.6698    6.0011
    6.3437    6.6978    7.0633    7.4388    7.8098
    8.1916    8.5844    8.9881

     0     1

   10.3821   10.3886   10.4014   10.4207   10.4464
   10.4785   10.5170   10.5620   10.6134   10.6712
   10.7354   10.8061   10.8832   10.9667   11.0566
   11.1530   11.2557   11.3649   11.4806   11.6026
   11.7311   11.8660   12.0073   12.1550   12.3092
   12.4698   12.6368   12.8102   12.9901   13.1764
   13.3691   13.5682   13.7738   13.9862   14.2104
   14.4411   14.6784   14.9223

     0     1

 BARRIER
   10.3821    9.3447    9.3347    9.3197    9.2997
    9.2747    9.2447    9.2097    9.1697    9.1247
    9.0748    9.0198    8.9598    8.8948    8.8248
    8.7498    8.6699    8.5849    8.4949    8.4000
    8.3000    8.1950    8.0850    7.9701    7.8501
    7.7252    7.5952    7.4602    7.3203    7.1753
    7.0254    6.8704    6.7104    6.5474    6.4006
    6.2495    6.0940    5.9342

     0     1

 ROT OUTPUT  YRSMO,YRSMOF
    0.0000    0.0104    0.0312    0.0624    0.1040
    0.1561    0.2185    0.2913    0.3745    0.4682
    0.5722    0.6867    0.8115    0.9468    1.0924
    1.2485    1.4149    1.5918    1.7791    1.9768
    2.1848    2.4033    2.6322    2.8715    3.1212
    3.3813    3.6518    3.9327    4.2240    4.5257
    4.8379    5.1604    5.4933    5.8356    6.1766
    6.5277    6.8888    7.2600

     0     1

    7.4453    7.4517    7.4646    7.4838    7.5095
    7.5417    7.5802    7.6252    7.6765    7.7344
    7.7986    7.8693    7.9463    8.0298    8.1198
    8.2161    8.3189    8.4281    8.5437    8.6658
    8.7942    8.9291    9.0705    9.2182    9.3724
    9.5330    9.7000    9.8734   10.0533   10.2396
   10.4323   10.6314   10.8369   11.0494   11.2735
   11.5042   11.7415   11.9854

     0     1

 BARRIER
    7.4453    7.4413    7.4334    7.4214    7.4055
    7.3856    7.3617    7.3338    7.3020    7.2662
    7.2264    7.1826    7.1348    7.0831    7.0274
    6.9676    6.9040    6.8363    6.7646    6.6890
    6.6094    6.5258    6.4383    6.3467    6.2512
    6.1517    6.0482    5.9407    5.8293    5.7138
    5.5944    5.4710    5.3436    5.2138    5.0969
    4.9765    4.8527    4.7255

     0     1


 ROT OUTPUT  FORMAT:   1   0   0
 EJAY,EJAYF
    0.0000    0.7127    0.7352    0.7689    0.8138
    0.8700    0.9374    1.0160    1.1059    1.2070
    1.3193    1.4429    1.5777    1.7238    1.8811
    2.0496    2.2293    2.4203    2.6225    2.8360
    3.0607    3.2966    3.5437    3.8021    4.0717
    4.3526    4.6447    4.9480    5.2626    5.5884
    5.9254    6.2737    6.6332    7.0000    7.3656
    7.7420    8.1291    8.5270

     0     1

    9.4818    9.4883    9.5011    9.5205    9.5463
    9.5785    9.6172    9.6623    9.7138    9.7718
    9.8363    9.9072    9.9845   10.0683   10.1586
   10.2552   10.3584   10.4679   10.5839   10.7064
   10.8353   10.9707   11.1125   11.2607   11.4154
   11.5765   11.7441   11.9181   12.0986   12.2855
   12.4788   12.6786   12.8849   13.0991   13.3246
   13.5567   13.7955   14.0409

     0     1

 BARRIER
    9.4818    8.7756    8.7660    8.7516    8.7325
    8.7085    8.6798    8.6463    8.6079    8.5648
    8.5170    8.4643    8.4068    8.3445    8.2775
    8.2057    8.1290    8.0476    7.9614    7.8704
    7.7746    7.6741    7.5687    7.4586    7.3436
    7.2239    7.0994    6.9701    6.8360    6.6971
    6.5534    6.4050    6.2517    6.0990    5.9590
    5.8148    5.6664    5.5139

     0     1

 ROT OUTPUT  YRSMO,YRSMOF
    0.0000    0.0105    0.0315    0.0630    0.1049
    0.1574    0.2203    0.2938    0.3777    0.4722
    0.5771    0.6925    0.8184    0.9548    1.1017
    1.2591    1.4270    1.6053    1.7942    1.9935
    2.2034    2.4237    2.6546    2.8959    3.1477
    3.4100    3.6828    3.9661    4.2599    4.5642
    4.8789    5.2042    5.5400    5.8832    6.2271
    6.5811    6.9452    7.3195

     0     1

    7.4201    7.4265    7.4394    7.4587    7.4845
    7.5167    7.5554    7.6005    7.6521    7.7101
    7.7745    7.8454    7.9228    8.0066    8.0968
    8.1935    8.2966    8.4062    8.5222    8.6446
    8.7736    8.9089    9.0507    9.1989    9.3536
    9.5148    9.6823    9.8563   10.0368   10.2237
   10.4171   10.6169   10.8231   11.0373   11.2628
   11.4950   11.7337   11.9791

     0     1

 BARRIER
    7.4201    7.4160    7.4079    7.3958    7.3796
    7.3593    7.3351    7.3067    7.2744    7.2379
    7.1975    7.1529    7.1044    7.0518    6.9951
    6.9344    6.8696    6.8008    6.7280    6.6511
    6.5702    6.4852    6.3961    6.3030    6.2059
    6.1047    5.9995    5.8902    5.7769    5.6596
    5.5381    5.4127    5.2832    5.1542    5.0358
    4.9139    4.7885    4.6597

     0     1


 ROT OUTPUT  FORMAT:   1   0   0
 EJAY,EJAYF
    0.0000    0.6686    0.6912    0.7252    0.7705
    0.8272    0.8951    0.9744    1.0651    1.1670
    1.2803    1.4049    1.5408    1.6881    1.8467
    2.0166    2.1979    2.3905    2.5944    2.8096
    3.0362    3.2741    3.5233    3.7838    4.0557
    4.3389    4.6334    4.9393    5.2565    5.5850
    5.9249    6.2760    6.6385    7.0059    7.3744
    7.7537    8.1439    8.5450

     0     1

    9.3800    9.3865    9.3995    9.4189    9.4448
    9.4771    9.5159    9.5612    9.6130    9.6712
    9.7359    9.8071    9.8847    9.9689   10.0595
   10.1565   10.2600   10.3700   10.4865   10.6094
   10.7389   10.8747   11.0171   11.1659   11.3212
   11.4830   11.6512   11.8259   12.0071   12.1947
   12.3888   12.5894   12.7965   13.0128   13.2398
   13.4735   13.7139   13.9609

     0     1

 BARRIER
    9.3800    8.7179    8.7082    8.6937    8.6742
    8.6499    8.6208    8.5868    8.5479    8.5042
    8.4556    8.4022    8.3439    8.2808    8.2127
    8.1399    8.0622    7.9796    7.8921    7.7998
    7.7027    7.6007    7.4938    7.3821    7.2655
    7.1441    7.0178    6.8866    6.7506    6.6097
    6.4640    6.3134    6.1579    6.0069    5.8654
    5.7198    5.5699    5.4159

     0     1

 ROT OUTPUT  YRSMO,YRSMOF
    0.0000    0.0106    0.0317    0.0635    0.1058
    0.1587    0.2222    0.2963    0.3809    0.4762
    0.5820    0.6984    0.8254    0.9630    1.1111
    1.2698    1.4391    1.6190    1.8095    2.0106
    2.2222    2.4444    2.6772    2.9206    3.1746
    3.4391    3.7142    3.9999    4.2962    4.6031
    4.9206    5.2486    5.5872    5.9314    6.2781
    6.6351    7.0023    7.3797

     0     1

    7.3826    7.3891    7.4020    7.4215    7.4473
    7.4797    7.5185    7.5638    7.6156    7.6738
    7.7385    7.8097    7.8873    7.9715    8.0620
    8.1591    8.2626    8.3726    8.4891    8.6120
    8.7414    8.8773    9.0197    9.1685    9.3238
    9.4856    9.6538    9.8285   10.0097   10.1973
   10.3914   10.5920   10.7991   11.0154   11.2424
   11.4761   11.7165   11.9635

     0     1

 BARRIER
    7.3826    7.3785    7.3703    7.3580    7.3415
    7.3210    7.2963    7.2675    7.2346    7.1976
    7.1565    7.1113    7.0620    7.0085    6.9509
    6.8893    6.8235    6.7536    6.6796    6.6015
    6.5193    6.4329    6.3425    6.2479    6.1492
    6.0464    5.9396    5.8285    5.7134    5.5942
    5.4709    5.3434    5.2118    5.0840    4.9643
    4.8410    4.7142    4.5838

     0     1


 ROT OUTPUT  FORMAT:   1   0   0
 EJAY,EJAYF
    0.0000    2.0197    2.0425    2.0768    2.1225
    2.1796    2.2481    2.3281    2.4195    2.5223
    2.6365    2.7621    2.8992    3.0477    3.2076
    3.3789    3.5617    3.7558    3.9614    4.1785
    4.4069    4.6468    4.8981    5.1608    5.4349
    5.7204    6.0174    6.3258    6.6456    6.9769
    7.3195    7.6736    8.0391    8.4161    8.7923
    9.1750    9.5686    9.9732

     0     1

   12.7438   12.7502   12.7630   12.7822   12.8079
   12.8399   12.8783   12.9232   12.9745   13.0321
   13.0962   13.1667   13.2435   13.3268   13.4165
   13.5126   13.6152   13.7241   13.8394   13.9611
   14.0893   14.2238   14.3648   14.5121   14.6659
   14.8261   14.9927   15.1657   15.3451   15.5309
   15.7231   15.9217   16.1267   16.3382   16.5574
   16.7836   17.0163   17.2555

     0     1

 BARRIER
   12.7438   10.7305   10.7205   10.7054   10.6854
   10.6603   10.6302   10.5951   10.5550   10.5099
   10.4597   10.4045   10.3444   10.2792   10.2090
   10.1337   10.0535    9.9682    9.8780    9.7827
    9.6824    9.5771    9.4667    9.3514    9.2310
    9.1056    8.9753    8.8399    8.6994    8.5540
    8.4035    8.2481    8.0876    7.9221    7.7651
    7.6087    7.4477    7.2823

     0     1

 ROT OUTPUT  YRSMO,YRSMOF
    0.0000    0.0102    0.0305    0.0609    0.1015
    0.1523    0.2132    0.2843    0.3655    0.4569
    0.5584    0.6701    0.7920    0.9240    1.0661
    1.2184    1.3809    1.5535    1.7362    1.9292
    2.1322    2.3455    2.5688    2.8024    3.0460
    3.2999    3.5639    3.8380    4.1223    4.4168
    4.7214    5.0361    5.3610    5.6961    6.0326
    6.3757    6.7287    7.0914

     0     1

    8.0199    8.0263    8.0391    8.0583    8.0839
    8.1160    8.1544    8.1993    8.2505    8.3082
    8.3722    8.4427    8.5196    8.6029    8.6926
    8.7887    8.8912    9.0001    9.1155    9.2372
    9.3653    9.4999    9.6408    9.7882    9.9420
   10.1022   10.2687   10.4417   10.6211   10.8069
   10.9991   11.1978   11.4028   11.6142   11.8335
   12.0597   12.2924   12.5316

     0     1

 BARRIER
    8.0199    8.0161    8.0086    7.9974    7.9824
    7.9637    7.9412    7.9150    7.8850    7.8513
    7.8138    7.7726    7.7276    7.6789    7.6265
    7.5703    7.5103    7.4467    7.3792    7.3080
    7.2331    7.1544    7.0720    6.9858    6.8959
    6.8023    6.7049    6.6037    6.4988    6.3902
    6.2778    6.1616    6.0417    5.9181    5.8009
    5.6840    5.5637    5.4401

     0     1


 ROT OUTPUT  FORMAT:   1   0   0
 EJAY,EJAYF
    0.0000    1.7648    1.7876    1.8219    1.8676
    1.9247    1.9933    2.0733    2.1647    2.2675
    2.3818    2.5075    2.6446    2.7932    2.9531
    3.1245    3.3073    3.5016    3.7073    3.9244
    4.1529    4.3928    4.6442    4.9070    5.1813
    5.4669    5.7640    6.0725    6.3925    6.7238
    7.0666    7.4208    7.7865    8.1636    8.5375
    8.9204    9.3143    9.7191

     0     1

   12.2400   12.2464   12.2592   12.2785   12.3041
   12.3362   12.3747   12.4196   12.4709   12.5287
   12.5928   12.6634   12.7404   12.8238   12.9136
   13.0099   13.1125   13.2216   13.3371   13.4589
   13.5873   13.7220   13.8631   14.0107   14.1647
   14.3251   14.4919   14.6651   14.8447   15.0308
   15.2233   15.4221   15.6274   15.8392   16.0593
   16.2862   16.5196   16.7595

     0     1

 BARRIER
   12.2400   10.4816   10.4716   10.4566   10.4365
   10.4115   10.3814   10.3463   10.3062   10.2611
   10.2110   10.1559   10.0958   10.0306    9.9605
    9.8853    9.8052    9.7200    9.6298    9.5346
    9.4344    9.3291    9.2189    9.1037    8.9834
    8.8581    8.7278    8.5926    8.4523    8.3069
    8.1566    8.0013    7.8409    7.6756    7.5218
    7.3658    7.2053    7.0404

     0     1

 ROT OUTPUT  YRSMO,YRSMOF
    0.0000    0.0102    0.0307    0.0614    0.1024
    0.1536    0.2150    0.2867    0.3686    0.4608
    0.5632    0.6758    0.7987    0.9318    1.0751
    1.2287    1.3925    1.5666    1.7509    1.9455
    2.1503    2.3653    2.5905    2.8260    3.0718
    3.3278    3.5940    3.8705    4.1572    4.4541
    4.7613    5.0787    5.4064    5.7442    6.0818
    6.4277    6.7836    7.1493

     0     1

    8.0022    8.0086    8.0215    8.0407    8.0664
    8.0985    8.1370    8.1819    8.2332    8.2909
    8.3551    8.4257    8.5026    8.5860    8.6759
    8.7721    8.8748    8.9838    9.0993    9.2212
    9.3495    9.4842    9.6254    9.7729    9.9269
   10.0873   10.2541   10.4273   10.6070   10.7930
   10.9855   11.1844   11.3897   11.6014   11.8216
   12.0485   12.2819   12.5218

     0     1

 BARRIER
    8.0022    7.9984    7.9908    7.9793    7.9640
    7.9449    7.9219    7.8952    7.8646    7.8302
    7.7919    7.7499    7.7040    7.6543    7.6007
    7.5434    7.4822    7.4172    7.3484    7.2757
    7.1993    7.1190    7.0348    6.9469    6.8551
    6.7595    6.6601    6.5569    6.4498    6.3389
    6.2242    6.1057    5.9833    5.8572    5.7398
    5.6208    5.4983    5.3724

     0     1


 ROT OUTPUT  FORMAT:   1   0   0
 EJAY,EJAYF
    0.0000    1.4252    1.4479    1.4820    1.5274
    1.5841    1.6523    1.7317    1.8226    1.9247
    2.0383    2.1632    2.2994    2.4470    2.6060
    2.7763    2.9579    3.1509    3.3553    3.5710
    3.7981    4.0365    4.2863    4.5474    4.8199
    5.1037    5.3989    5.7055    6.0234    6.3526
    6.6932    7.0452    7.4085    7.7827    8.1525
    8.5333    8.9249    9.3274

     0     1

   11.4847   11.4912   11.5040   11.5233   11.5490
   11.5811   11.6197   11.6647   11.7161   11.7739
   11.8382   11.9089   11.9860   12.0696   12.1595
   12.2559   12.3587   12.4680   12.5837   12.7058
   12.8343   12.9693   13.1106   13.2585   13.4127
   13.5734   13.7404   13.9140   14.0939   14.2803
   14.4731   14.6723   14.8779   15.0901   15.3113
   15.5390   15.7732   16.0139

     0     1

 BARRIER
   11.4847   10.0660   10.0561   10.0413   10.0216
    9.9970    9.9674    9.9330    9.8935    9.8492
    9.7999    9.7457    9.6866    9.6225    9.5536
    9.4797    9.4008    9.3171    9.2284    9.1348
    9.0362    8.9328    8.8244    8.7111    8.5928
    8.4696    8.3415    8.2085    8.0705    7.9277
    7.7799    7.6271    7.4695    7.3074    7.1588
    7.0057    6.8483    6.6864

     0     1

 ROT OUTPUT  YRSMO,YRSMOF
    0.0000    0.0103    0.0310    0.0620    0.1033
    0.1549    0.2169    0.2891    0.3717    0.4647
    0.5679    0.6815    0.8054    0.9397    1.0843
    1.2392    1.4044    1.5799    1.7658    1.9620
    2.1685    2.3854    2.6125    2.8501    3.0979
    3.3560    3.6245    3.9033    4.1925    4.4919
    4.8017    5.1218    5.4523    5.7927    6.1315
    6.4804    6.8392    7.2080

     0     1

    7.9712    7.9776    7.9905    8.0097    8.0354
    8.0676    8.1061    8.1511    8.2025    8.2604
    8.3246    8.3953    8.4724    8.5560    8.6460
    8.7424    8.8452    8.9544    9.0701    9.1922
    9.3208    9.4557    9.5971    9.7449    9.8991
   10.0598   10.2269   10.4004   10.5804   10.7667
   10.9595   11.1587   11.3644   11.5765   11.7977
   12.0254   12.2596   12.5003

     0     1

 BARRIER
    7.9712    7.9673    7.9595    7.9478    7.9322
    7.9127    7.8893    7.8620    7.8308    7.7957
    7.7567    7.7138    7.6670    7.6163    7.5617
    7.5032    7.4408    7.3745    7.3043    7.2302
    7.1522    7.0703    6.9845    6.8949    6.8013
    6.7038    6.6024    6.4971    6.3879    6.2748
    6.1578    6.0369    5.9121    5.7839    5.6662
    5.5451    5.4204    5.2924

     0     1


 ROT OUTPUT  FORMAT:   1   0   0
 EJAY,EJAYF
    0.0000    1.1560    1.1786    1.2125    1.2578
    1.3143    1.3822    1.4613    1.5518    1.6536
    1.7667    1.8911    2.0268    2.1739    2.3322
    2.5019    2.6828    2.8751    3.0787    3.2936
    3.5197    3.7573    4.0061    4.2662    4.5376
    4.8204    5.1144    5.4198    5.7365    6.0645
    6.4038    6.7544    7.1163    7.4867    7.8553
    8.2348    8.6252    9.0264

     0     1

   10.8629   10.8694   10.8823   10.9016   10.9273
   10.9595   10.9981   11.0432   11.0947   11.1526
   11.2170   11.2878   11.3650   11.4487   11.5388
   11.6354   11.7383   11.8478   11.9636   12.0859
   12.2147   12.3498   12.4914   12.6395   12.7940
   12.9549   13.1223   13.2960   13.4763   13.6629
   13.8560   14.0556   14.2616   14.4745   14.6965
   14.9250   15.1600   15.4015

     0     1

 BARRIER
   10.8629    9.7134    9.7037    9.6890    9.6695
    9.6452    9.6159    9.5818    9.5428    9.4990
    9.4503    9.3966    9.3382    9.2748    9.2066
    9.1335    9.0555    8.9727    8.8850    8.7924
    8.6949    8.5926    8.4854    8.3733    8.2563
    8.1345    8.0078    7.8762    7.7398    7.5985
    7.4523    7.3012    7.1453    6.9879    6.8412
    6.6902    6.5348    6.3751

     0     1

 ROT OUTPUT  YRSMO,YRSMOF
    0.0000    0.0104    0.0312    0.0625    0.1041
    0.1562    0.2187    0.2916    0.3749    0.4686
    0.5728    0.6874    0.8123    0.9477    1.0935
    1.2497    1.4164    1.5934    1.7809    1.9787
    2.1870    2.4057    2.6348    2.8744    3.1243
    3.3847    3.6555    3.9366    4.2282    4.5303
    4.8427    5.1655    5.4988    5.8402    6.1819
    6.5337    6.8955    7.2674

     0     1

    7.9324    7.9388    7.9517    7.9710    7.9968
    8.0289    8.0676    8.1126    8.1641    8.2221
    8.2864    8.3572    8.4345    8.5181    8.6083
    8.7048    8.8078    8.9172    9.0331    9.1554
    9.2841    9.4193    9.5609    9.7089    9.8634
   10.0244   10.1917   10.3655   10.5457   10.7324
   10.9255   11.1250   11.3310   11.5440   11.7659
   11.9944   12.2294   12.4709

     0     1

 BARRIER
    7.9324    7.9284    7.9205    7.9085    7.8926
    7.8727    7.8489    7.8210    7.7892    7.7534
    7.7136    7.6699    7.6221    7.5704    7.5147
    7.4551    7.3914    7.3238    7.2522    7.1766
    7.0971    7.0136    6.9261    6.8346    6.7391
    6.6397    6.5363    6.4289    6.3175    6.2021
    6.0828    5.9595    5.8322    5.7038    5.5840
    5.4607    5.3339    5.2036

     0     1


 ROT OUTPUT  FORMAT:   1   0   0
 EJAY,EJAYF
    0.0000    0.8723    0.8948    0.9284    0.9733
    1.0295    1.0968    1.1754    1.2652    1.3662
    1.4785    1.6019    1.7367    1.8826    2.0397
    2.2081    2.3877    2.5785    2.7806    2.9939
    3.2184    3.4541    3.7011    3.9593    4.2287
    4.5093    4.8012    5.1042    5.4185    5.7441
    6.0808    6.4288    6.7880    7.1533    7.5196
    7.8966    8.2844    8.6829

     0     1

   10.1448   10.1513   10.1642   10.1836   10.2094
   10.2417   10.2804   10.3256   10.3773   10.4354
   10.4999   10.5710   10.6484   10.7324   10.8228
   10.9196   11.0229   11.1327   11.2489   11.3716
   11.5007   11.6363   11.7783   11.9268   12.0818
   12.2432   12.4111   12.5854   12.7662   12.9534
   13.1471   13.3473   13.5539   13.7681   13.9912
   14.2208   14.4569   14.6996

     0     1

 BARRIER
   10.1448    9.2790    9.2695    9.2551    9.2361
    9.2122    9.1836    9.1502    9.1121    9.0692
    9.0215    8.9690    8.9118    8.8498    8.7830
    8.7115    8.6352    8.5541    8.4683    8.3777
    8.2823    8.1822    8.0773    7.9676    7.8531
    7.7339    7.6099    7.4812    7.3476    7.2094
    7.0663    6.9185    6.7659    6.6148    6.4716
    6.3242    6.1725    6.0167

     0     1

 ROT OUTPUT  YRSMO,YRSMOF
    0.0000    0.0105    0.0315    0.0630    0.1050
    0.1576    0.2206    0.2941    0.3781    0.4727
    0.5777    0.6932    0.8193    0.9558    1.1029
    1.2604    1.4285    1.6070    1.7961    1.9957
    2.2058    2.4263    2.6574    2.8990    3.1511
    3.4137    3.6868    3.9704    4.2645    4.5691
    4.8842    5.2098    5.5459    5.8883    6.2329
    6.5876    6.9524    7.3274

     0     1

    7.8788    7.8852    7.8981    7.9175    7.9433
    7.9756    8.0144    8.0595    8.1112    8.1693
    8.2339    8.3049    8.3824    8.4663    8.5567
    8.6535    8.7569    8.8666    8.9828    9.1055
    9.2346    9.3702    9.5123    9.6608    9.8157
    9.9771   10.1450   10.3193   10.5001   10.6874
   10.8810   11.0812   11.2878   11.5020   11.7251
   11.9547   12.1908   12.4335

     0     1

 BARRIER
    7.8788    7.8747    7.8666    7.8545    7.8383
    7.8181    7.7938    7.7654    7.7331    7.6966
    7.6562    7.6117    7.5631    7.5105    7.4538
    7.3931    7.3284    7.2596    7.1867    7.1098
    7.0289    6.9439    6.8549    6.7618    6.6646
    6.5635    6.4582    6.3490    6.2357    6.1183
    5.9969    5.8714    5.7419    5.6137    5.4922
    5.3671    5.2384    5.1061

     0     1


 ROT OUTPUT  FORMAT:   1   0   0
 EJAY,EJAYF
    0.0000    0.7421    0.7646    0.7983    0.8433
    0.8995    0.9669    1.0456    1.1355    1.2366
    1.3490    1.4727    1.6075    1.7537    1.9110
    2.0796    2.2594    2.4505    2.6528    2.8663
    3.0911    3.3271    3.5744    3.8329    4.1026
    4.3836    4.6758    4.9793    5.2940    5.6199
    5.9571    6.3055    6.6652    7.0286    7.3954
    7.7730    8.1614    8.5606

     0     1

    9.8071    9.8136    9.8266    9.8461    9.8720
    9.9045    9.9435    9.9889   10.0408   10.0993
   10.1642   10.2356   10.3135   10.3979   10.4888
   10.5862   10.6901   10.8004   10.9173   11.0406
   11.1705   11.3068   11.4496   11.5990   11.7548
   11.9171   12.0859   12.2612   12.4429   12.6312
   12.8260   13.0272   13.2350   13.4512   13.6759
   13.9073   14.1452   14.3898

     0     1

 BARRIER
    9.8071    9.0715    9.0620    9.0478    9.0288
    9.0050    8.9765    8.9433    8.9053    8.8626
    8.8152    8.7629    8.7060    8.6443    8.5778
    8.5066    8.4306    8.3499    8.2645    8.1743
    8.0794    7.9797    7.8753    7.7661    7.6521
    7.5335    7.4101    7.2819    7.1490    7.0113
    6.8689    6.7217    6.5698    6.4225    6.2805
    6.1343    5.9838    5.8292

     0     1

 ROT OUTPUT  YRSMO,YRSMOF
    0.0000    0.0106    0.0318    0.0636    0.1059
    0.1589    0.2225    0.2966    0.3814    0.4767
    0.5826    0.6992    0.8263    0.9640    1.1123
    1.2712    1.4407    1.6208    1.8115    2.0127
    2.2246    2.4471    2.6801    2.9238    3.1780
    3.4428    3.7183    4.0043    4.3009    4.6081
    4.9259    5.2543    5.5933    5.9367    6.2842
    6.6419    7.0098    7.3879

     0     1

    7.8415    7.8480    7.8609    7.8804    7.9064
    7.9388    7.9778    8.0232    8.0752    8.1336
    8.1985    8.2699    8.3479    8.4322    8.5231
    8.6205    8.7244    8.8348    8.9516    9.0750
    9.2048    9.3412    9.4840    9.6333    9.7891
    9.9514   10.1202   10.2955   10.4773   10.6656
   10.8603   11.0616   11.2693   11.4855   11.7102
   11.9416   12.1795   12.4241

     0     1

 BARRIER
    7.8415    7.8374    7.8292    7.8169    7.8005
    7.7799    7.7553    7.7266    7.6938    7.6569
    7.6159    7.5708    7.5216    7.4683    7.4108
    7.3493    7.2837    7.2140    7.1402    7.0622
    6.9802    6.8941    6.8039    6.7095    6.6111
    6.5086    6.4020    6.2912    6.1764    6.0575
    5.9344    5.8073    5.6760    5.5488    5.4261
    5.2997    5.1698    5.0362

     0     1


 ROT OUTPUT  FORMAT:   1   0   0
 EJAY,EJAYF
    0.0000    2.2114    2.2341    2.2681    2.3136
    2.3704    2.4385    2.5180    2.6088    2.7111
    2.8246    2.9495    3.0858    3.2335    3.3925
    3.5628    3.7445    3.9376    4.1420    4.3578
    4.5849    4.8234    5.0733    5.3345    5.6070
    5.8909    6.1862    6.4929    6.8108    7.1402
    7.4809    7.8330    8.1964    8.5711    8.9421
    9.3239    9.7165   10.1202

     0     1

   13.2102   13.2168   13.2299   13.2495   13.2756
   13.3083   13.3476   13.3934   13.4457   13.5045
   13.5699   13.6419   13.7204   13.8054   13.8969
   13.9950   14.0997   14.2109   14.3286   14.4528
   14.5836   14.7210   14.8649   15.0153   15.1722
   15.3357   15.5058   15.6824   15.8655   16.0551
   16.2513   16.4541   16.6634   16.8792   17.1021
   17.3316   17.5676   17.8102

     0     1

 BARRIER
   13.2102   11.0054   10.9958   10.9813   10.9621
   10.9380   10.9091   10.8754   10.8368   10.7935
   10.7453   10.6923   10.6345   10.5719   10.5045
   10.4322   10.3552   10.2733   10.1866   10.0950
    9.9987    9.8976    9.7916    9.6808    9.5652
    9.4448    9.3196    9.1895    9.0546    8.9150
    8.7705    8.6211    8.4670    8.3080    8.1600
    8.0077    7.8511    7.6901

     0     1

 ROT OUTPUT  YRSMO,YRSMOF
    0.0000    0.0102    0.0307    0.0615    0.1024
    0.1537    0.2151    0.2868    0.3688    0.4610
    0.5634    0.6761    0.7991    0.9322    1.0757
    1.2293    1.3932    1.5674    1.7518    1.9465
    2.1513    2.3665    2.5919    2.8275    3.0733
    3.3295    3.5958    3.8724    4.1593    4.4563
    4.7637    5.0813    5.4091    5.7471    6.0839
    6.4305    6.7870    7.1535

     0     1

    8.4678    8.4743    8.4874    8.5070    8.5332
    8.5659    8.6051    8.6509    8.7032    8.7621
    8.8275    8.8994    8.9779    9.0629    9.1545
    9.2526    9.3572    9.4684    9.5861    9.7104
    9.8412    9.9785   10.1224   10.2728   10.4298
   10.5933   10.7633   10.9399   11.1230   11.3127
   11.5089   11.7116   11.9209   12.1367   12.3596
   12.5891   12.8251   13.0677

     0     1

 BARRIER
    8.4678    8.4640    8.4566    8.4455    8.4307
    8.4122    8.3900    8.3640    8.3344    8.3011
    8.2640    8.2233    8.1788    8.1306    8.0788
    8.0232    7.9639    7.9010    7.8343    7.7639
    7.6898    7.6120    7.5305    7.4453    7.3564
    7.2638    7.1675    7.0675    6.9637    6.8563
    6.7452    6.6303    6.5118    6.3896    6.2757
    6.1586    6.0381    5.9143

     0     1


 ROT OUTPUT  FORMAT:   1   0   0
 EJAY,EJAYF
    0.0000    1.7812    1.8038    1.8376    1.8827
    1.9390    2.0067    2.0856    2.1758    2.2773
    2.3900    2.5140    2.6493    2.7959    2.9537
    3.1228    3.3032    3.4948    3.6978    3.9120
    4.1375    4.3742    4.6222    4.8816    5.1521
    5.4340    5.7271    6.0315    6.3472    6.6741
    7.0123    7.3618    7.7226    8.0926    8.4609
    8.8402    9.2302    9.6312

     0     1

   12.3207   12.3273   12.3404   12.3601   12.3864
   12.4192   12.4586   12.5045   12.5571   12.6162
   12.6818   12.7541   12.8328   12.9182   13.0101
   13.1086   13.2137   13.3253   13.4435   13.5683
   13.6996   13.8375   13.9819   14.1329   14.2905
   14.4547   14.6254   14.8027   14.9865   15.1770
   15.3739   15.5775   15.7876   16.0044   16.2285
   16.4591   16.6964   16.9402

     0     1

 BARRIER
   12.3207   10.5461   10.5366   10.5225   10.5037
   10.4801   10.4519   10.4189   10.3813   10.3389
   10.2918   10.2400   10.1835   10.1223   10.0564
    9.9858    9.9105    9.8305    9.7457    9.6563
    9.5621    9.4632    9.3597    9.2514    9.1384
    9.0207    8.8983    8.7712    8.6394    8.5028
    8.3616    8.2157    8.0650    7.9119    7.7675
    7.6190    7.4661    7.3090

     0     1

 ROT OUTPUT  YRSMO,YRSMOF
    0.0000    0.0103    0.0310    0.0620    0.1033
    0.1550    0.2170    0.2893    0.3719    0.4649
    0.5682    0.6819    0.8059    0.9402    1.0848
    1.2398    1.4051    1.5807    1.7667    1.9630
    2.1696    2.3866    2.6139    2.8515    3.0995
    3.3578    3.6264    3.9053    4.1946    4.4942
    4.8042    5.1244    5.4551    5.7944    6.1338
    6.4833    6.8428    7.2123

     0     1

    8.4386    8.4452    8.4583    8.4780    8.5043
    8.5371    8.5765    8.6225    8.6750    8.7341
    8.7998    8.8720    8.9508    9.0362    9.1281
    9.2266    9.3316    9.4433    9.5614    9.6862
    9.8175    9.9554   10.0999   10.2509   10.4085
   10.5726   10.7434   10.9206   11.1045   11.2949
   11.4919   11.6954   11.9056   12.1224   12.3464
   12.5771   12.8143   13.0581

     0     1

 BARRIER
    8.4386    8.4349    8.4273    8.4160    8.4010
    8.3822    8.3596    8.3332    8.3031    8.2692
    8.2315    8.1901    8.1449    8.0960    8.0433
    7.9868    7.9265    7.8625    7.7948    7.7232
    7.6479    7.5688    7.4860    7.3994    7.3090
    7.2149    7.1170    7.0153    6.9099    6.8007
    6.6877    6.5710    6.4505    6.3280    6.2126
    6.0937    5.9715    5.8459

     0     1


 ROT OUTPUT  FORMAT:   1   0   0
 EJAY,EJAYF
    0.0000    1.6101    1.6327    1.6667    1.7120
    1.7685    1.8364    1.9157    2.0062    2.1080
    2.2212    2.3457    2.4815    2.6286    2.7870
    2.9568    3.1379    3.3302    3.5339    3.7490
    3.9753    4.2130    4.4619    4.7222    4.9938
    5.2767    5.5710    5.8765    6.1934    6.5216
    6.8611    7.2119    7.5740    7.9432    8.3130
    8.6936    9.0852    9.4876

     0     1

   11.9657   11.9723   11.9855   12.0053   12.0317
   12.0646   12.1042   12.1504   12.2031   12.2625
   12.3284   12.4010   12.4801   12.5659   12.6582
   12.7571   12.8626   12.9748   13.0935   13.2188
   13.3507   13.4892   13.6343   13.7859   13.9442
   14.1091   14.2806   14.4586   14.6433   14.8345
   15.0324   15.2368   15.4479   15.6658   15.8911
   16.1231   16.3616   16.6068

     0     1

 BARRIER
   11.9657   10.3622   10.3528   10.3386   10.3197
   10.2961   10.2678   10.2347   10.1970   10.1545
   10.1072   10.0553    9.9986    9.9373    9.8712
    9.8003    9.7248    9.6445    9.5595    9.4698
    9.3754    9.2762    9.1723    9.0637    8.9504
    8.8324    8.7096    8.5821    8.4499    8.3130
    8.1713    8.0249    7.8738    7.7226    7.5782
    7.4294    7.2764    7.1192

     0     1

 ROT OUTPUT  YRSMO,YRSMOF
    0.0000    0.0104    0.0313    0.0625    0.1042
    0.1563    0.2188    0.2918    0.3751    0.4689
    0.5731    0.6877    0.8127    0.9482    1.0941
    1.2504    1.4171    1.5942    1.7818    1.9798
    2.1882    2.4070    2.6362    2.8759    3.1259
    3.3864    3.6573    3.9387    4.2304    4.5326
    4.8452    5.1682    5.5016    5.8421    6.1844
    6.5368    6.8993    7.2719

     0     1

    8.3976    8.4042    8.4174    8.4372    8.4635
    8.4965    8.5361    8.5823    8.6350    8.6944
    8.7603    8.8329    8.9120    8.9977    9.0901
    9.1890    9.2945    9.4066    9.5253    9.6506
    9.7825    9.9210   10.0661   10.2178   10.3761
   10.5410   10.7124   10.8905   11.0752   11.2664
   11.4643   11.6687   11.8797   12.0977   12.3230
   12.5549   12.7935   13.0387

     0     1

 BARRIER
    8.3976    8.3938    8.3861    8.3746    8.3593
    8.3402    8.3173    8.2905    8.2599    8.2255
    8.1872    8.1452    8.0993    8.0495    7.9960
    7.9386    7.8774    7.8124    7.7436    7.6709
    7.5944    7.5141    7.4299    7.3419    7.2502
    7.1545    7.0551    6.9518    6.8447    6.7338
    6.6191    6.5005    6.3781    6.2556    6.1386
    6.0181    5.8942    5.7668

     0     1


 ROT OUTPUT  FORMAT:   1   0   0
 EJAY,EJAYF
    0.0000    1.1769    1.1993    1.2329    1.2777
    1.3337    1.4009    1.4793    1.5688    1.6696
    1.7816    1.9048    2.0392    2.1848    2.3416
    2.5096    2.6887    2.8791    3.0807    3.2935
    3.5175    3.7526    3.9990    4.2566    4.5254
    4.8053    5.0965    5.3989    5.7124    6.0372
    6.3732    6.7203    7.0787    7.4420    7.8082
    8.1853    8.5732    8.9718

     0     1

   10.9941   11.0007   11.0140   11.0338   11.0604
   11.0935   11.1332   11.1796   11.2326   11.2923
   11.3585   11.4314   11.5109   11.5970   11.6898
   11.7892   11.8952   12.0078   12.1271   12.2530
   12.3855   12.5247   12.6704   12.8228   12.9818
   13.1475   13.3198   13.4987   13.6842   13.8763
   14.0751   14.2805   14.4925   14.7118   14.9384
   15.1717   15.4117   15.6583

     0     1

 BARRIER
   10.9941    9.8238    9.8147    9.8010    9.7827
    9.7598    9.7324    9.7004    9.6638    9.6226
    9.5769    9.5266    9.4717    9.4123    9.3482
    9.2796    9.2065    9.1287    9.0464    8.9595
    8.8681    8.7720    8.6714    8.5662    8.4565
    8.3422    8.2233    8.0998    7.9718    7.8391
    7.7019    7.5602    7.4138    7.2698    7.1302
    6.9864    6.8385    6.6865

     0     1

 ROT OUTPUT  YRSMO,YRSMOF
    0.0000    0.0105    0.0315    0.0631    0.1051
    0.1576    0.2207    0.2943    0.3783    0.4729
    0.5780    0.6936    0.8197    0.9563    1.1035
    1.2611    1.4293    1.6079    1.7971    1.9968
    2.2069    2.4276    2.6588    2.9005    3.1528
    3.4155    3.6887    3.9725    4.2667    4.5715
    4.8868    5.2126    5.5489    5.8904    6.2356
    6.5910    6.9565    7.3323

     0     1

    8.3461    8.3527    8.3660    8.3859    8.4124
    8.4455    8.4853    8.5316    8.5847    8.6443
    8.7105    8.7834    8.8629    8.9491    9.0418
    9.1412    9.2472    9.3599    9.4791    9.6050
    9.7376    9.8767   10.0225   10.1749   10.3339
   10.4995   10.6718   10.8507   11.0362   11.2284
   11.4271   11.6326   11.8446   12.0638   12.2904
   12.5237   12.7637   13.0103

     0     1

 BARRIER
    8.3461    8.3422    8.3345    8.3228    8.3073
    8.2879    8.2646    8.2374    8.2063    8.1714
    8.1325    8.0898    8.0432    7.9927    7.9384
    7.8801    7.8180    7.7520    7.6821    7.6083
    7.5306    7.4491    7.3636    7.2743    7.1811
    7.0840    6.9831    6.8782    6.7695    6.6569
    6.5404    6.4200    6.2957    6.1734    6.0548
    5.9327    5.8071    5.6781

     0     1


 ROT OUTPUT  FORMAT:   1   0   0
 EJAY,EJAYF
    0.0000    0.9998    1.0222    1.0559    1.1008
    1.1569    1.2242    1.3027    1.3925    1.4934
    1.6056    1.7291    1.8637    2.0095    2.1666
    2.3349    2.5144    2.7051    2.9071    3.1203
    3.3446    3.5803    3.8271    4.0851    4.3544
    4.6349    4.9266    5.2295    5.5436    5.8690
    6.2056    6.5534    6.9124    7.2742    7.6412
    8.0191    8.4077    8.8071

     0     1

   10.5865   10.5932   10.6065   10.6265   10.6531
   10.6863   10.7263   10.7728   10.8261   10.8859
   10.9525   11.0257   11.1055   11.1920   11.2851
   11.3849   11.4914   11.6045   11.7242   11.8507
   11.9837   12.1234   12.2698   12.4228   12.5825
   12.7488   12.9218   13.1015   13.2878   13.4807
   13.6803   13.8865   14.0994   14.3200   14.5478
   14.7824   15.0236   15.2716

     0     1

 BARRIER
   10.5865    9.5934    9.5843    9.5706    9.5523
    9.5295    9.5021    9.4701    9.4336    9.3925
    9.3468    9.2966    9.2418    9.1824    9.1185
    9.0500    8.9770    8.8993    8.8172    8.7304
    8.6391    8.5432    8.4427    8.3377    8.2281
    8.1140    7.9952    7.8720    7.7441    7.6117
    7.4747    7.3332    7.1870    7.0457    6.9066
    6.7633    6.6160    6.4645

     0     1

 ROT OUTPUT  YRSMO,YRSMOF
    0.0000    0.0106    0.0318    0.0636    0.1060
    0.1590    0.2226    0.2968    0.3816    0.4770
    0.5830    0.6996    0.8268    0.9646    1.1130
    1.2720    1.4416    1.6218    1.8126    2.0140
    2.2260    2.4486    2.6818    2.9256    3.1800
    3.4450    3.7206    4.0067    4.3035    4.6109
    4.9289    5.2575    5.5967    5.9394    6.2875
    6.6459    7.0145    7.3934

     0     1

    8.2958    8.3024    8.3157    8.3357    8.3623
    8.3956    8.4355    8.4820    8.5353    8.5952
    8.6617    8.7349    8.8147    8.9012    8.9943
    9.0941    9.2006    9.3137    9.4335    9.5599
    9.6929    9.8327    9.9790   10.1320   10.2917
   10.4581   10.6310   10.8107   10.9970   11.1899
   11.3895   11.5958   11.8087   12.0292   12.2570
   12.4916   12.7329   12.9808

     0     1

 BARRIER
    8.2958    8.2918    8.2839    8.2721    8.2563
    8.2366    8.2129    8.1853    8.1537    8.1182
    8.0787    8.0353    7.9879    7.9366    7.8814
    7.8222    7.7590    7.6919    7.6209    7.5459
    7.4670    7.3841    7.2973    7.2065    7.1118
    7.0131    6.9105    6.8039    6.6934    6.5790
    6.4606    6.3382    6.2119    6.0898    5.9695
    5.8457    5.7183    5.5874

     0     1


 ROT OUTPUT  FORMAT:   1   0   0
 EJAY,EJAYF
    0.0000    0.7168    0.7391    0.7726    0.8173
    0.8731    0.9401    1.0183    1.1076    1.2081
    1.3197    1.4426    1.5766    1.7217    1.8781
    2.0456    2.2242    2.4140    2.6150    2.8272
    3.0505    3.2850    3.5307    3.7875    4.0555
    4.3347    4.6250    4.9265    5.2391    5.5629
    5.8979    6.2441    6.6014    6.9596    7.3251
    7.7014    8.0884    8.4862

     0     1

    9.9559    9.9625    9.9759    9.9959   10.0225
   10.0558   10.0958   10.1424   10.1957   10.2557
   10.3223   10.3956   10.4756   10.5622   10.6554
   10.7554   10.8620   10.9752   11.0952   11.2218
   11.3550   11.4949   11.6415   11.7947   11.9546
   12.1212   12.2944   12.4743   12.6608   12.8541
   13.0539   13.2605   13.4737   13.6950   13.9236
   14.1589   14.4009   14.6496

     0     1

 BARRIER
    9.9559    9.2458    9.2368    9.2233    9.2052
    9.1827    9.1557    9.1242    9.0881    9.0476
    9.0026    8.9530    8.8990    8.8404    8.7774
    8.7098    8.6378    8.5612    8.4801    8.3946
    8.3045    8.2099    8.1108    8.0072    7.8991
    7.7865    7.6694    7.5478    7.4217    7.2911
    7.1560    7.0164    6.8723    6.7355    6.5985
    6.4575    6.3125    6.1634

     0     1

 ROT OUTPUT  YRSMO,YRSMOF
    0.0000    0.0107    0.0321    0.0642    0.1069
    0.1604    0.2245    0.2994    0.3849    0.4811
    0.5880    0.7057    0.8340    0.9730    1.1226
    1.2830    1.4541    1.6358    1.8283    2.0314
    2.2453    2.4698    2.7050    2.9509    3.2075
    3.4748    3.7528    4.0415    4.3409    4.6509
    4.9717    5.3031    5.6452    5.9890    6.3401
    6.7015    7.0732    7.4553

     0     1

    8.2756    8.2823    8.2956    8.3156    8.3422
    8.3755    8.4155    8.4622    8.5155    8.5754
    8.6420    8.7153    8.7953    8.8819    8.9752
    9.0751    9.1817    9.2950    9.4149    9.5415
    9.6747    9.8146    9.9612   10.1144   10.2743
   10.4409   10.6141   10.7940   10.9806   11.1738
   11.3737   11.5802   11.7934   12.0147   12.2433
   12.4786   12.7206   12.9693

     0     1

 BARRIER
    8.2756    8.2716    8.2635    8.2514    8.2353
    8.2152    8.1910    8.1628    8.1306    8.0943
    8.0540    8.0097    7.9613    7.9089    7.8525
    7.7921    7.7276    7.6591    7.5866    7.5100
    7.4295    7.3448    7.2562    7.1635    7.0668
    6.9661    6.8613    6.7525    6.6397    6.5229
    6.4020    6.2771    6.1481    6.0258    5.9032
    5.7771    5.6473    5.5140

     0     1


 ROT OUTPUT  FORMAT:   1   0   0
 EJAY,EJAYF
    0.0000    0.6188    0.6412    0.6749    0.7198
    0.7759    0.8433    0.9218    1.0116    1.1127
    1.2249    1.3484    1.4831    1.6290    1.7862
    1.9545    2.1341    2.3249    2.5270    2.7403
    2.9647    3.2005    3.4474    3.7056    3.9750
    4.2556    4.5474    4.8505    5.1648    5.4903
    5.8271    6.1750    6.5342    6.8921    7.2595
    7.6378    8.0268    8.4267

     0     1

    9.7357    9.7423    9.7557    9.7757    9.8024
    9.8357    9.8758    9.9225    9.9758   10.0359
   10.1026   10.1760   10.2561   10.3428   10.4362
   10.5363   10.6430   10.7564   10.8765   11.0033
   11.1367   11.2768   11.4236   11.5770   11.7371
   11.9039   12.0774   12.2575   12.4443   12.6378
   12.8380   13.0448   13.2583   13.4806   13.7099
   13.9459   14.1887   14.4382

     0     1

 BARRIER
    9.7357    9.1236    9.1145    9.1008    9.0826
    9.0598    9.0325    9.0006    8.9642    8.9232
    8.8777    8.8276    8.7730    8.7138    8.6500
    8.5817    8.5089    8.4315    8.3495    8.2630
    8.1720    8.0763    7.9762    7.8715    7.7622
    7.6483    7.5300    7.4070    7.2795    7.1475
    7.0109    6.8698    6.7241    6.5885    6.4504
    6.3081    6.1619    6.0115

     0     1

 ROT OUTPUT  YRSMO,YRSMOF
    0.0000    0.0108    0.0324    0.0647    0.1078
    0.1618    0.2265    0.3020    0.3883    0.4853
    0.5932    0.7118    0.8412    0.9814    1.1324
    1.2942    1.4667    1.6501    1.8442    2.0491
    2.2648    2.4913    2.7286    2.9766    3.2355
    3.5051    3.7855    4.0767    4.3787    4.6914
    5.0150    5.3493    5.6944    6.0392    6.3933
    6.7578    7.1327    7.5181

     0     1

    8.2464    8.2531    8.2664    8.2864    8.3131
    8.3465    8.3865    8.4332    8.4866    8.5466
    8.6133    8.6867    8.7668    8.8535    8.9469
    9.0470    9.1537    9.2671    9.3872    9.5140
    9.6474    9.7875    9.9343   10.0877   10.2479
   10.4147   10.5881   10.7682   10.9551   11.1485
   11.3487   11.5555   11.7690   11.9913   12.2206
   12.4566   12.6994   12.9489

     0     1

 BARRIER
    8.2464    8.2423    8.2340    8.2217    8.2052
    8.1847    8.1600    8.1312    8.0983    8.0613
    8.0202    7.9749    7.9255    7.8721    7.8145
    7.7528    7.6870    7.6170    7.5430    7.4649
    7.3826    7.2962    7.2057    7.1111    7.0124
    6.9096    6.8026    6.6915    6.5764    6.4571
    6.3337    6.2062    6.0746    5.9521    5.8273
    5.6988    5.5666    5.4308

     0     1


 ROT OUTPUT  FORMAT:   1   0   0
 EJAY,EJAYF
    0.0000    0.3705    0.3928    0.4263    0.4709
    0.5267    0.5937    0.6718    0.7611    0.8615
    0.9732    1.0959    1.2298    1.3749    1.5312
    1.6986    1.8771    2.0668    2.2677    2.4798
    2.7030    2.9373    3.1829    3.4395    3.7074
    3.9864    4.2766    4.5779    4.8904    5.2140
    5.5488    5.8948    6.2511    6.6059    6.9715
    7.3479    7.7350    8.1329

     0     1

    9.1146    9.1213    9.1346    9.1547    9.1814
    9.2148    9.2549    9.3017    9.3551    9.4152
    9.4821    9.5555    9.6357    9.7226    9.8161
    9.9163   10.0232   10.1368   10.2571   10.3840
   10.5176   10.6579   10.8049   10.9586   11.1189
   11.2860   11.4597   11.6401   11.8272   12.0209
   12.2213   12.4285   12.6424   12.8657   13.0958
   13.3326   13.5761   13.8265

     0     1

 BARRIER
    9.1146    8.7508    8.7418    8.7284    8.7105
    8.6881    8.6612    8.6298    8.5940    8.5537
    8.5089    8.4596    8.4059    8.3477    8.2850
    8.2178    8.1461    8.0700    7.9893    7.9042
    7.8147    7.7206    7.6221    7.5191    7.4116
    7.2996    7.1831    7.0622    6.9368    6.8069
    6.6725    6.5337    6.3913    6.2598    6.1242
    5.9847    5.8411    5.6936

     0     1

 ROT OUTPUT  YRSMO,YRSMOF
    0.0000    0.0109    0.0326    0.0653    0.1088
    0.1632    0.2285    0.3046    0.3917    0.4896
    0.5984    0.7180    0.8486    0.9900    1.1423
    1.3055    1.4796    1.6645    1.8604    2.0671
    2.2847    2.5131    2.7525    3.0027    3.2638
    3.5358    3.8187    4.1124    4.4170    4.7325
    5.0589    5.3962    5.7436    6.0902    6.4473
    6.8149    7.1930    7.5817

     0     1

    8.2064    8.2131    8.2264    8.2465    8.2732
    8.3066    8.3467    8.3935    8.4469    8.5070
    8.5739    8.6473    8.7275    8.8144    8.9079
    9.0081    9.1150    9.2286    9.3489    9.4758
    9.6094    9.7497    9.8967   10.0504   10.2107
   10.3778   10.5515   10.7319   10.9190   11.1127
   11.3131   11.5203   11.7342   11.9575   12.1876
   12.4244   12.6679   12.9183

     0     1

 BARRIER
    8.2064    8.2022    8.1938    8.1812    8.1644
    8.1434    8.1182    8.0888    8.0553    8.0175
    7.9755    7.9293    7.8789    7.8244    7.7656
    7.7026    7.6354    7.5641    7.4885    7.4087
    7.3248    7.2366    7.1443    7.0477    6.9469
    6.8420    6.7328    6.6195    6.5019    6.3802
    6.2542    6.1241    5.9906    5.8674    5.7403
    5.6095    5.4749    5.3366

     0     1


 ROT OUTPUT  FORMAT:   1   0   0
 EJAY,EJAYF
    0.0000    2.0404    2.0628    2.0964    2.1412
    2.1972    2.2644    2.3428    2.4324    2.5332
    2.6452    2.7684    2.9028    3.0484    3.2052
    3.3732    3.5524    3.7429    3.9445    4.1573
    4.3813    4.6165    4.8629    5.1205    5.3893
    5.6694    5.9606    6.2630    6.5766    6.9014
    7.2374    7.5846    7.9431    8.3091    8.6761
    9.0539    9.4424    9.8418

     0     1

   13.0106   13.0172   13.0305   13.0504   13.0770
   13.1102   13.1500   13.1965   13.2496   13.3093
   13.3757   13.4487   13.5284   13.6147   13.7077
   13.8072   13.9135   14.0263   14.1458   14.2720
   14.4047   14.5441   14.6902   14.8429   15.0022
   15.1682   15.3408   15.5201   15.7059   15.8985
   16.0976   16.3034   16.5159   16.7348   16.9600
   17.1919   17.4303   17.6754

     0     1

 BARRIER
   13.0106   10.9768   10.9677   10.9540   10.9358
   10.9130   10.8856   10.8537   10.8172   10.7761
   10.7305   10.6803   10.6256   10.5663   10.5024
   10.4340   10.3610   10.2835   10.2014   10.1147
   10.0234    9.9276    9.8273    9.7224    9.6129
    9.4988    9.3802    9.2571    9.1293    8.9971
    8.8602    8.7188    8.5728    8.4257    8.2839
    8.1380    7.9879    7.8336

     0     1

 ROT OUTPUT  YRSMO,YRSMOF
    0.0000    0.0103    0.0310    0.0620    0.1034
    0.1551    0.2171    0.2894    0.3721    0.4652
    0.5685    0.6822    0.8063    0.9406    1.0854
    1.2404    1.4058    1.5815    1.7676    1.9640
    2.1707    2.3878    2.6152    2.8529    3.1010
    3.3594    3.6282    3.9073    4.1967    4.4965
    4.8066    5.1270    5.4578    5.7960    6.1361
    6.4862    6.8464    7.2165

     0     1

    8.9018    8.9084    8.9217    8.9416    8.9682
    9.0014    9.0412    9.0877    9.1408    9.2005
    9.2669    9.3399    9.4196    9.5059    9.5989
    9.6984    9.8047    9.9175   10.0370   10.1632
   10.2959   10.4354   10.5814   10.7341   10.8934
   11.0594   11.2320   11.4113   11.5971   11.7897
   11.9888   12.1946   12.4071   12.6260   12.8512
   13.0831   13.3215   13.5666

     0     1

 BARRIER
    8.9018    8.8981    8.8907    8.8796    8.8648
    8.8463    8.8241    8.7982    8.7687    8.7354
    8.6984    8.6577    8.6134    8.5653    8.5135
    8.4580    8.3989    8.3360    8.2695    8.1992
    8.1252    8.0476    7.9662    7.8812    7.7924
    7.7000    7.6038    7.5040    7.4005    7.2932
    7.1823    7.0677    6.9493    6.8301    6.7151
    6.5969    6.4752    6.3501

     0     1


 ROT OUTPUT  FORMAT:   1   0   0
 EJAY,EJAYF
    0.0000    1.7140    1.7364    1.7699    1.8147
    1.8706    1.9376    2.0159    2.1053    2.2059
    2.3177    2.4407    2.5749    2.7202    2.8767
    3.0444    3.2233    3.4133    3.6146    3.8270
    4.0506    4.2854    4.5313    4.7884    5.0567
    5.3362    5.6269    5.9288    6.2418    6.5660
    6.9014    7.2479    7.6057    7.9691    8.3355
    8.7127    9.1006    9.4994

     0     1

   12.3504   12.3571   12.3704   12.3905   12.4172
   12.4506   12.4906   12.5374   12.5908   12.6509
   12.7177   12.7911   12.8713   12.9581   13.0516
   13.1517   13.2586   13.3721   13.4923   13.6192
   13.7527   13.8930   14.0399   14.1935   14.3537
   14.5207   14.6943   14.8746   15.0616   15.2552
   15.4556   15.6626   15.8763   16.0965   16.3232
   16.5566   16.7966   17.0433

     0     1

 BARRIER
   12.3504   10.6430   10.6340   10.6205   10.6025
   10.5800   10.5530   10.5215   10.4855   10.4450
   10.3999   10.3504   10.2964   10.2379   10.1749
   10.1073   10.0353    9.9588    9.8777    9.7922
    9.7022    9.6076    9.5086    9.4050    9.2970
    9.1844    9.0674    8.9458    8.8198    8.6892
    8.5542    8.4146    8.2706    8.1274    7.9877
    7.8439    7.6960    7.5439

     0     1

 ROT OUTPUT  YRSMO,YRSMOF
    0.0000    0.0104    0.0313    0.0626    0.1043
    0.1564    0.2189    0.2919    0.3753    0.4691
    0.5734    0.6881    0.8132    0.9487    1.0946
    1.2510    1.4178    1.5950    1.7827    1.9808
    2.1893    2.4082    2.6375    2.8773    3.1275
    3.3881    3.6592    3.9407    4.2326    4.5349
    4.8476    5.1708    5.5044    5.8439    6.1868
    6.5399    6.9030    7.2763

     0     1

    8.8628    8.8695    8.8828    8.9029    8.9296
    8.9630    9.0030    9.0498    9.1032    9.1633
    9.2301    9.3035    9.3837    9.4705    9.5640
    9.6641    9.7710    9.8845   10.0047   10.1316
   10.2651   10.4054   10.5523   10.7059   10.8661
   11.0331   11.2067   11.3870   11.5740   11.7676
   11.9680   12.1750   12.3887   12.6089   12.8356
   13.0690   13.3090   13.5557

     0     1

 BARRIER
    8.8628    8.8590    8.8515    8.8403    8.8253
    8.8066    8.7841    8.7579    8.7279    8.6942
    8.6567    8.6155    8.5705    8.5218    8.4693
    8.4131    8.3532    8.2895    8.2220    8.1508
    8.0759    7.9972    7.9147    7.8286    7.7386
    7.6449    7.5475    7.4463    7.3414    7.2327
    7.1203    7.0042    6.8842    6.7650    6.6488
    6.5291    6.4060    6.2794

     0     1


 ROT OUTPUT  FORMAT:   1   0   0
 EJAY,EJAYF
    0.0000    1.3977    1.4200    1.4535    1.4981
    1.5539    1.6208    1.6989    1.7882    1.8886
    2.0002    2.1229    2.2568    2.4018    2.5580
    2.7253    2.9038    3.0935    3.2943    3.5063
    3.7294    3.9637    4.2091    4.4657    4.7335
    5.0124    5.3025    5.6037    5.9161    6.2396
    6.5743    6.9202    7.2772    7.6380    8.0037
    8.3802    8.7675    9.1656

     0     1

   11.7064   11.7131   11.7265   11.7467   11.7735
   11.8071   11.8474   11.8944   11.9481   12.0085
   12.0756   12.1494   12.2300   12.3173   12.4112
   12.5119   12.6193   12.7335   12.8543   12.9818
   13.1161   13.2570   13.4047   13.5591   13.7202
   13.8881   14.0626   14.2438   14.4318   14.6265
   14.8278   15.0359   15.2507   15.4722   15.7003
   15.9351   16.1766   16.4248

     0     1

 BARRIER
   11.7064   10.3154   10.3065   10.2932   10.2754
   10.2532   10.2265   10.1954   10.1599   10.1199
   10.0754   10.0266    9.9732    9.9155    9.8533
    9.7866    9.7155    9.6400    9.5600    9.4755
    9.3867    9.2933    9.1956    9.0934    8.9867
    8.8756    8.7601    8.6401    8.5157    8.3868
    8.2535    8.1158    7.9736    7.8342    7.6966
    7.5548    7.4091    7.2592

     0     1

 ROT OUTPUT  YRSMO,YRSMOF
    0.0000    0.0105    0.0315    0.0631    0.1051
    0.1577    0.2208    0.2944    0.3785    0.4732
    0.5783    0.6940    0.8201    0.9568    1.1040
    1.2617    1.4300    1.6087    1.7980    1.9978
    2.2081    2.4289    2.6602    2.9020    3.1544
    3.4172    3.6906    3.9745    4.2689    4.5738
    4.8893    5.2152    5.5517    5.8923    6.2382
    6.5942    6.9605    7.3369

     0     1

    8.8290    8.8357    8.8491    8.8692    8.8961
    8.9297    8.9699    9.0169    9.0706    9.1310
    9.1982    9.2720    9.3526    9.4398    9.5338
    9.6345    9.7419    9.8560    9.9769   10.1044
   10.2386   10.3796   10.5273   10.6817   10.8428
   11.0106   11.1852   11.3664   11.5544   11.7490
   11.9504   12.1585   12.3733   12.5948   12.8228
   13.0576   13.2991   13.5474

     0     1

 BARRIER
    8.8290    8.8252    8.8176    8.8062    8.7909
    8.7719    8.7491    8.7225    8.6921    8.6579
    8.6199    8.5780    8.5324    8.4830    8.4298
    8.3728    8.3119    8.2473    8.1789    8.1066
    8.0306    7.9508    7.8671    7.7797    7.6884
    7.5934    7.4945    7.3919    7.2854    7.1752
    7.0611    6.9433    6.8216    6.7024    6.5847
    6.4634    6.3387    6.2105

     0     1


 ROT OUTPUT  FORMAT:   1   0   0
 EJAY,EJAYF
    0.0000    1.0762    1.0985    1.1318    1.1763
    1.2319    1.2987    1.3765    1.4655    1.5656
    1.6768    1.7992    1.9326    2.0772    2.2330
    2.3998    2.5778    2.7668    2.9670    3.1784
    3.4008    3.6344    3.8791    4.1349    4.4018
    4.6799    4.9691    5.2694    5.5808    5.9034
    6.2370    6.5818    6.9378    7.2956    7.6604
    8.0359    8.4221    8.8192

     0     1

   11.0426   11.0494   11.0629   11.0831   11.1101
   11.1438   11.1842   11.2315   11.2854   11.3461
   11.4135   11.4877   11.5687   11.6563   11.7508
   11.8519   11.9598   12.0745   12.1959   12.3240
   12.4589   12.6005   12.7489   12.9040   13.0659
   13.2345   13.4098   13.5919   13.7807   13.9763
   14.1786   14.3877   14.6035   14.8261   15.0555
   15.2916   15.5345   15.7841

     0     1

 BARRIER
   11.0426    9.9732    9.9644    9.9513    9.9337
    9.9119    9.8856    9.8549    9.8199    9.7805
    9.7367    9.6886    9.6360    9.5791    9.5178
    9.4521    9.3821    9.3076    9.2288    9.1456
    9.0581    8.9661    8.8698    8.7691    8.6640
    8.5546    8.4407    8.3225    8.1999    8.0729
    7.9416    7.8058    7.6657    7.5305    7.3951
    7.2557    7.1123    6.9649

     0     1

 ROT OUTPUT  YRSMO,YRSMOF
    0.0000    0.0106    0.0318    0.0636    0.1061
    0.1591    0.2227    0.2969    0.3818    0.4772
    0.5833    0.7000    0.8272    0.9651    1.1136
    1.2726    1.4423    1.6226    1.8135    2.0150
    2.2271    2.4498    2.6831    2.9271    3.1816
    3.4467    3.7225    4.0088    4.3058    4.6133
    4.9315    5.2602    5.5996    5.9415    6.2902
    6.6493    7.0186    7.3982

     0     1

    8.7990    8.8057    8.8192    8.8395    8.8664
    8.9001    8.9406    8.9878    9.0418    9.1025
    9.1699    9.2441    9.3250    9.4127    9.5071
    9.6083    9.7162    9.8308    9.9522   10.0804
   10.2152   10.3569   10.5052   10.6604   10.8222
   10.9908   11.1662   11.3483   11.5371   11.7327
   11.9350   12.1441   12.3599   12.5825   12.8118
   13.0480   13.2908   13.5404

     0     1

 BARRIER
    8.7990    8.7951    8.7874    8.7758    8.7604
    8.7411    8.7179    8.6909    8.6600    8.6252
    8.5866    8.5441    8.4978    8.4476    8.3936
    8.3356    8.2739    8.2082    8.1387    8.0654
    7.9881    7.9070    7.8221    7.7333    7.6406
    7.5441    7.4437    7.3394    7.2313    7.1194
    7.0035    6.8838    6.7603    6.6410    6.5216
    6.3987    6.2722    6.1422

     0     1


 ROT OUTPUT  FORMAT:   1   0   0
 EJAY,EJAYF
    0.0000    0.9082    0.9305    0.9640    1.0086
    1.0644    1.1313    1.2094    1.2986    1.3990
    1.5105    1.6332    1.7671    1.9121    2.0682
    2.2355    2.4140    2.6036    2.8044    3.0163
    3.2394    3.4736    3.7190    3.9755    4.2432
    4.5221    4.8121    5.1132    5.4255    5.7490
    6.0836    6.4294    6.7863    7.1432    7.5091
    7.8857    8.2731    8.6712

     0     1

   10.6710   10.6778   10.6914   10.7117   10.7388
   10.7727   10.8134   10.8609   10.9151   10.9761
   11.0439   11.1185   11.1999   11.2880   11.3829
   11.4846   11.5931   11.7083   11.8304   11.9592
   12.0948   12.2372   12.3863   12.5423   12.7050
   12.8745   13.0508   13.2338   13.4236   13.6203
   13.8237   14.0338   14.2508   14.4748   14.7056
   14.9432   15.1876   15.4388

     0     1

 BARRIER
   10.6710    9.7696    9.7608    9.7477    9.7302
    9.7084    9.6821    9.6515    9.6165    9.5771
    9.5334    9.4853    9.4328    9.3759    9.3147
    9.2491    9.1791    9.1047    9.0260    8.9429
    8.8554    8.7636    8.6673    8.5667    8.4618
    8.3524    8.2387    8.1206    7.9981    7.8713
    7.7401    7.6045    7.4645    7.3315    7.1965
    7.0575    6.9145    6.7675

     0     1

 ROT OUTPUT  YRSMO,YRSMOF
    0.0000    0.0107    0.0321    0.0642    0.1070
    0.1605    0.2246    0.2995    0.3851    0.4814
    0.5884    0.7060    0.8344    0.9735    1.1232
    1.2837    1.4548    1.6367    1.8292    2.0325
    2.2464    2.4711    2.7064    2.9525    3.2092
    3.4766    3.7548    4.0436    4.3431    4.6533
    4.9742    5.3059    5.6482    5.9912    6.3430
    6.7051    7.0775    7.4604

     0     1

    8.7538    8.7606    8.7741    8.7945    8.8216
    8.8555    8.8962    8.9436    8.9979    9.0589
    9.1267    9.2013    9.2826    9.3708    9.4657
    9.5674    9.6759    9.7911    9.9132   10.0420
   10.1776   10.3199   10.4691   10.6250   10.7878
   10.9572   11.1335   11.3166   11.5064   11.7030
   11.9064   12.1166   12.3336   12.5575   12.7884
   13.0260   13.2704   13.5215

     0     1

 BARRIER
    8.7538    8.7499    8.7420    8.7303    8.7146
    8.6950    8.6715    8.6441    8.6128    8.5775
    8.5383    8.4952    8.4482    8.3973    8.3425
    8.2837    8.2210    8.1544    8.0839    8.0095
    7.9311    7.8489    7.7627    7.6726    7.5786
    7.4806    7.3788    7.2730    7.1633    7.0497
    6.9322    6.8107    6.6854    6.5663    6.4454
    6.3209    6.1928    6.0612

     0     1


 ROT OUTPUT  FORMAT:   1   0   0
 EJAY,EJAYF
    0.0000    0.5996    0.6218    0.6551    0.6995
    0.7551    0.8217    0.8994    0.9883    1.0882
    1.1993    1.3215    1.4548    1.5991    1.7546
    1.9212    2.0989    2.2877    2.4877    2.6987
    2.9208    3.1541    3.3984    3.6538    3.9204
    4.1981    4.4868    4.7867    5.0977    5.4198
    5.7530    6.0973    6.4526    6.8063    7.1708
    7.5461    7.9320    8.3287

     0     1

   10.0017   10.0085   10.0221   10.0426   10.0698
   10.1038   10.1447   10.1923   10.2468   10.3081
   10.3761   10.4510   10.5327   10.6212   10.7165
   10.8186   10.9275   11.0432   11.1658   11.2951
   11.4313   11.5742   11.7240   11.8805   12.0439
   12.2141   12.3911   12.5749   12.7655   12.9629
   13.1671   13.3781   13.5960   13.8212   14.0532
   14.2920   14.5377   14.7902

     0     1

 BARRIER
   10.0017    9.4090    9.4004    9.3875    9.3703
    9.3488    9.3230    9.2929    9.2585    9.2198
    9.1768    9.1295    9.0779    9.0220    8.9619
    8.8974    8.8286    8.7555    8.6781    8.5964
    8.5104    8.4202    8.3256    8.2267    8.1235
    8.0160    7.9042    7.7882    7.6678    7.5431
    7.4141    7.2809    7.1434    7.0148    6.8824
    6.7460    6.6057    6.4615

     0     1

 ROT OUTPUT  YRSMO,YRSMOF
    0.0000    0.0108    0.0324    0.0647    0.1079
    0.1619    0.2266    0.3021    0.3885    0.4856
    0.5935    0.7122    0.8417    0.9819    1.1330
    1.2949    1.4675    1.6510    1.8452    2.0502
    2.2660    2.4926    2.7300    2.9782    3.2372
    3.5069    3.7875    4.0788    4.3810    4.6939
    5.0176    5.3521    5.6973    6.0416    6.3964
    6.7616    7.1372    7.5233

     0     1

    8.7215    8.7284    8.7420    8.7624    8.7896
    8.8237    8.8645    8.9121    8.9666    9.0279
    9.0959    9.1708    9.2525    9.3410    9.4363
    9.5384    9.6473    9.7631    9.8856   10.0149
   10.1511   10.2940   10.4438   10.6004   10.7637
   10.9339   11.1109   11.2947   11.4853   11.6827
   11.8869   12.0980   12.3158   12.5410   12.7730
   13.0118   13.2575   13.5100

     0     1

 BARRIER
    8.7215    8.7176    8.7096    8.6976    8.6817
    8.6618    8.6379    8.6100    8.5781    8.5423
    8.5025    8.4586    8.4108    8.3591    8.3033
    8.2436    8.1798    8.1121    8.0404    7.9647
    7.8851    7.8014    7.7138    7.6222    7.5266
    7.4270    7.3234    7.2159    7.1043    6.9888
    6.8693    6.7458    6.6185    6.4993    6.3766
    6.2503    6.1203    5.9867

     0     1


 ROT OUTPUT  FORMAT:   1   0   0
 EJAY,EJAYF
    0.0000    0.4069    0.4292    0.4625    0.5069
    0.5625    0.6291    0.7069    0.7958    0.8958
    1.0069    1.1291    1.2624    1.4068    1.5623
    1.7290    1.9067    2.0956    2.2956    2.5067
    2.7288    2.9621    3.2066    3.4621    3.7287
    4.0064    4.2953    4.5952    4.9063    5.2285
    5.5618    5.9062    6.2597    6.6137    6.9783
    7.3538    7.7400    8.1369

     0     1

    9.5561    9.5629    9.5766    9.5971    9.6245
    9.6587    9.6997    9.7475    9.8022    9.8638
    9.9321   10.0073   10.0894   10.1782   10.2739
   10.3765   10.4859   10.6021   10.7252   10.8551
   10.9918   11.1353   11.2858   11.4430   11.6071
   11.7780   11.9557   12.1403   12.3317   12.5300
   12.7351   12.9470   13.1659   13.3924   13.6256
   13.8658   14.1128   14.3667

     0     1

 BARRIER
    9.5561    9.1560    9.1475    9.1346    9.1175
    9.0962    9.0705    9.0406    9.0064    8.9680
    8.9253    8.8783    8.8270    8.7714    8.7116
    8.6475    8.5791    8.5065    8.4296    8.3484
    8.2629    8.1732    8.0792    7.9809    7.8784
    7.7715    7.6604    7.5451    7.4254    7.3015
    7.1733    7.0408    6.9062    6.7787    6.6473
    6.5120    6.3728    6.2298

     0     1

 ROT OUTPUT  YRSMO,YRSMOF
    0.0000    0.0109    0.0327    0.0653    0.1089
    0.1633    0.2286    0.3048    0.3919    0.4898
    0.5987    0.7184    0.8490    0.9905    1.1429
    1.3062    1.4804    1.6654    1.8614    2.0682
    2.2859    2.5145    2.7539    3.0043    3.2655
    3.5377    3.8207    4.1146    4.4194    4.7350
    5.0616    5.3990    5.7455    6.0927    6.4505
    6.8189    7.1977    7.5871

     0     1

    8.6792    8.6860    8.6997    8.7202    8.7475
    8.7817    8.8227    8.8706    8.9253    8.9868
    9.0552    9.1304    9.2124    9.3013    9.3970
    9.4995    9.6089    9.7251    9.8482    9.9781
   10.1148   10.2584   10.4088   10.5660   10.7301
   10.9010   11.0788   11.2634   11.4548   11.6530
   11.8581   12.0701   12.2890   12.5154   12.7487
   12.9888   13.2358   13.4897

     0     1

 BARRIER
    8.6792    8.6751    8.6670    8.6549    8.6387
    8.6184    8.5941    8.5658    8.5334    8.4970
    8.4565    8.4119    8.3634    8.3107    8.2541
    8.1933    8.1285    8.0597    7.9868    7.9099
    7.8289    7.7439    7.6549    7.5617    7.4646
    7.3634    7.2581    7.1488    7.0354    6.9180
    6.7966    6.6710    6.5435    6.4227    6.2982
    6.1700    6.0381    5.9026

     0     1


 ROT OUTPUT  FORMAT:   1   0   0
 EJAY,EJAYF
    0.0000    2.0029    2.0253    2.0588    2.1035
    2.1593    2.2264    2.3046    2.3939    2.4945
    2.6062    2.7291    2.8631    3.0084    3.1648
    3.3323    3.5111    3.7010    3.9021    4.1143
    4.3377    4.5723    4.8181    5.0750    5.3432
    5.6224    5.9129    6.2145    6.5273    6.8513
    7.1864    7.5327    7.8902    8.2522    8.6190
    8.9967    9.3851    9.7844

     0     1

   13.1824   13.1891   13.2025   13.2226   13.2495
   13.2830   13.3233   13.3703   13.4239   13.4843
   13.5514   13.6253   13.7058   13.7930   13.8869
   13.9876   14.0950   14.2090   14.3298   14.4573
   14.5915   14.7324   14.8800   15.0344   15.1954
   15.3632   15.5376   15.7188   15.9067   16.1013
   16.3026   16.5106   16.7253   16.9460   17.1728
   17.4062   17.6463   17.8931

     0     1

 BARRIER
   13.1824   11.1862   11.1772   11.1638   11.1460
   11.1237   11.0969   11.0657   11.0300   10.9899
   10.9452   10.8962   10.8426   10.7846   10.7222
   10.6553   10.5839   10.5081   10.4278   10.3430
   10.2538   10.1601   10.0619    9.9593    9.8523
    9.7407    9.6247    9.5043    9.3794    9.2500
    9.1162    8.9779    8.8351    8.6939    8.5538
    8.4096    8.2612    8.1087

     0     1

 ROT OUTPUT  YRSMO,YRSMOF
    0.0000    0.0104    0.0313    0.0626    0.1043
    0.1565    0.2190    0.2920    0.3755    0.4694
    0.5737    0.6884    0.8135    0.9491    1.0952
    1.2516    1.4185    1.5958    1.7835    1.9817
    2.1903    2.4094    2.6388    2.8787    3.1290
    3.3898    3.6610    3.9426    4.2346    4.5371
    4.8500    5.1733    5.5071    5.8456    6.1892
    6.5428    6.9067    7.2806

     0     1

    9.3314    9.3381    9.3515    9.3717    9.3985
    9.4321    9.4723    9.5193    9.5730    9.6334
    9.7005    9.7743    9.8548    9.9420   10.0360
   10.1366   10.2440   10.3581   10.4788   10.6063
   10.7405   10.8814   11.0291   11.1834   11.3444
   11.5122   11.6867   11.8678   12.0557   12.2503
   12.4516   12.6596   12.8744   13.0951   13.3218
   13.5553   13.7954   14.0421

     0     1

 BARRIER
    9.3314    9.3277    9.3202    9.3091    9.2942
    9.2756    9.2533    9.2272    9.1975    9.1640
    9.1268    9.0859    9.0412    8.9929    8.9408
    8.8850    8.8255    8.7622    8.6953    8.6246
    8.5502    8.4721    8.3902    8.3047    8.2154
    8.1224    8.0257    7.9252    7.8211    7.7132
    7.6016    7.4863    7.3673    7.2495    7.1327
    7.0124    6.8887    6.7615

     0     1


 ROT OUTPUT  FORMAT:   1   0   0
 EJAY,EJAYF
    0.0000    1.5388    1.5610    1.5944    1.6388
    1.6944    1.7610    1.8388    1.9277    2.0277
    2.1388    2.2610    2.3943    2.5387    2.6942
    2.8609    3.0387    3.2275    3.4275    3.6386
    3.8608    4.0941    4.3385    4.5940    4.8607
    5.1384    5.4273    5.7272    6.0383    6.3605
    6.6938    7.0382    7.3937    7.7520    8.1169
    8.4927    8.8792    9.2764

     0     1

   12.2955   12.3022   12.3157   12.3360   12.3630
   12.3967   12.4372   12.4844   12.5384   12.5992
   12.6666   12.7409   12.8218   12.9096   13.0040
   13.1052   13.2132   13.3279   13.4494   13.5776
   13.7125   13.8543   14.0027   14.1579   14.3199
   14.4885   14.6640   14.8462   15.0351   15.2308
   15.4332   15.6424   15.8584   16.0802   16.3084
   16.5433   16.7849   17.0332

     0     1

 BARRIER
   12.2955   10.7634   10.7547   10.7416   10.7242
   10.7024   10.6762   10.6457   10.6108   10.5715
   10.5279   10.4799   10.4276   10.3708   10.3098
   10.2443   10.1746   10.1004   10.0219    9.9390
    9.8518    9.7602    9.6642    9.5639    9.4592
    9.3501    9.2367    9.1189    8.9968    8.8703
    8.7394    8.6042    8.4646    8.3283    8.1915
    8.0506    7.9058    7.7569

     0     1

 ROT OUTPUT  YRSMO,YRSMOF
    0.0000    0.0105    0.0316    0.0631    0.1052
    0.1578    0.2209    0.2946    0.3787    0.4734
    0.5786    0.6943    0.8205    0.9573    1.1046
    1.2624    1.4307    1.6095    1.7989    1.9988
    2.2091    2.4301    2.6615    2.9035    3.1559
    3.4189    3.6924    3.9765    4.2710    4.5761
    4.8917    5.2178    5.5544    5.8942    6.2407
    6.5974    6.9643    7.3413

     0     1

    9.3110    9.3178    9.3313    9.3515    9.3785
    9.4122    9.4527    9.5000    9.5540    9.6147
    9.6822    9.7564    9.8374    9.9251   10.0196
   10.1208   10.2287   10.3435   10.4649   10.5931
   10.7281   10.8698   11.0182   11.1734   11.3354
   11.5041   11.6795   11.8617   12.0507   12.2463
   12.4488   12.6580   12.8739   13.0958   13.3239
   13.5588   13.8005   14.0488

     0     1

 BARRIER
    9.3110    9.3073    9.2997    9.2884    9.2733
    9.2545    9.2318    9.2054    9.1752    9.1413
    9.1036    9.0621    9.0168    8.9678    8.9150
    8.8584    8.7981    8.7339    8.6660    8.5944
    8.5189    8.4397    8.3567    8.2700    8.1795
    8.0852    7.9871    7.8852    7.7796    7.6703
    7.5571    7.4402    7.3195    7.2015    7.0833
    6.9615    6.8362    6.7074

     0     1


 ROT OUTPUT  FORMAT:   1   0   0
 EJAY,EJAYF
    0.0000    1.4319    1.4543    1.4878    1.5326
    1.5885    1.6555    1.7338    1.8232    1.9239
    2.0357    2.1586    2.2928    2.4381    2.5947
    2.7624    2.9412    3.1313    3.3325    3.5450
    3.7686    4.0033    4.2493    4.5064    4.7748
    5.0543    5.3449    5.6468    5.9599    6.2841
    6.6195    6.9661    7.3238    7.6825    8.0497
    8.4278    8.8167    9.2164

     0     1

   12.0819   12.0887   12.1023   12.1226   12.1498
   12.1837   12.2245   12.2720   12.3263   12.3874
   12.4553   12.5300   12.6115   12.6997   12.7948
   12.8966   13.0052   13.1206   13.2428   13.3718
   13.5076   13.6502   13.7995   13.9557   14.1186
   14.2884   14.4649   14.6482   14.8383   15.0352
   15.2388   15.4493   15.6666   15.8897   16.1195
   16.3560   16.5992   16.8492

     0     1

 BARRIER
   12.0819   10.6568   10.6480   10.6348   10.6172
   10.5953   10.5689   10.5382   10.5031   10.4636
   10.4196   10.3713   10.3187   10.2616   10.2001
   10.1342   10.0640    9.9893    9.9103    9.8269
    9.7391    9.6468    9.5502    9.4493    9.3439
    9.2341    9.1199    9.0014    8.8784    8.7511
    8.6194    8.4833    8.3427    8.2073    8.0697
    7.9282    7.7825    7.6329

     0     1

 ROT OUTPUT  YRSMO,YRSMOF
    0.0000    0.0106    0.0318    0.0637    0.1061
    0.1592    0.2228    0.2971    0.3820    0.4775
    0.5836    0.7003    0.8276    0.9656    1.1141
    1.2733    1.4430    1.6234    1.8144    2.0160
    2.2282    2.4511    2.6845    2.9285    3.1832
    3.4484    3.7243    4.0108    4.3079    4.6156
    4.9339    5.2629    5.6024    5.9435    6.2929
    6.6526    7.0226    7.4029

     0     1

    9.2785    9.2853    9.2989    9.3193    9.3464
    9.3804    9.4211    9.4686    9.5229    9.5840
    9.6519    9.7266    9.8081    9.8963    9.9914
   10.0932   10.2019   10.3173   10.4395   10.5685
   10.7042   10.8468   10.9962   11.1523   11.3153
   11.4850   11.6615   11.8448   12.0349   12.2318
   12.4355   12.6459   12.8632   13.0864   13.3161
   13.5526   13.7958   14.0459

     0     1

 BARRIER
    9.2785    9.2747    9.2671    9.2556    9.2403
    9.2212    9.1983    9.1715    9.1410    9.1066
    9.0683    9.0263    8.9805    8.9308    8.8773
    8.8200    8.7588    8.6938    8.6251    8.5525
    8.4760    8.3958    8.3117    8.2238    8.1321
    8.0366    7.9372    7.8340    7.7270    7.6162
    7.5015    7.3831    7.2608    7.1429    7.0232
    6.9000    6.7732    6.6430

     0     1


 ROT OUTPUT  FORMAT:   1   0   0
 EJAY,EJAYF
    0.0000    0.9954    1.0176    1.0510    1.0954
    1.1510    1.2176    1.2954    1.3843    1.4843
    1.5954    1.7177    1.8510    1.9955    2.1511
    2.3177    2.4955    2.6844    2.8844    3.0956
    3.3178    3.5512    3.7956    4.0512    4.3179
    4.5957    4.8846    5.1846    5.4958    5.8180
    6.1514    6.4959    6.8514    7.2063    7.5715
    7.9474    8.3341    8.7316

     0     1

   11.1968   11.2036   11.2173   11.2378   11.2651
   11.2993   11.3403   11.3881   11.4428   11.5043
   11.5726   11.6478   11.7298   11.8186   11.9143
   12.0168   12.1261   12.2423   12.3653   12.4952
   12.6318   12.7753   12.9257   13.0828   13.2468
   13.4177   13.5953   13.7798   13.9712   14.1693
   14.3743   14.5862   14.8048   15.0295   15.2608
   15.4990   15.7440   15.9959

     0     1

 BARRIER
   11.1968   10.2082   10.1997   10.1868   10.1697
   10.1483   10.1227   10.0927   10.0585   10.0200
    9.9772    9.9301    9.8788    9.8232    9.7633
    9.6991    9.6306    9.5579    9.4809    9.3996
    9.3140    9.2242    9.1300    9.0316    8.9289
    8.8220    8.7107    8.5952    8.4754    8.3513
    8.2230    8.0903    7.9534    7.8232    7.6894
    7.5516    7.4099    7.2643

     0     1

 ROT OUTPUT  YRSMO,YRSMOF
    0.0000    0.0107    0.0321    0.0642    0.1070
    0.1605    0.2248    0.2997    0.3853    0.4816
    0.5886    0.7064    0.8348    0.9739    1.1238
    1.2843    1.4556    1.6375    1.8302    2.0335
    2.2476    2.4723    2.7078    2.9539    3.2108
    3.4784    3.7567    4.0456    4.3453    4.6557
    4.9768    5.3085    5.6510    5.9934    6.3458
    6.7086    7.0817    7.4652

     0     1

    9.2355    9.2424    9.2560    9.2765    9.3039
    9.3380    9.3790    9.4269    9.4815    9.5430
    9.6114    9.6865    9.7685    9.8574    9.9531
   10.0556   10.1649   10.2811   10.4041   10.5339
   10.6706   10.8141   10.9644   11.1216   11.2856
   11.4564   11.6341   11.8186   12.0099   12.2081
   12.4131   12.6249   12.8436   13.0682   13.2996
   13.5378   13.7828   14.0346

     0     1

 BARRIER
    9.2355    9.2317    9.2239    9.2123    9.1969
    9.1775    9.1543    9.1272    9.0962    9.0614
    9.0227    8.9802    8.9337    8.8834    8.8293
    8.7712    8.7093    8.6435    8.5739    8.5004
    8.4230    8.3417    8.2566    8.1676    8.0748
    7.9780    7.8774    7.7729    7.6646    7.5524
    7.4363    7.3164    7.1925    7.0748    6.9538
    6.8292    6.7011    6.5693

     0     1


 ROT OUTPUT  FORMAT:   1   0   0
 EJAY,EJAYF
    0.0000    0.9662    0.9886    1.0222    1.0671
    1.1231    1.1904    1.2688    1.3585    1.4593
    1.5714    1.6947    1.8292    1.9749    2.1318
    2.2999    2.4793    2.6698    2.8716    3.0845
    3.3087    3.5440    3.7906    4.0484    4.3174
    4.5976    4.8890    5.1916    5.5054    5.8305
    6.1667    6.5141    6.8714    7.2288    7.5971
    7.9762    8.3661    8.7670

     0     1

   11.1012   11.1081   11.1218   11.1425   11.1700
   11.2044   11.2457   11.2939   11.3489   11.4109
   11.4797   11.5554   11.6379   11.7274   11.8237
   11.9270   12.0371   12.1541   12.2779   12.4087
   12.5463   12.6908   12.8422   13.0005   13.1656
   13.3377   13.5166   13.7024   13.8951   14.0946
   14.3011   14.5144   14.7345   14.9608   15.1940
   15.4340   15.6809   15.9347

     0     1

 BARRIER
   11.1012   10.1419   10.1332   10.1202   10.1029
   10.0813   10.0554   10.0251    9.9905    9.9515
    9.9082    9.8607    9.8087    9.7525    9.6919
    9.6270    9.5578    9.4842    9.4064    9.3242
    9.2376    9.1468    9.0516    8.9521    8.8482
    8.7401    8.6276    8.5108    8.3896    8.2642
    8.1344    8.0002    7.8631    7.7320    7.5969
    7.4578    7.3148    7.1677

     0     1

 ROT OUTPUT  YRSMO,YRSMOF
    0.0000    0.0108    0.0324    0.0648    0.1080
    0.1619    0.2267    0.3023    0.3887    0.4858
    0.5938    0.7125    0.8421    0.9824    1.1336
    1.2955    1.4683    1.6518    1.8461    2.0513
    2.2672    2.4939    2.7314    2.9797    3.2388
    3.5087    3.7894    4.0809    4.3832    4.6963
    5.0202    5.3549    5.6990    6.0440    6.3994
    6.7653    7.1416    7.5284

     0     1

    9.1803    9.1872    9.2010    9.2216    9.2491
    9.2835    9.3248    9.3730    9.4281    9.4900
    9.5588    9.6345    9.7171    9.8065    9.9029
   10.0061   10.1162   10.2332   10.3570   10.4878
   10.6254   10.7699   10.9213   11.0796   11.2448
   11.4168   11.5957   11.7815   11.9742   12.1737
   12.3802   12.5935   12.8136   13.0399   13.2731
   13.5131   13.7600   14.0138

     0     1

 BARRIER
    9.1803    9.1764    9.1686    9.1568    9.1412
    9.1216    9.0981    9.0707    9.0394    9.0042
    8.9650    8.9220    8.8750    8.8241    8.7693
    8.7106    8.6479    8.5814    8.5109    8.4365
    8.3582    8.2760    8.1899    8.0999    8.0059
    7.9081    7.8063    7.7006    7.5910    7.4774
    7.3600    7.2387    7.1146    6.9960    6.8737
    6.7479    6.6184    6.4854

     0     1


 ROT OUTPUT  FORMAT:   1   0   0
 EJAY,EJAYF
    0.0000    0.5872    0.6095    0.6429    0.6875
    0.7433    0.8102    0.8882    0.9774    1.0778
    1.1893    1.3119    1.4457    1.5906    1.7467
    1.9140    2.0924    2.2819    2.4826    2.6945
    2.9175    3.1516    3.3969    3.6534    3.9209
    4.1997    4.4896    4.7906    5.1028    5.4262
    5.7607    6.1063    6.4599    6.8157    7.1822
    7.5595    7.9477    8.3466

     0     1

   10.3109   10.3178   10.3317   10.3524   10.3801
   10.4147   10.4563   10.5047   10.5601   10.6224
   10.6916   10.7678   10.8508   10.9408   11.0377
   11.1416   11.2523   11.3700   11.4946   11.6261
   11.7646   11.9099   12.0622   12.2214   12.3875
   12.5606   12.7406   12.9275   13.1213   13.3220
   13.5297   13.7443   13.9657   14.1935   14.4282
   14.6699   14.9184   15.1739

     0     1

 BARRIER
   10.3109    9.7307    9.7222    9.7095    9.6926
    9.6715    9.6461    9.6165    9.5827    9.5446
    9.5024    9.4559    9.4051    9.3502    9.2910
    9.2276    9.1599    9.0881    9.0120    8.9316
    8.8471    8.7583    8.6653    8.5681    8.4666
    8.3609    8.2510    8.1368    8.0185    7.8959
    7.7690    7.6380    7.5057    7.3778    7.2460
    7.1103    6.9708    6.8273

     0     1

 ROT OUTPUT  YRSMO,YRSMOF
    0.0000    0.0109    0.0327    0.0653    0.1089
    0.1634    0.2287    0.3049    0.3921    0.4901
    0.5990    0.7188    0.8495    0.9911    1.1435
    1.3069    1.4811    1.6663    1.8623    2.0692
    2.2871    2.5158    2.7554    3.0058    3.2672
    3.5395    3.8227    4.1167    4.4216    4.7375
    5.0642    5.4018    5.7473    6.0952    6.4537
    6.8227    7.2023    7.5924

     0     1

    9.1384    9.1453    9.1592    9.1800    9.2076
    9.2423    9.2838    9.3322    9.3876    9.4499
    9.5191    9.5953    9.6783    9.7683    9.8652
    9.9691   10.0798   10.1975   10.3221   10.4536
   10.5921   10.7374   10.8897   11.0489   11.2151
   11.3881   11.5681   11.7550   11.9488   12.1496
   12.3572   12.5718   12.7932   13.0210   13.2558
   13.4974   13.7460   14.0014

     0     1

 BARRIER
    9.1384    9.1344    9.1265    9.1146    9.0987
    9.0789    9.0551    9.0273    8.9955    8.9598
    8.9201    8.8765    8.8289    8.7773    8.7217
    8.6622    8.5987    8.5312    8.4598    8.3844
    8.3050    8.2217    8.1344    8.0431    7.9478
    7.8486    7.7454    7.6383    7.5272    7.4121
    7.2930    7.1700    7.0459    6.9258    6.8021
    6.6747    6.5437    6.4090

     0     1


 ROT OUTPUT  FORMAT:   1   0   0
 EJAY,EJAYF
    0.0000    0.5782    0.6007    0.6345    0.6795
    0.7358    0.8033    0.8821    0.9721    1.0734
    1.1859    1.3097    1.4448    1.5911    1.7487
    1.9175    2.0976    2.2889    2.4915    2.7053
    2.9304    3.1668    3.4144    3.6732    3.9433
    4.2247    4.5173    4.8212    5.1363    5.4627
    5.8003    6.1492    6.5043    6.8633    7.2332
    7.6140    8.0057    8.4083

     0     1

   10.2900   10.2969   10.3108   10.3317   10.3595
   10.3942   10.4359   10.4846   10.5402   10.6028
   10.6723   10.7488   10.8322   10.9226   11.0199
   11.1242   11.2354   11.3536   11.4787   11.6108
   11.7498   11.8958   12.0487   12.2086   12.3754
   12.5492   12.7300   12.9177   13.1123   13.3139
   13.5225   13.7380   13.9603   14.1893   14.4253
   14.6682   14.9181   15.1748

     0     1

 BARRIER
   10.2900    9.7187    9.7101    9.6972    9.6800
    9.6585    9.6327    9.6025    9.5681    9.5294
    9.4864    9.4390    9.3874    9.3314    9.2712
    9.2067    9.1378    9.0647    8.9872    8.9055
    8.8194    8.7290    8.6344    8.5354    8.4321
    8.3246    8.2127    8.0965    7.9760    7.8512
    7.7221    7.5887    7.4560    7.3260    7.1921
    7.0542    6.9124    6.7666

     0     1

 ROT OUTPUT  YRSMO,YRSMOF
    0.0000    0.0110    0.0330    0.0659    0.1099
    0.1648    0.2307    0.3076    0.3955    0.4944
    0.6043    0.7251    0.8570    0.9998    1.1536
    1.3184    1.4942    1.6810    1.8787    2.0875
    2.3072    2.5379    2.7796    3.0323    3.2960
    3.5707    3.8563    4.1530    4.4606    4.7792
    5.1088    5.4494    5.7962    6.1472    6.5087
    6.8809    7.2638    7.6573

     0     1

    9.1178    9.1248    9.1387    9.1595    9.1873
    9.2221    9.2638    9.3124    9.3681    9.4306
    9.5001    9.5766    9.6600    9.7504    9.8477
    9.9520   10.0632   10.1814   10.3065   10.4386
   10.5776   10.7236   10.8766   11.0364   11.2033
   11.3771   11.5578   11.7455   11.9402   12.1418
   12.3503   12.5658   12.7881   13.0171   13.2531
   13.4960   13.7459   14.0027

     0     1

 BARRIER
    9.1178    9.1138    9.1057    9.0936    9.0775
    9.0573    9.0331    9.0048    8.9725    8.9362
    8.8959    8.8515    8.8031    8.7506    8.6941
    8.6336    8.5690    8.5004    8.4278    8.3511
    8.2704    8.1857    8.0969    8.0041    7.9073
    7.8064    7.7015    7.5925    7.4795    7.3625
    7.2415    7.1164    6.9919    6.8700    6.7444
    6.6151    6.4821    6.3454

     0     1


 ROT OUTPUT  FORMAT:   1   0   0
 EJAY,EJAYF
    0.0000    0.5004    0.5230    0.5570    0.6023
    0.6589    0.7269    0.8062    0.8968    0.9987
    1.1120    1.2366    1.3725    1.5198    1.6784
    1.8483    2.0295    2.2221    2.4259    2.6411
    2.8677    3.1056    3.3547    3.6153    3.8871
    4.1703    4.4648    4.7706    5.0878    5.4162
    5.7561    6.1072    6.4627    6.8240    7.1962
    7.5794    7.9736    8.3787

     0     1

   10.1135   10.1205   10.1345   10.1554   10.1834
   10.2183   10.2602   10.3091   10.3649   10.4278
   10.4976   10.5744   10.6582   10.7490   10.8468
   10.9515   11.0633   11.1820   11.3077   11.4404
   11.5800   11.7267   11.8803   12.0409   12.2085
   12.3831   12.5647   12.7532   12.9488   13.1513
   13.3608   13.5773   13.8007   14.0310   14.2683
   14.5126   14.7638   15.0221

     0     1

 BARRIER
   10.1135    9.6202    9.6115    9.5984    9.5811
    9.5593    9.5333    9.5029    9.4681    9.4290
    9.3856    9.3378    9.2857    9.2292    9.1684
    9.1033    9.0338    8.9599    8.8818    8.7992
    8.7124    8.6211    8.5256    8.4257    8.3214
    8.2128    8.0999    7.9826    7.8610    7.7351
    7.6048    7.4701    7.3380    7.2070    7.0721
    6.9331    6.7902    6.6433

     0     1

 ROT OUTPUT  YRSMO,YRSMOF
    0.0000    0.0111    0.0333    0.0665    0.1108
    0.1663    0.2328    0.3104    0.3990    0.4988
    0.6096    0.7315    0.8646    1.0086    1.1638
    1.3301    1.5074    1.6959    1.8954    2.1060
    2.3277    2.5604    2.8043    3.0592    3.3252
    3.6023    3.8905    4.1898    4.5001    4.8216
    5.1541    5.4977    5.8458    6.1998    6.5645
    6.9399    7.3261    7.7230

     0     1

    9.0864    9.0933    9.1073    9.1283    9.1562
    9.1911    9.2330    9.2819    9.3378    9.4006
    9.4704    9.5473    9.6311    9.7219    9.8196
    9.9244   10.0361   10.1548   10.2805   10.4132
   10.5529   10.6995   10.8532   11.0138   11.1814
   11.3560   11.5375   11.7261   11.9216   12.1241
   12.3336   12.5501   12.7735   13.0038   13.2411
   13.4854   13.7367   13.9949

     0     1

 BARRIER
    9.0864    9.0823    9.0741    9.0618    9.0454
    9.0249    9.0002    8.9715    8.9387    8.9018
    8.8608    8.8157    8.7665    8.7132    8.6558
    8.5943    8.5287    8.4590    8.3851    8.3072
    8.2252    8.1391    8.0489    7.9546    7.8562
    7.7536    7.6470    7.5363    7.4215    7.3026
    7.1795    7.0524    6.9277    6.8041    6.6767
    6.5455    6.4106    6.2719

     0     1


 ROT OUTPUT  FORMAT:   1   0   0
 EJAY,EJAYF
    0.0000    0.2769    0.2995    0.3335    0.3788
    0.4354    0.5033    0.5826    0.6731    0.7750
    0.8882    1.0128    1.1486    1.2958    1.4543
    1.6241    1.8053    1.9977    2.2015    2.4166
    2.6431    2.8808    3.1299    3.3903    3.6620
    3.9450    4.2394    4.5451    4.8621    5.1904
    5.5300    5.8810    6.2346    6.5958    6.9680
    7.3511    7.7452    8.1503

     0     1

    9.6088    9.6158    9.6299    9.6509    9.6790
    9.7141    9.7562    9.8053    9.8615    9.9246
    9.9948   10.0720   10.1562   10.2475   10.3457
   10.4510   10.5633   10.6826   10.8089   10.9423
   11.0827   11.2300   11.3845   11.5459   11.7143
   11.8898   12.0723   12.2617   12.4583   12.6618
   12.8723   13.0899   13.3146   13.5463   13.7850
   14.0308   14.2836   14.5434

     0     1

 BARRIER
    9.6088    9.3389    9.3303    9.3174    9.3002
    9.2787    9.2529    9.2228    9.1883    9.1496
    9.1066    9.0592    9.0076    8.9517    8.8914
    8.8269    8.7580    8.6849    8.6074    8.5257
    8.4396    8.3492    8.2546    8.1556    8.0523
    7.9448    7.8329    7.7167    7.5962    7.4714
    7.3423    7.2089    7.0800    6.9505    6.8171
    6.6797    6.5384    6.3931

     0     1

 ROT OUTPUT  YRSMO,YRSMOF
    0.0000    0.0112    0.0335    0.0671    0.1118
    0.1677    0.2348    0.3131    0.4026    0.5032
    0.6151    0.7381    0.8723    1.0176    1.1742
    1.3419    1.5209    1.7110    1.9123    2.1247
    2.3484    2.5832    2.8292    3.0864    3.3548
    3.6344    3.9251    4.2271    4.5402    4.8645
    5.2000    5.5466    5.8961    6.2531    6.6210
    6.9997    7.3892    7.7896

     0     1

    9.0421    9.0492    9.0632    9.0843    9.1123
    9.1474    9.1895    9.2387    9.2948    9.3580
    9.4282    9.5054    9.5896    9.6808    9.7791
    9.8843    9.9966   10.1160   10.2423   10.3756
   10.5160   10.6634   10.8178   10.9792   11.1477
   11.3231   11.5056   11.6951   11.8916   12.0951
   12.3057   12.5233   12.7479   12.9796   13.2184
   13.4641   13.7169   13.9767

     0     1

 BARRIER
    9.0421    9.0380    9.0296    9.0172    9.0005
    8.9797    8.9547    8.9255    8.8922    8.8547
    8.8131    8.7673    8.7173    8.6632    8.6049
    8.5424    8.4758    8.4050    8.3300    8.2509
    8.1676    8.0802    7.9886    7.8928    7.7928
    7.6887    7.5804    7.4680    7.3514    7.2306
    7.1057    6.9766    6.8519    6.7265    6.5974
    6.4644    6.3277    6.1871

     0     1


 ROT OUTPUT  FORMAT:   1   0   0
 EJAY,EJAYF
    0.0000    2.0381    2.0615    2.0965    2.1432
    2.2016    2.2717    2.3534    2.4468    2.5519
    2.6687    2.7972    2.9373    3.0891    3.2526
    3.4278    3.6146    3.8132    4.0234    4.2453
    4.4788    4.7241    4.9810    5.2496    5.5298
    5.8218    6.1254    6.4407    6.7677    7.1064
    7.4567    7.8187    8.1924    8.5778    8.9660
    9.3552    9.7556   10.1672   10.5898   11.0236
   11.4686   11.9247   12.3919

     0     1

   12.8893   12.8956   12.9082   12.9270   12.9521
   12.9835   13.0212   13.0652   13.1154   13.1720
   13.2348   13.3039   13.3792   13.4609   13.5488
   13.6430   13.7435   13.8503   13.9634   14.0827
   14.2083   14.3402   14.4784   14.6229   14.7736
   14.9306   15.0939   15.2635   15.4394   15.6215
   15.8100   16.0047   16.2057   16.4129   16.6282
   16.8520   17.0821   17.3186   17.5615   17.8108
   18.0664   18.3285   18.5969

     0     1

 BARRIER
   12.8893   10.8575   10.8467   10.8305   10.8089
   10.7819   10.7496   10.7118   10.6686   10.6200
   10.5661   10.5067   10.4419   10.3718   10.2962
   10.2152   10.1289   10.0371    9.9400    9.8374
    9.7295    9.6162    9.4974    9.3733    9.2438
    9.1088    8.9685    8.8228    8.6717    8.5151
    8.3532    8.1859    8.0132    7.8351    7.6623
    7.4967    7.3265    7.1514    6.9716    6.7871
    6.5978    6.4038    6.2050

     0     1

 ROT OUTPUT  YRSMO,YRSMOF
    0.0000    0.0101    0.0302    0.0604    0.1006
    0.1509    0.2113    0.2817    0.3622    0.4528
    0.5534    0.6641    0.7848    0.9156    1.0565
    1.2074    1.3684    1.5395    1.7206    1.9118
    2.1130    2.3243    2.5456    2.7771    3.0186
    3.2701    3.5317    3.8034    4.0851    4.3769
    4.6788    4.9907    5.3127    5.6447    5.9811
    6.3208    6.6702    7.0293    7.3981    7.7767
    8.1650    8.5629    8.9706

     0     1

    7.6099    7.6162    7.6288    7.6476    7.6727
    7.7041    7.7418    7.7858    7.8360    7.8926
    7.9554    8.0245    8.0998    8.1815    8.2694
    8.3636    8.4641    8.5709    8.6840    8.8033
    8.9289    9.0608    9.1990    9.3435    9.4942
    9.6512    9.8145    9.9841   10.1600   10.3421
   10.5306   10.7253   10.9263   11.1335   11.3489
   11.5726   11.8027   12.0392   12.2821   12.5314
   12.7870   13.0491   13.3175

     0     1

 BARRIER
    7.6099    7.6061    7.5986    7.5872    7.5721
    7.5532    7.5305    7.5041    7.4738    7.4398
    7.4020    7.3604    7.3150    7.2659    7.2129
    7.1562    7.0957    7.0314    6.9634    6.8916
    6.8159    6.7365    6.6534    6.5664    6.4756
    6.3811    6.2828    6.1807    6.0749    5.9652
    5.8518    5.7346    5.6136    5.4888    5.3677
    5.2518    5.1325    5.0099    4.8839    4.7547
    4.6221    4.4861    4.3469

     0     1


 ROT OUTPUT  FORMAT:   1   0   0
 EJAY,EJAYF
    0.0000    1.6426    1.6656    1.7002    1.7462
    1.8038    1.8728    1.9534    2.0455    2.1491
    2.2642    2.3909    2.5290    2.6787    2.8398
    3.0125    3.1967    3.3924    3.5996    3.8183
    4.0485    4.2903    4.5435    4.8083    5.0846
    5.3724    5.6717    5.9825    6.3048    6.6387
    6.9840    7.3409    7.7092    8.0891    8.4692
    8.8535    9.2487    9.6549   10.0721   10.5004
   10.9396   11.3898   11.8510

     0     1

   11.9054   11.9117   11.9243   11.9433   11.9686
   12.0002   12.0381   12.0823   12.1328   12.1897
   12.2529   12.3223   12.3982   12.4803   12.5687
   12.6635   12.7646   12.8720   12.9857   13.1057
   13.2320   13.3647   13.5037   13.6490   13.8006
   13.9586   14.1228   14.2934   14.4703   14.6535
   14.8430   15.0388   15.2410   15.4495   15.6669
   15.8923   16.1242   16.3625   16.6073   16.8585
   17.1161   17.3802   17.6507

     0     1

 BARRIER
   11.9054   10.2691   10.2587   10.2431   10.2224
   10.1964   10.1652   10.1289   10.0873   10.0406
    9.9886    9.9315    9.8692    9.8016    9.7289
    9.6510    9.5679    9.4796    9.3861    9.2874
    9.1835    9.0744    8.9602    8.8407    8.7160
    8.5862    8.4511    8.3109    8.1654    8.0148
    7.8590    7.6980    7.5317    7.3603    7.1976
    7.0389    6.8755    6.7076    6.5352    6.3581
    6.1766    5.9904    5.7997

     0     1

 ROT OUTPUT  YRSMO,YRSMOF
    0.0000    0.0101    0.0304    0.0609    0.1015
    0.1522    0.2131    0.2841    0.3652    0.4566
    0.5580    0.6696    0.7914    0.9233    1.0653
    1.2175    1.3798    1.5523    1.7349    1.9277
    2.1306    2.3437    2.5669    2.8002    3.0437
    3.2974    3.5612    3.8351    4.1192    4.4134
    4.7178    5.0323    5.3569    5.6918    6.0291
    6.3716    6.7238    7.0859    7.4578    7.8394
    8.2309    8.6322    9.0432

     0     1

    7.5725    7.5788    7.5914    7.6104    7.6357
    7.6672    7.7051    7.7494    7.7999    7.8568
    7.9199    7.9894    8.0652    8.1474    8.2358
    8.3306    8.4316    8.5390    8.6528    8.7728
    8.8991    9.0318    9.1708    9.3161    9.4677
    9.6256    9.7899    9.9605   10.1373   10.3206
   10.5101   10.7059   10.9081   11.1165   11.3340
   11.5594   11.7913   12.0296   12.2744   12.5256
   12.7832   13.0473   13.3178

     0     1

 BARRIER
    7.5725    7.5687    7.5610    7.5495    7.5342
    7.5151    7.4921    7.4653    7.4347    7.4002
    7.3619    7.3198    7.2739    7.2241    7.1705
    7.1131    7.0518    6.9867    6.9178    6.8451
    6.7685    6.6881    6.6039    6.5159    6.4240
    6.3283    6.2287    6.1254    6.0182    5.9072
    5.7923    5.6736    5.5511    5.4248    5.3049
    5.1879    5.0675    4.9437    4.8166    4.6861
    4.5523    4.4151    4.2746

     0     1


 ROT OUTPUT  FORMAT:   1   0   0
 EJAY,EJAYF
    0.0000    1.5016    1.5247    1.5593    1.6055
    1.6632    1.7324    1.8132    1.9055    2.0094
    2.1248    2.2517    2.3902    2.5402    2.7018
    2.8749    3.0595    3.2557    3.4634    3.6827
    3.9135    4.1558    4.4097    4.6751    4.9521
    5.2406    5.5406    5.8522    6.1753    6.5100
    6.8562    7.2139    7.5832    7.9640    8.3423
    8.7275    9.1237    9.5310    9.9492   10.3785
   10.8188   11.2702   11.7325

     0     1

   11.5572   11.5636   11.5763   11.5954   11.6208
   11.6526   11.6907   11.7352   11.7861   11.8433
   11.9069   11.9768   12.0531   12.1358   12.2248
   12.3202   12.4219   12.5300   12.6444   12.7653
   12.8924   13.0259   13.1658   13.3121   13.4647
   13.6236   13.7889   13.9606   14.1386   14.3230
   14.5138   14.7109   14.9143   15.1241   15.3439
   15.5713   15.8051   16.0454   16.2922   16.5455
   16.8053   17.0716   17.3444

     0     1

 BARRIER
   11.5572   10.0619   10.0516   10.0360   10.0153
    9.9894    9.9583    9.9220    9.8806    9.8339
    9.7821    9.7251    9.6629    9.5956    9.5230
    9.4453    9.3624    9.2743    9.1810    9.0826
    8.9789    8.8701    8.7561    8.6369    8.5126
    8.3830    8.2483    8.1084    7.9633    7.8130
    7.6575    7.4969    7.3311    7.1601    7.0016
    6.8438    6.6814    6.5144    6.3430    6.1670
    5.9865    5.8014    5.6118

     0     1

 ROT OUTPUT  YRSMO,YRSMOF
    0.0000    0.0102    0.0307    0.0614    0.1023
    0.1535    0.2148    0.2865    0.3683    0.4604
    0.5627    0.6752    0.7980    0.9310    1.0742
    1.2277    1.3914    1.5653    1.7494    1.9438
    2.1484    2.3633    2.5884    2.8237    3.0692
    3.3250    3.5910    3.8672    4.1537    4.4504
    4.7573    5.0744    5.4018    5.7394    6.0777
    6.4230    6.7781    7.1432    7.5181    7.9030
    8.2977    8.7022    9.1167

     0     1

    7.5234    7.5297    7.5425    7.5615    7.5870
    7.6188    7.6569    7.7014    7.7523    7.8095
    7.8731    7.9430    8.0193    8.1020    8.1910
    8.2864    8.3881    8.4962    8.6106    8.7314
    8.8586    8.9921    9.1320    9.2782    9.4308
    9.5898    9.7551    9.9268   10.1048   10.2892
   10.4799   10.6770   10.8805   11.0903   11.3101
   11.5374   11.7713   12.0116   12.2584   12.5117
   12.7715   13.0378   13.3105

     0     1

 BARRIER
    7.5234    7.5195    7.5118    7.5001    7.4847
    7.4653    7.4421    7.4149    7.3840    7.3491
    7.3104    7.2678    7.2213    7.1710    7.1168
    7.0587    6.9967    6.9309    6.8612    6.7876
    6.7101    6.6288    6.5436    6.4546    6.3616
    6.2648    6.1641    6.0596    5.9511    5.8388
    5.7227    5.6026    5.4787    5.3509    5.2325
    5.1145    4.9931    4.8684    4.7403    4.6087
    4.4738    4.3355    4.1939

     0     1


 ROT OUTPUT  FORMAT:   1   0   0
 EJAY,EJAYF
    0.0000    1.1344    1.1571    1.1912    1.2366
    1.2934    1.3616    1.4411    1.5320    1.6342
    1.7478    1.8728    2.0091    2.1568    2.3159
    2.4863    2.6680    2.8612    3.0657    3.2815
    3.5087    3.7473    3.9972    4.2585    4.5312
    4.8152    5.1105    5.4173    5.7354    6.0648
    6.4056    6.7578    7.1214    7.4963    7.8665
    8.2463    8.6370    9.0386    9.4511    9.8744
   10.3086   10.7537   11.2096

     0     1

   10.5992   10.6056   10.6184   10.6376   10.6631
   10.6951   10.7334   10.7782   10.8293   10.8868
   10.9507   11.0210   11.0977   11.1808   11.2703
   11.3661   11.4684   11.5770   11.6921   11.8135
   11.9413   12.0756   12.2162   12.3632   12.5165
   12.6763   12.8425   13.0151   13.1940   13.3794
   13.5711   13.7692   13.9737   14.1846   14.4067
   14.6358   14.8713   15.1134   15.3620   15.6172
   15.8789   16.1472   16.4219

     0     1

 BARRIER
   10.5992    9.4712    9.4613    9.4464    9.4265
    9.4017    9.3718    9.3370    9.2973    9.2526
    9.2029    9.1482    9.0886    9.0240    8.9544
    8.8799    8.8004    8.7159    8.6264    8.5320
    8.4326    8.3283    8.2189    8.1046    7.9854
    7.8611    7.7319    7.5978    7.4586    7.3145
    7.1654    7.0114    6.8524    6.6884    6.5403
    6.3894    6.2343    6.0748    5.9109    5.7428
    5.5703    5.3935    5.2123

     0     1

 ROT OUTPUT  YRSMO,YRSMOF
    0.0000    0.0103    0.0310    0.0619    0.1032
    0.1548    0.2167    0.2889    0.3714    0.4643
    0.5674    0.6809    0.8047    0.9388    1.0833
    1.2380    1.4031    1.5785    1.7642    1.9602
    2.1665    2.3832    2.6101    2.8474    3.0950
    3.3530    3.6212    3.8997    4.1886    4.4878
    4.7973    5.1171    5.4473    5.7877    6.1268
    6.4750    6.8331    7.2012    7.5793    7.9673
    8.3652    8.7732    9.1911

     0     1

    7.4859    7.4923    7.5051    7.5242    7.5498
    7.5818    7.6201    7.6648    7.7160    7.7735
    7.8374    7.9077    7.9844    8.0675    8.1570
    8.2528    8.3551    8.4637    8.5788    8.7002
    8.8280    8.9622    9.1029    9.2498    9.4032
    9.5630    9.7292    9.9017   10.0807   10.2660
   10.4578   10.6559   10.8604   11.0713   11.2934
   11.5224   11.7580   12.0001   12.2487   12.5039
   12.7656   13.0338   13.3086

     0     1

 BARRIER
    7.4859    7.4820    7.4741    7.4623    7.4466
    7.4270    7.4035    7.3760    7.3446    7.3092
    7.2700    7.2268    7.1797    7.1287    7.0737
    7.0148    6.9520    6.8853    6.8146    6.7400
    6.6615    6.5791    6.4927    6.4024    6.3082
    6.2101    6.1080    6.0020    5.8921    5.7782
    5.6605    5.5388    5.4132    5.2836    5.1666
    5.0474    4.9249    4.7989    4.6695    4.5366
    4.4004    4.2607    4.1176

     0     1


 ROT OUTPUT  FORMAT:   1   0   0
 EJAY,EJAYF
    0.0000    1.0439    1.0667    1.1010    1.1467
    1.2038    1.2723    1.3523    1.4437    1.5465
    1.6607    1.7863    1.9234    2.0719    2.2318
    2.4031    2.5859    2.7800    2.9856    3.2027
    3.4311    3.6710    3.9223    4.1850    4.4591
    4.7446    5.0416    5.3500    5.6698    6.0011
    6.3437    6.6978    7.0633    7.4388    7.8098
    8.1916    8.5844    8.9881    9.4027    9.8283
   10.2648   10.7122   11.1706

     0     1

   10.3821   10.3886   10.4014   10.4207   10.4464
   10.4785   10.5170   10.5620   10.6134   10.6712
   10.7354   10.8061   10.8832   10.9667   11.0566
   11.1530   11.2557   11.3649   11.4806   11.6026
   11.7311   11.8660   12.0073   12.1550   12.3092
   12.4698   12.6368   12.8102   12.9901   13.1764
   13.3691   13.5682   13.7738   13.9862   14.2104
   14.4411   14.6784   14.9223   15.1727   15.4298
   15.6935   15.9637   16.2405

     0     1

 BARRIER
   10.3821    9.3447    9.3347    9.3197    9.2997
    9.2747    9.2447    9.2097    9.1697    9.1247
    9.0748    9.0198    8.9598    8.8948    8.8248
    8.7498    8.6699    8.5849    8.4949    8.4000
    8.3000    8.1950    8.0850    7.9701    7.8501
    7.7252    7.5952    7.4602    7.3203    7.1753
    7.0254    6.8704    6.7104    6.5474    6.4006
    6.2495    6.0940    5.9342    5.7700    5.6015
    5.4287    5.2515    5.0700

     0     1

 ROT OUTPUT  YRSMO,YRSMOF
    0.0000    0.0104    0.0312    0.0624    0.1040
    0.1561    0.2185    0.2913    0.3745    0.4682
    0.5722    0.6867    0.8115    0.9468    1.0924
    1.2485    1.4149    1.5918    1.7791    1.9768
    2.1848    2.4033    2.6322    2.8715    3.1212
    3.3813    3.6518    3.9327    4.2240    4.5257
    4.8379    5.1604    5.4933    5.8356    6.1766
    6.5277    6.8888    7.2600    7.6412    8.0324
    8.4337    8.8450    9.2664

     0     1

    7.4453    7.4517    7.4646    7.4838    7.5095
    7.5417    7.5802    7.6252    7.6765    7.7344
    7.7986    7.8693    7.9463    8.0298    8.1198
    8.2161    8.3189    8.4281    8.5437    8.6658
    8.7942    8.9291    9.0705    9.2182    9.3724
    9.5330    9.7000    9.8734   10.0533   10.2396
   10.4323   10.6314   10.8369   11.0494   11.2735
   11.5042   11.7415   11.9854   12.2359   12.4930
   12.7566   13.0269   13.3037

     0     1

 BARRIER
    7.4453    7.4413    7.4334    7.4214    7.4055
    7.3856    7.3617    7.3338    7.3020    7.2662
    7.2264    7.1826    7.1348    7.0831    7.0274
    6.9676    6.9040    6.8363    6.7646    6.6890
    6.6094    6.5258    6.4383    6.3467    6.2512
    6.1517    6.0482    5.9407    5.8293    5.7138
    5.5944    5.4710    5.3436    5.2138    5.0969
    4.9765    4.8527    4.7255    4.5947    4.4606
    4.3229    4.1818    4.0373

     0     1


 ROT OUTPUT  FORMAT:   1   0   0
 EJAY,EJAYF
    0.0000    0.7127    0.7352    0.7689    0.8138
    0.8700    0.9374    1.0160    1.1059    1.2070
    1.3193    1.4429    1.5777    1.7238    1.8811
    2.0496    2.2293    2.4203    2.6225    2.8360
    3.0607    3.2966    3.5437    3.8021    4.0717
    4.3526    4.6447    4.9480    5.2626    5.5884
    5.9254    6.2737    6.6332    7.0000    7.3656
    7.7420    8.1291    8.5270    8.9356    9.3551
    9.7853   10.2262   10.6779

     0     1

    9.4818    9.4883    9.5011    9.5205    9.5463
    9.5785    9.6172    9.6623    9.7138    9.7718
    9.8363    9.9072    9.9845   10.0683   10.1586
   10.2552   10.3584   10.4679   10.5839   10.7064
   10.8353   10.9707   11.1125   11.2607   11.4154
   11.5765   11.7441   11.9181   12.0986   12.2855
   12.4788   12.6786   12.8849   13.0991   13.3246
   13.5567   13.7955   14.0409   14.2929   14.5515
   14.8168   15.0887   15.3672

     0     1

 BARRIER
    9.4818    8.7756    8.7660    8.7516    8.7325
    8.7085    8.6798    8.6463    8.6079    8.5648
    8.5170    8.4643    8.4068    8.3445    8.2775
    8.2057    8.1290    8.0476    7.9614    7.8704
    7.7746    7.6741    7.5687    7.4586    7.3436
    7.2239    7.0994    6.9701    6.8360    6.6971
    6.5534    6.4050    6.2517    6.0990    5.9590
    5.8148    5.6664    5.5139    5.3572    5.1965
    5.0315    4.8625    4.6892

     0     1

 ROT OUTPUT  YRSMO,YRSMOF
    0.0000    0.0105    0.0315    0.0630    0.1049
    0.1574    0.2203    0.2938    0.3777    0.4722
    0.5771    0.6925    0.8184    0.9548    1.1017
    1.2591    1.4270    1.6053    1.7942    1.9935
    2.2034    2.4237    2.6546    2.8959    3.1477
    3.4100    3.6828    3.9661    4.2599    4.5642
    4.8789    5.2042    5.5400    5.8832    6.2271
    6.5811    6.9452    7.3195    7.7038    8.0984
    8.5030    8.9178    9.3427

     0     1

    7.4201    7.4265    7.4394    7.4587    7.4845
    7.5167    7.5554    7.6005    7.6521    7.7101
    7.7745    7.8454    7.9228    8.0066    8.0968
    8.1935    8.2966    8.4062    8.5222    8.6446
    8.7736    8.9089    9.0507    9.1989    9.3536
    9.5148    9.6823    9.8563   10.0368   10.2237
   10.4171   10.6169   10.8231   11.0373   11.2628
   11.4950   11.7337   11.9791   12.2311   12.4898
   12.7550   13.0269   13.3054

     0     1

 BARRIER
    7.4201    7.4160    7.4079    7.3958    7.3796
    7.3593    7.3351    7.3067    7.2744    7.2379
    7.1975    7.1529    7.1044    7.0518    6.9951
    6.9344    6.8696    6.8008    6.7280    6.6511
    6.5702    6.4852    6.3961    6.3030    6.2059
    6.1047    5.9995    5.8902    5.7769    5.6596
    5.5381    5.4127    5.2832    5.1542    5.0358
    4.9139    4.7885    4.6597    4.5273    4.3914
    4.2520    4.1091    3.9628

     0     1


 ROT OUTPUT  FORMAT:   1   0   0
 EJAY,EJAYF
    0.0000    0.6686    0.6912    0.7252    0.7705
    0.8272    0.8951    0.9744    1.0651    1.1670
    1.2803    1.4049    1.5408    1.6881    1.8467
    2.0166    2.1979    2.3905    2.5944    2.8096
    3.0362    3.2741    3.5233    3.7838    4.0557
    4.3389    4.6334    4.9393    5.2565    5.5850
    5.9249    6.2760    6.6385    7.0059    7.3744
    7.7537    8.1439    8.5450    8.9569    9.3797
    9.8134   10.2579   10.7132

     0     1

    9.3800    9.3865    9.3995    9.4189    9.4448
    9.4771    9.5159    9.5612    9.6130    9.6712
    9.7359    9.8071    9.8847    9.9689   10.0595
   10.1565   10.2600   10.3700   10.4865   10.6094
   10.7389   10.8747   11.0171   11.1659   11.3212
   11.4830   11.6512   11.8259   12.0071   12.1947
   12.3888   12.5894   12.7965   13.0128   13.2398
   13.4735   13.7139   13.9609   14.2146   14.4750
   14.7421   15.0158   15.2962

     0     1

 BARRIER
    9.3800    8.7179    8.7082    8.6937    8.6742
    8.6499    8.6208    8.5868    8.5479    8.5042
    8.4556    8.4022    8.3439    8.2808    8.2127
    8.1399    8.0622    7.9796    7.8921    7.7998
    7.7027    7.6007    7.4938    7.3821    7.2655
    7.1441    7.0178    6.8866    6.7506    6.6097
    6.4640    6.3134    6.1579    6.0069    5.8654
    5.7198    5.5699    5.4159    5.2577    5.0953
    4.9287    4.7579    4.5830

     0     1

 ROT OUTPUT  YRSMO,YRSMOF
    0.0000    0.0106    0.0317    0.0635    0.1058
    0.1587    0.2222    0.2963    0.3809    0.4762
    0.5820    0.6984    0.8254    0.9630    1.1111
    1.2698    1.4391    1.6190    1.8095    2.0106
    2.2222    2.4444    2.6772    2.9206    3.1746
    3.4391    3.7142    3.9999    4.2962    4.6031
    4.9206    5.2486    5.5872    5.9314    6.2781
    6.6351    7.0023    7.3797    7.7673    8.1652
    8.5732    8.9914    9.4199

     0     1

    7.3826    7.3891    7.4020    7.4215    7.4473
    7.4797    7.5185    7.5638    7.6156    7.6738
    7.7385    7.8097    7.8873    7.9715    8.0620
    8.1591    8.2626    8.3726    8.4891    8.6120
    8.7414    8.8773    9.0197    9.1685    9.3238
    9.4856    9.6538    9.8285   10.0097   10.1973
   10.3914   10.5920   10.7991   11.0154   11.2424
   11.4761   11.7165   11.9635   12.2172   12.4776
   12.7446   13.0184   13.2988

     0     1

 BARRIER
    7.3826    7.3785    7.3703    7.3580    7.3415
    7.3210    7.2963    7.2675    7.2346    7.1976
    7.1565    7.1113    7.0620    7.0085    6.9509
    6.8893    6.8235    6.7536    6.6796    6.6015
    6.5193    6.4329    6.3425    6.2479    6.1492
    6.0464    5.9396    5.8285    5.7134    5.5942
    5.4709    5.3434    5.2118    5.0840    4.9643
    4.8410    4.7142    4.5838    4.4499    4.3124
    4.1715    4.0269    3.8789

     0     1


 ROT OUTPUT  FORMAT:   1   0   0
 EJAY,EJAYF
    0.0000    2.0197    2.0425    2.0768    2.1225
    2.1796    2.2481    2.3281    2.4195    2.5223
    2.6365    2.7621    2.8992    3.0477    3.2076
    3.3789    3.5617    3.7558    3.9614    4.1785
    4.4069    4.6468    4.8981    5.1608    5.4349
    5.7204    6.0174    6.3258    6.6456    6.9769
    7.3195    7.6736    8.0391    8.4161    8.7923
    9.1750    9.5686    9.9732   10.3888   10.8153
   11.2527   11.7011   12.1605

     0     1

   12.7438   12.7502   12.7630   12.7822   12.8079
   12.8399   12.8783   12.9232   12.9745   13.0321
   13.0962   13.1667   13.2435   13.3268   13.4165
   13.5126   13.6152   13.7241   13.8394   13.9611
   14.0893   14.2238   14.3648   14.5121   14.6659
   14.8261   14.9927   15.1657   15.3451   15.5309
   15.7231   15.9217   16.1267   16.3382   16.5574
   16.7836   17.0163   17.2555   17.5011   17.7532
   18.0117   18.2768   18.5482

     0     1

 BARRIER
   12.7438   10.7305   10.7205   10.7054   10.6854
   10.6603   10.6302   10.5951   10.5550   10.5099
   10.4597   10.4045   10.3444   10.2792   10.2090
   10.1337   10.0535    9.9682    9.8780    9.7827
    9.6824    9.5771    9.4667    9.3514    9.2310
    9.1056    8.9753    8.8399    8.6994    8.5540
    8.4035    8.2481    8.0876    7.9221    7.7651
    7.6087    7.4477    7.2823    7.1123    6.9379
    6.7590    6.5756    6.3877

     0     1

 ROT OUTPUT  YRSMO,YRSMOF
    0.0000    0.0102    0.0305    0.0609    0.1015
    0.1523    0.2132    0.2843    0.3655    0.4569
    0.5584    0.6701    0.7920    0.9240    1.0661
    1.2184    1.3809    1.5535    1.7362    1.9292
    2.1322    2.3455    2.5688    2.8024    3.0460
    3.2999    3.5639    3.8380    4.1223    4.4168
    4.7214    5.0361    5.3610    5.6961    6.0326
    6.3757    6.7287    7.0914    7.4640    7.8464
    8.2386    8.6406    9.0524

     0     1

    8.0199    8.0263    8.0391    8.0583    8.0839
    8.1160    8.1544    8.1993    8.2505    8.3082
    8.3722    8.4427    8.5196    8.6029    8.6926
    8.7887    8.8912    9.0001    9.1155    9.2372
    9.3653    9.4999    9.6408    9.7882    9.9420
   10.1022   10.2687   10.4417   10.6211   10.8069
   10.9991   11.1978   11.4028   11.6142   11.8335
   12.0597   12.2924   12.5316   12.7772   13.0293
   13.2878   13.5528   13.8243

     0     1

 BARRIER
    8.0199    8.0161    8.0086    7.9974    7.9824
    7.9637    7.9412    7.9150    7.8850    7.8513
    7.8138    7.7726    7.7276    7.6789    7.6265
    7.5703    7.5103    7.4467    7.3792    7.3080
    7.2331    7.1544    7.0720    6.9858    6.8959
    6.8023    6.7049    6.6037    6.4988    6.3902
    6.2778    6.1616    6.0417    5.9181    5.8009
    5.6840    5.5637    5.4401    5.3132    5.1829
    5.0492    4.9122    4.7719

     0     1


 ROT OUTPUT  FORMAT:   1   0   0
 EJAY,EJAYF
    0.0000    1.7648    1.7876    1.8219    1.8676
    1.9247    1.9933    2.0733    2.1647    2.2675
    2.3818    2.5075    2.6446    2.7932    2.9531
    3.1245    3.3073    3.5016    3.7073    3.9244
    4.1529    4.3928    4.6442    4.9070    5.1813
    5.4669    5.7640    6.0725    6.3925    6.7238
    7.0666    7.4208    7.7865    8.1636    8.5375
    8.9204    9.3143    9.7191   10.1349   10.5617
   10.9994   11.4480   11.9076

     0     1

   12.2400   12.2464   12.2592   12.2785   12.3041
   12.3362   12.3747   12.4196   12.4709   12.5287
   12.5928   12.6634   12.7404   12.8238   12.9136
   13.0099   13.1125   13.2216   13.3371   13.4589
   13.5873   13.7220   13.8631   14.0107   14.1647
   14.3251   14.4919   14.6651   14.8447   15.0308
   15.2233   15.4221   15.6274   15.8392   16.0593
   16.2862   16.5196   16.7595   17.0059   17.2587
   17.5180   17.7838   18.0561

     0     1

 BARRIER
   12.2400   10.4816   10.4716   10.4566   10.4365
   10.4115   10.3814   10.3463   10.3062   10.2611
   10.2110   10.1559   10.0958   10.0306    9.9605
    9.8853    9.8052    9.7200    9.6298    9.5346
    9.4344    9.3291    9.2189    9.1037    8.9834
    8.8581    8.7278    8.5926    8.4523    8.3069
    8.1566    8.0013    7.8409    7.6756    7.5218
    7.3658    7.2053    7.0404    6.8709    6.6970
    6.5187    6.3358    6.1485

     0     1

 ROT OUTPUT  YRSMO,YRSMOF
    0.0000    0.0102    0.0307    0.0614    0.1024
    0.1536    0.2150    0.2867    0.3686    0.4608
    0.5632    0.6758    0.7987    0.9318    1.0751
    1.2287    1.3925    1.5666    1.7509    1.9455
    2.1503    2.3653    2.5905    2.8260    3.0718
    3.3278    3.5940    3.8705    4.1572    4.4541
    4.7613    5.0787    5.4064    5.7442    6.0818
    6.4277    6.7836    7.1493    7.5250    7.9105
    8.3060    8.7113    9.1265

     0     1

    8.0022    8.0086    8.0215    8.0407    8.0664
    8.0985    8.1370    8.1819    8.2332    8.2909
    8.3551    8.4257    8.5026    8.5860    8.6759
    8.7721    8.8748    8.9838    9.0993    9.2212
    9.3495    9.4842    9.6254    9.7729    9.9269
   10.0873   10.2541   10.4273   10.6070   10.7930
   10.9855   11.1844   11.3897   11.6014   11.8216
   12.0485   12.2819   12.5218   12.7681   13.0210
   13.2803   13.5461   13.8184

     0     1

 BARRIER
    8.0022    7.9984    7.9908    7.9793    7.9640
    7.9449    7.9219    7.8952    7.8646    7.8302
    7.7919    7.7499    7.7040    7.6543    7.6007
    7.5434    7.4822    7.4172    7.3484    7.2757
    7.1993    7.1190    7.0348    6.9469    6.8551
    6.7595    6.6601    6.5569    6.4498    6.3389
    6.2242    6.1057    5.9833    5.8572    5.7398
    5.6208    5.4983    5.3724    5.2431    5.1104
    4.9743    4.8348    4.6918

     0     1


 ROT OUTPUT  FORMAT:   1   0   0
 EJAY,EJAYF
    0.0000    1.4252    1.4479    1.4820    1.5274
    1.5841    1.6523    1.7317    1.8226    1.9247
    2.0383    2.1632    2.2994    2.4470    2.6060
    2.7763    2.9579    3.1509    3.3553    3.5710
    3.7981    4.0365    4.2863    4.5474    4.8199
    5.1037    5.3989    5.7055    6.0234    6.3526
    6.6932    7.0452    7.4085    7.7827    8.1525
    8.5333    8.9249    9.3274    9.7409   10.1652
   10.6004   11.0465   11.5035

     0     1

   11.4847   11.4912   11.5040   11.5233   11.5490
   11.5811   11.6197   11.6647   11.7161   11.7739
   11.8382   11.9089   11.9860   12.0696   12.1595
   12.2559   12.3587   12.4680   12.5837   12.7058
   12.8343   12.9693   13.1106   13.2585   13.4127
   13.5734   13.7404   13.9140   14.0939   14.2803
   14.4731   14.6723   14.8779   15.0901   15.3113
   15.5390   15.7732   16.0139   16.2611   16.5148
   16.7750   17.0417   17.3149

     0     1

 BARRIER
   11.4847   10.0660   10.0561   10.0413   10.0216
    9.9970    9.9674    9.9330    9.8935    9.8492
    9.7999    9.7457    9.6866    9.6225    9.5536
    9.4797    9.4008    9.3171    9.2284    9.1348
    9.0362    8.9328    8.8244    8.7111    8.5928
    8.4696    8.3415    8.2085    8.0705    7.9277
    7.7799    7.6271    7.4695    7.3074    7.1588
    7.0057    6.8483    6.6864    6.5202    6.3496
    6.1746    5.9952    5.8114

     0     1

 ROT OUTPUT  YRSMO,YRSMOF
    0.0000    0.0103    0.0310    0.0620    0.1033
    0.1549    0.2169    0.2891    0.3717    0.4647
    0.5679    0.6815    0.8054    0.9397    1.0843
    1.2392    1.4044    1.5799    1.7658    1.9620
    2.1685    2.3854    2.6125    2.8501    3.0979
    3.3560    3.6245    3.9033    4.1925    4.4919
    4.8017    5.1218    5.4523    5.7927    6.1315
    6.4804    6.8392    7.2080    7.5867    7.9755
    8.3742    8.7829    9.2016

     0     1

    7.9712    7.9776    7.9905    8.0097    8.0354
    8.0676    8.1061    8.1511    8.2025    8.2604
    8.3246    8.3953    8.4724    8.5560    8.6460
    8.7424    8.8452    8.9544    9.0701    9.1922
    9.3208    9.4557    9.5971    9.7449    9.8991
   10.0598   10.2269   10.4004   10.5804   10.7667
   10.9595   11.1587   11.3644   11.5765   11.7977
   12.0254   12.2596   12.5003   12.7475   13.0012
   13.2614   13.5281   13.8013

     0     1

 BARRIER
    7.9712    7.9673    7.9595    7.9478    7.9322
    7.9127    7.8893    7.8620    7.8308    7.7957
    7.7567    7.7138    7.6670    7.6163    7.5617
    7.5032    7.4408    7.3745    7.3043    7.2302
    7.1522    7.0703    6.9845    6.8949    6.8013
    6.7038    6.6024    6.4971    6.3879    6.2748
    6.1578    6.0369    5.9121    5.7839    5.6662
    5.5451    5.4204    5.2924    5.1608    5.0257
    4.8872    4.7452    4.5997

     0     1


 ROT OUTPUT  FORMAT:   1   0   0
 EJAY,EJAYF
    0.0000    1.1560    1.1786    1.2125    1.2578
    1.3143    1.3822    1.4613    1.5518    1.6536
    1.7667    1.8911    2.0268    2.1739    2.3322
    2.5019    2.6828    2.8751    3.0787    3.2936
    3.5197    3.7573    4.0061    4.2662    4.5376
    4.8204    5.1144    5.4198    5.7365    6.0645
    6.4038    6.7544    7.1163    7.4867    7.8553
    8.2348    8.6252    9.0264    9.4385    9.8614
   10.2952   10.7399   11.1954

     0     1

   10.8629   10.8694   10.8823   10.9016   10.9273
   10.9595   10.9981   11.0432   11.0947   11.1526
   11.2170   11.2878   11.3650   11.4487   11.5388
   11.6354   11.7383   11.8478   11.9636   12.0859
   12.2147   12.3498   12.4914   12.6395   12.7940
   12.9549   13.1223   13.2960   13.4763   13.6629
   13.8560   14.0556   14.2616   14.4745   14.6965
   14.9250   15.1600   15.4015   15.6495   15.9041
   16.1652   16.4328   16.7070

     0     1

 BARRIER
   10.8629    9.7134    9.7037    9.6890    9.6695
    9.6452    9.6159    9.5818    9.5428    9.4990
    9.4503    9.3966    9.3382    9.2748    9.2066
    9.1335    9.0555    8.9727    8.8850    8.7924
    8.6949    8.5926    8.4854    8.3733    8.2563
    8.1345    8.0078    7.8762    7.7398    7.5985
    7.4523    7.3012    7.1453    6.9879    6.8412
    6.6902    6.5348    6.3751    6.2111    6.0427
    5.8700    5.6930    5.5116

     0     1

 ROT OUTPUT  YRSMO,YRSMOF
    0.0000    0.0104    0.0312    0.0625    0.1041
    0.1562    0.2187    0.2916    0.3749    0.4686
    0.5728    0.6874    0.8123    0.9477    1.0935
    1.2497    1.4164    1.5934    1.7809    1.9787
    2.1870    2.4057    2.6348    2.8744    3.1243
    3.3847    3.6555    3.9366    4.2282    4.5303
    4.8427    5.1655    5.4988    5.8402    6.1819
    6.5337    6.8955    7.2674    7.6493    8.0413
    8.4434    8.8555    9.2777

     0     1

    7.9324    7.9388    7.9517    7.9710    7.9968
    8.0289    8.0676    8.1126    8.1641    8.2221
    8.2864    8.3572    8.4345    8.5181    8.6083
    8.7048    8.8078    8.9172    9.0331    9.1554
    9.2841    9.4193    9.5609    9.7089    9.8634
   10.0244   10.1917   10.3655   10.5457   10.7324
   10.9255   11.1250   11.3310   11.5440   11.7659
   11.9944   12.2294   12.4709   12.7190   12.9735
   13.2346   13.5023   13.7764

     0     1

 BARRIER
    7.9324    7.9284    7.9205    7.9085    7.8926
    7.8727    7.8489    7.8210    7.7892    7.7534
    7.7136    7.6699    7.6221    7.5704    7.5147
    7.4551    7.3914    7.3238    7.2522    7.1766
    7.0971    7.0136    6.9261    6.8346    6.7391
    6.6397    6.5363    6.4289    6.3175    6.2021
    6.0828    5.9595    5.8322    5.7038    5.5840
    5.4607    5.3339    5.2036    5.0697    4.9323
    4.7913    4.6468    4.4988

     0     1


 ROT OUTPUT  FORMAT:   1   0   0
 EJAY,EJAYF
    0.0000    0.8723    0.8948    0.9284    0.9733
    1.0295    1.0968    1.1754    1.2652    1.3662
    1.4785    1.6019    1.7367    1.8826    2.0397
    2.2081    2.3877    2.5785    2.7806    2.9939
    3.2184    3.4541    3.7011    3.9593    4.2287
    4.5093    4.8012    5.1042    5.4185    5.7441
    6.0808    6.4288    6.7880    7.1533    7.5196
    7.8966    8.2844    8.6829    9.0923    9.5125
    9.9434   10.3851   10.8377

     0     1

   10.1448   10.1513   10.1642   10.1836   10.2094
   10.2417   10.2804   10.3256   10.3773   10.4354
   10.4999   10.5710   10.6484   10.7324   10.8228
   10.9196   11.0229   11.1327   11.2489   11.3716
   11.5007   11.6363   11.7783   11.9268   12.0818
   12.2432   12.4111   12.5854   12.7662   12.9534
   13.1471   13.3473   13.5539   13.7681   13.9912
   14.2208   14.4569   14.6996   14.9489   15.2047
   15.4671   15.7360   16.0115

     0     1

 BARRIER
   10.1448    9.2790    9.2695    9.2551    9.2361
    9.2122    9.1836    9.1502    9.1121    9.0692
    9.0215    8.9690    8.9118    8.8498    8.7830
    8.7115    8.6352    8.5541    8.4683    8.3777
    8.2823    8.1822    8.0773    7.9676    7.8531
    7.7339    7.6099    7.4812    7.3476    7.2094
    7.0663    6.9185    6.7659    6.6148    6.4716
    6.3242    6.1725    6.0167    5.8566    5.6922
    5.5237    5.3509    5.1739

     0     1

 ROT OUTPUT  YRSMO,YRSMOF
    0.0000    0.0105    0.0315    0.0630    0.1050
    0.1576    0.2206    0.2941    0.3781    0.4727
    0.5777    0.6932    0.8193    0.9558    1.1029
    1.2604    1.4285    1.6070    1.7961    1.9957
    2.2058    2.4263    2.6574    2.8990    3.1511
    3.4137    3.6868    3.9704    4.2645    4.5691
    4.8842    5.2098    5.5459    5.8883    6.2329
    6.5876    6.9524    7.3274    7.7126    8.1079
    8.5133    8.9289    9.3546

     0     1

    7.8788    7.8852    7.8981    7.9175    7.9433
    7.9756    8.0144    8.0595    8.1112    8.1693
    8.2339    8.3049    8.3824    8.4663    8.5567
    8.6535    8.7569    8.8666    8.9828    9.1055
    9.2346    9.3702    9.5123    9.6608    9.8157
    9.9771   10.1450   10.3193   10.5001   10.6874
   10.8810   11.0812   11.2878   11.5020   11.7251
   11.9547   12.1908   12.4335   12.6828   12.9386
   13.2010   13.4699   13.7454

     0     1

 BARRIER
    7.8788    7.8747    7.8666    7.8545    7.8383
    7.8181    7.7938    7.7654    7.7331    7.6966
    7.6562    7.6117    7.5631    7.5105    7.4538
    7.3931    7.3284    7.2596    7.1867    7.1098
    7.0289    6.9439    6.8549    6.7618    6.6646
    6.5635    6.4582    6.3490    6.2357    6.1183
    5.9969    5.8714    5.7419    5.6137    5.4922
    5.3671    5.2384    5.1061    4.9702    4.8308
    4.6877    4.5411    4.3908

     0     1


 ROT OUTPUT  FORMAT:   1   0   0
 EJAY,EJAYF
    0.0000    0.7421    0.7646    0.7983    0.8433
    0.8995    0.9669    1.0456    1.1355    1.2366
    1.3490    1.4727    1.6075    1.7537    1.9110
    2.0796    2.2594    2.4505    2.6528    2.8663
    3.0911    3.3271    3.5744    3.8329    4.1026
    4.3836    4.6758    4.9793    5.2940    5.6199
    5.9571    6.3055    6.6652    7.0286    7.3954
    7.7730    8.1614    8.5606    8.9706    9.3914
    9.8230   10.2654   10.7186

     0     1

    9.8071    9.8136    9.8266    9.8461    9.8720
    9.9045    9.9435    9.9889   10.0408   10.0993
   10.1642   10.2356   10.3135   10.3979   10.4888
   10.5862   10.6901   10.8004   10.9173   11.0406
   11.1705   11.3068   11.4496   11.5990   11.7548
   11.9171   12.0859   12.2612   12.4429   12.6312
   12.8260   13.0272   13.2350   13.4512   13.6759
   13.9073   14.1452   14.3898   14.6409   14.8987
   15.1631   15.4340   15.7116

     0     1

 BARRIER
    9.8071    9.0715    9.0620    9.0478    9.0288
    9.0050    8.9765    8.9433    8.9053    8.8626
    8.8152    8.7629    8.7060    8.6443    8.5778
    8.5066    8.4306    8.3499    8.2645    8.1743
    8.0794    7.9797    7.8753    7.7661    7.6521
    7.5335    7.4101    7.2819    7.1490    7.0113
    6.8689    6.7217    6.5698    6.4225    6.2805
    6.1343    5.9838    5.8292    5.6704    5.5073
    5.3401    5.1687    4.9931

     0     1

 ROT OUTPUT  YRSMO,YRSMOF
    0.0000    0.0106    0.0318    0.0636    0.1059
    0.1589    0.2225    0.2966    0.3814    0.4767
    0.5826    0.6992    0.8263    0.9640    1.1123
    1.2712    1.4407    1.6208    1.8115    2.0127
    2.2246    2.4471    2.6801    2.9238    3.1780
    3.4428    3.7183    4.0043    4.3009    4.6081
    4.9259    5.2543    5.5933    5.9367    6.2842
    6.6419    7.0098    7.3879    7.7763    8.1749
    8.5838    9.0029    9.4322

     0     1

    7.8415    7.8480    7.8609    7.8804    7.9064
    7.9388    7.9778    8.0232    8.0752    8.1336
    8.1985    8.2699    8.3479    8.4322    8.5231
    8.6205    8.7244    8.8348    8.9516    9.0750
    9.2048    9.3412    9.4840    9.6333    9.7891
    9.9514   10.1202   10.2955   10.4773   10.6656
   10.8603   11.0616   11.2693   11.4855   11.7102
   11.9416   12.1795   12.4241   12.6753   12.9330
   13.1974   13.4684   13.7460

     0     1

 BARRIER
    7.8415    7.8374    7.8292    7.8169    7.8005
    7.7799    7.7553    7.7266    7.6938    7.6569
    7.6159    7.5708    7.5216    7.4683    7.4108
    7.3493    7.2837    7.2140    7.1402    7.0622
    6.9802    6.8941    6.8039    6.7095    6.6111
    6.5086    6.4020    6.2912    6.1764    6.0575
    5.9344    5.8073    5.6760    5.5488    5.4261
    5.2997    5.1698    5.0362    4.8989    4.7581
    4.6136    4.4655    4.3138

     0     1


 ROT OUTPUT  FORMAT:   1   0   0
 EJAY,EJAYF
    0.0000    2.2114    2.2341    2.2681    2.3136
    2.3704    2.4385    2.5180    2.6088    2.7111
    2.8246    2.9495    3.0858    3.2335    3.3925
    3.5628    3.7445    3.9376    4.1420    4.3578
    4.5849    4.8234    5.0733    5.3345    5.6070
    5.8909    6.1862    6.4929    6.8108    7.1402
    7.4809    7.8330    8.1964    8.5711    8.9421
    9.3239    9.7165   10.1202   10.5347   10.9601
   11.3965   11.8438   12.3020

     0     1

   13.2102   13.2168   13.2299   13.2495   13.2756
   13.3083   13.3476   13.3934   13.4457   13.5045
   13.5699   13.6419   13.7204   13.8054   13.8969
   13.9950   14.0997   14.2109   14.3286   14.4528
   14.5836   14.7210   14.8649   15.0153   15.1722
   15.3357   15.5058   15.6824   15.8655   16.0551
   16.2513   16.4541   16.6634   16.8792   17.1021
   17.3316   17.5676   17.8102   18.0594   18.3151
   18.5773   18.8461   19.1215

     0     1

 BARRIER
   13.2102   11.0054   10.9958   10.9813   10.9621
   10.9380   10.9091   10.8754   10.8368   10.7935
   10.7453   10.6923   10.6345   10.5719   10.5045
   10.4322   10.3552   10.2733   10.1866   10.0950
    9.9987    9.8976    9.7916    9.6808    9.5652
    9.4448    9.3196    9.1895    9.0546    8.9150
    8.7705    8.6211    8.4670    8.3080    8.1600
    8.0077    7.8511    7.6901    7.5247    7.3549
    7.1808    7.0023    6.8195

     0     1

 ROT OUTPUT  YRSMO,YRSMOF
    0.0000    0.0102    0.0307    0.0615    0.1024
    0.1537    0.2151    0.2868    0.3688    0.4610
    0.5634    0.6761    0.7991    0.9322    1.0757
    1.2293    1.3932    1.5674    1.7518    1.9465
    2.1513    2.3665    2.5919    2.8275    3.0733
    3.3295    3.5958    3.8724    4.1593    4.4563
    4.7637    5.0813    5.4091    5.7471    6.0839
    6.4305    6.7870    7.1535    7.5298    7.9161
    8.3122    8.7183    9.1343

     0     1

    8.4678    8.4743    8.4874    8.5070    8.5332
    8.5659    8.6051    8.6509    8.7032    8.7621
    8.8275    8.8994    8.9779    9.0629    9.1545
    9.2526    9.3572    9.4684    9.5861    9.7104
    9.8412    9.9785   10.1224   10.2728   10.4298
   10.5933   10.7633   10.9399   11.1230   11.3127
   11.5089   11.7116   11.9209   12.1367   12.3596
   12.5891   12.8251   13.0677   13.3169   13.5726
   13.8349   14.1037   14.3790

     0     1

 BARRIER
    8.4678    8.4640    8.4566    8.4455    8.4307
    8.4122    8.3900    8.3640    8.3344    8.3011
    8.2640    8.2233    8.1788    8.1306    8.0788
    8.0232    7.9639    7.9010    7.8343    7.7639
    7.6898    7.6120    7.5305    7.4453    7.3564
    7.2638    7.1675    7.0675    6.9637    6.8563
    6.7452    6.6303    6.5118    6.3896    6.2757
    6.1586    6.0381    5.9143    5.7871    5.6565
    5.5226    5.3854    5.2447

     0     1


 ROT OUTPUT  FORMAT:   1   0   0
 EJAY,EJAYF
    0.0000    1.7812    1.8038    1.8376    1.8827
    1.9390    2.0067    2.0856    2.1758    2.2773
    2.3900    2.5140    2.6493    2.7959    2.9537
    3.1228    3.3032    3.4948    3.6978    3.9120
    4.1375    4.3742    4.6222    4.8816    5.1521
    5.4340    5.7271    6.0315    6.3472    6.6741
    7.0123    7.3618    7.7226    8.0926    8.4609
    8.8402    9.2302    9.6312   10.0430   10.4656
   10.8991   11.3434   11.7986

     0     1

   12.3207   12.3273   12.3404   12.3601   12.3864
   12.4192   12.4586   12.5045   12.5571   12.6162
   12.6818   12.7541   12.8328   12.9182   13.0101
   13.1086   13.2137   13.3253   13.4435   13.5683
   13.6996   13.8375   13.9819   14.1329   14.2905
   14.4547   14.6254   14.8027   14.9865   15.1770
   15.3739   15.5775   15.7876   16.0044   16.2285
   16.4591   16.6964   16.9402   17.1906   17.4476
   17.7112   17.9814   18.2582

     0     1

 BARRIER
   12.3207   10.5461   10.5366   10.5225   10.5037
   10.4801   10.4519   10.4189   10.3813   10.3389
   10.2918   10.2400   10.1835   10.1223   10.0564
    9.9858    9.9105    9.8305    9.7457    9.6563
    9.5621    9.4632    9.3597    9.2514    9.1384
    9.0207    8.8983    8.7712    8.6394    8.5028
    8.3616    8.2157    8.0650    7.9119    7.7675
    7.6190    7.4661    7.3090    7.1477    6.9820
    6.8122    6.6380    6.4596

     0     1

 ROT OUTPUT  YRSMO,YRSMOF
    0.0000    0.0103    0.0310    0.0620    0.1033
    0.1550    0.2170    0.2893    0.3719    0.4649
    0.5682    0.6819    0.8059    0.9402    1.0848
    1.2398    1.4051    1.5807    1.7667    1.9630
    2.1696    2.3866    2.6139    2.8515    3.0995
    3.3578    3.6264    3.9053    4.1946    4.4942
    4.8042    5.1244    5.4551    5.7944    6.1338
    6.4833    6.8428    7.2123    7.5918    7.9813
    8.3807    8.7902    9.2097

     0     1

    8.4386    8.4452    8.4583    8.4780    8.5043
    8.5371    8.5765    8.6225    8.6750    8.7341
    8.7998    8.8720    8.9508    9.0362    9.1281
    9.2266    9.3316    9.4433    9.5614    9.6862
    9.8175    9.9554   10.0999   10.2509   10.4085
   10.5726   10.7434   10.9206   11.1045   11.2949
   11.4919   11.6954   11.9056   12.1224   12.3464
   12.5771   12.8143   13.0581   13.3086   13.5656
   13.8292   14.0994   14.3762

     0     1

 BARRIER
    8.4386    8.4349    8.4273    8.4160    8.4010
    8.3822    8.3596    8.3332    8.3031    8.2692
    8.2315    8.1901    8.1449    8.0960    8.0433
    7.9868    7.9265    7.8625    7.7948    7.7232
    7.6479    7.5688    7.4860    7.3994    7.3090
    7.2149    7.1170    7.0153    6.9099    6.8007
    6.6877    6.5710    6.4505    6.3280    6.2126
    6.0937    5.9715    5.8459    5.7168    5.5843
    5.4485    5.3092    5.1665

     0     1


 ROT OUTPUT  FORMAT:   1   0   0
 EJAY,EJAYF
    0.0000    1.6101    1.6327    1.6667    1.7120
    1.7685    1.8364    1.9157    2.0062    2.1080
    2.2212    2.3457    2.4815    2.6286    2.7870
    2.9568    3.1379    3.3302    3.5339    3.7490
    3.9753    4.2130    4.4619    4.7222    4.9938
    5.2767    5.5710    5.8765    6.1934    6.5216
    6.8611    7.2119    7.5740    7.9432    8.3130
    8.6936    9.0852    9.4876    9.9010   10.3252
   10.7603   11.2064   11.6633

     0     1

   11.9657   11.9723   11.9855   12.0053   12.0317
   12.0646   12.1042   12.1504   12.2031   12.2625
   12.3284   12.4010   12.4801   12.5659   12.6582
   12.7571   12.8626   12.9748   13.0935   13.2188
   13.3507   13.4892   13.6343   13.7859   13.9442
   14.1091   14.2806   14.4586   14.6433   14.8345
   15.0324   15.2368   15.4479   15.6658   15.8911
   16.1231   16.3616   16.6068   16.8586   17.1170
   17.3821   17.6538   17.9321

     0     1

 BARRIER
   11.9657   10.3622   10.3528   10.3386   10.3197
   10.2961   10.2678   10.2347   10.1970   10.1545
   10.1072   10.0553    9.9986    9.9373    9.8712
    9.8003    9.7248    9.6445    9.5595    9.4698
    9.3754    9.2762    9.1723    9.0637    8.9504
    8.8324    8.7096    8.5821    8.4499    8.3130
    8.1713    8.0249    7.8738    7.7226    7.5782
    7.4294    7.2764    7.1192    6.9576    6.7918
    6.6218    6.4474    6.2688

     0     1

 ROT OUTPUT  YRSMO,YRSMOF
    0.0000    0.0104    0.0313    0.0625    0.1042
    0.1563    0.2188    0.2918    0.3751    0.4689
    0.5731    0.6877    0.8127    0.9482    1.0941
    1.2504    1.4171    1.5942    1.7818    1.9798
    2.1882    2.4070    2.6362    2.8759    3.1259
    3.3864    3.6573    3.9387    4.2304    4.5326
    4.8452    5.1682    5.5016    5.8421    6.1844
    6.5368    6.8993    7.2719    7.6545    8.0473
    8.4501    8.8630    9.2860

     0     1

    8.3976    8.4042    8.4174    8.4372    8.4635
    8.4965    8.5361    8.5823    8.6350    8.6944
    8.7603    8.8329    8.9120    8.9977    9.0901
    9.1890    9.2945    9.4066    9.5253    9.6506
    9.7825    9.9210   10.0661   10.2178   10.3761
   10.5410   10.7124   10.8905   11.0752   11.2664
   11.4643   11.6687   11.8797   12.0977   12.3230
   12.5549   12.7935   13.0387   13.2905   13.5489
   13.8140   14.0856   14.3640

     0     1

 BARRIER
    8.3976    8.3938    8.3861    8.3746    8.3593
    8.3402    8.3173    8.2905    8.2599    8.2255
    8.1872    8.1452    8.0993    8.0495    7.9960
    7.9386    7.8774    7.8124    7.7436    7.6709
    7.5944    7.5141    7.4299    7.3419    7.2502
    7.1545    7.0551    6.9518    6.8447    6.7338
    6.6191    6.5005    6.3781    6.2556    6.1386
    6.0181    5.8942    5.7668    5.6359    5.5016
    5.3639    5.2226    5.0780

     0     1


 ROT OUTPUT  FORMAT:   1   0   0
 EJAY,EJAYF
    0.0000    1.1769    1.1993    1.2329    1.2777
    1.3337    1.4009    1.4793    1.5688    1.6696
    1.7816    1.9048    2.0392    2.1848    2.3416
    2.5096    2.6887    2.8791    3.0807    3.2935
    3.5175    3.7526    3.9990    4.2566    4.5254
    4.8053    5.0965    5.3989    5.7124    6.0372
    6.3732    6.7203    7.0787    7.4420    7.8082
    8.1853    8.5732    8.9718    9.3812    9.8014
   10.2324   10.6742   11.1268

     0     1

   10.9941   11.0007   11.0140   11.0338   11.0604
   11.0935   11.1332   11.1796   11.2326   11.2923
   11.3585   11.4314   11.5109   11.5970   11.6898
   11.7892   11.8952   12.0078   12.1271   12.2530
   12.3855   12.5247   12.6704   12.8228   12.9818
   13.1475   13.3198   13.4987   13.6842   13.8763
   14.0751   14.2805   14.4925   14.7118   14.9384
   15.1717   15.4117   15.6583   15.9116   16.1715
   16.4381   16.7114   16.9913

     0     1

 BARRIER
   10.9941    9.8238    9.8147    9.8010    9.7827
    9.7598    9.7324    9.7004    9.6638    9.6226
    9.5769    9.5266    9.4717    9.4123    9.3482
    9.2796    9.2065    9.1287    9.0464    8.9595
    8.8681    8.7720    8.6714    8.5662    8.4565
    8.3422    8.2233    8.0998    7.9718    7.8391
    7.7019    7.5602    7.4138    7.2698    7.1302
    6.9864    6.8385    6.6865    6.5303    6.3701
    6.2057    6.0372    5.8646

     0     1

 ROT OUTPUT  YRSMO,YRSMOF
    0.0000    0.0105    0.0315    0.0631    0.1051
    0.1576    0.2207    0.2943    0.3783    0.4729
    0.5780    0.6936    0.8197    0.9563    1.1035
    1.2611    1.4293    1.6079    1.7971    1.9968
    2.2069    2.4276    2.6588    2.9005    3.1528
    3.4155    3.6887    3.9725    4.2667    4.5715
    4.8868    5.2126    5.5489    5.8904    6.2356
    6.5910    6.9565    7.3323    7.7181    8.1142
    8.5204    8.9367    9.3633

     0     1

    8.3461    8.3527    8.3660    8.3859    8.4124
    8.4455    8.4853    8.5316    8.5847    8.6443
    8.7105    8.7834    8.8629    8.9491    9.0418
    9.1412    9.2472    9.3599    9.4791    9.6050
    9.7376    9.8767   10.0225   10.1749   10.3339
   10.4995   10.6718   10.8507   11.0362   11.2284
   11.4271   11.6326   11.8446   12.0638   12.2904
   12.5237   12.7637   13.0103   13.2636   13.5235
   13.7901   14.0634   14.3434

     0     1

 BARRIER
    8.3461    8.3422    8.3345    8.3228    8.3073
    8.2879    8.2646    8.2374    8.2063    8.1714
    8.1325    8.0898    8.0432    7.9927    7.9384
    7.8801    7.8180    7.7520    7.6821    7.6083
    7.5306    7.4491    7.3636    7.2743    7.1811
    7.0840    6.9831    6.8782    6.7695    6.6569
    6.5404    6.4200    6.2957    6.1734    6.0548
    5.9327    5.8071    5.6781    5.5455    5.4094
    5.2698    5.1267    4.9801

     0     1


 ROT OUTPUT  FORMAT:   1   0   0
 EJAY,EJAYF
    0.0000    0.9998    1.0222    1.0559    1.1008
    1.1569    1.2242    1.3027    1.3925    1.4934
    1.6056    1.7291    1.8637    2.0095    2.1666
    2.3349    2.5144    2.7051    2.9071    3.1203
    3.3446    3.5803    3.8271    4.0851    4.3544
    4.6349    4.9266    5.2295    5.5436    5.8690
    6.2056    6.5534    6.9124    7.2742    7.6412
    8.0191    8.4077    8.8071    9.2174    9.6384
   10.0703   10.5129   10.9664

     0     1

   10.5865   10.5932   10.6065   10.6265   10.6531
   10.6863   10.7263   10.7728   10.8261   10.8859
   10.9525   11.0257   11.1055   11.1920   11.2851
   11.3849   11.4914   11.6045   11.7242   11.8507
   11.9837   12.1234   12.2698   12.4228   12.5825
   12.7488   12.9218   13.1015   13.2878   13.4807
   13.6803   13.8865   14.0994   14.3200   14.5478
   14.7824   15.0236   15.2716   15.5263   15.7876
   16.0557   16.3304   16.6119

     0     1

 BARRIER
   10.5865    9.5934    9.5843    9.5706    9.5523
    9.5295    9.5021    9.4701    9.4336    9.3925
    9.3468    9.2966    9.2418    9.1824    9.1185
    9.0500    8.9770    8.8993    8.8172    8.7304
    8.6391    8.5432    8.4427    8.3377    8.2281
    8.1140    7.9952    7.8720    7.7441    7.6117
    7.4747    7.3332    7.1870    7.0457    6.9066
    6.7633    6.6160    6.4645    6.3089    6.1492
    5.9854    5.8175    5.6455

     0     1

 ROT OUTPUT  YRSMO,YRSMOF
    0.0000    0.0106    0.0318    0.0636    0.1060
    0.1590    0.2226    0.2968    0.3816    0.4770
    0.5830    0.6996    0.8268    0.9646    1.1130
    1.2720    1.4416    1.6218    1.8126    2.0140
    2.2260    2.4486    2.6818    2.9256    3.1800
    3.4450    3.7206    4.0067    4.3035    4.6109
    4.9289    5.2575    5.5967    5.9394    6.2875
    6.6459    7.0145    7.3934    7.7825    8.1819
    8.5916    9.0114    9.4416

     0     1

    8.2958    8.3024    8.3157    8.3357    8.3623
    8.3956    8.4355    8.4820    8.5353    8.5952
    8.6617    8.7349    8.8147    8.9012    8.9943
    9.0941    9.2006    9.3137    9.4335    9.5599
    9.6929    9.8327    9.9790   10.1320   10.2917
   10.4581   10.6310   10.8107   10.9970   11.1899
   11.3895   11.5958   11.8087   12.0292   12.2570
   12.4916   12.7329   12.9808   13.2355   13.4968
   13.7649   14.0397   14.3211

     0     1

 BARRIER
    8.2958    8.2918    8.2839    8.2721    8.2563
    8.2366    8.2129    8.1853    8.1537    8.1182
    8.0787    8.0353    7.9879    7.9366    7.8814
    7.8222    7.7590    7.6919    7.6209    7.5459
    7.4670    7.3841    7.2973    7.2065    7.1118
    7.0131    6.9105    6.8039    6.6934    6.5790
    6.4606    6.3382    6.2119    6.0898    5.9695
    5.8457    5.7183    5.5874    5.4529    5.3149
    5.1733    5.0282    4.8795

     0     1


 ROT OUTPUT  FORMAT:   1   0   0
 EJAY,EJAYF
    0.0000    0.7168    0.7391    0.7726    0.8173
    0.8731    0.9401    1.0183    1.1076    1.2081
    1.3197    1.4426    1.5766    1.7217    1.8781
    2.0456    2.2242    2.4140    2.6150    2.8272
    3.0505    3.2850    3.5307    3.7875    4.0555
    4.3347    4.6250    4.9265    5.2391    5.5629
    5.8979    6.2441    6.6014    6.9596    7.3251
    7.7014    8.0884    8.4862    8.8948    9.3141
    9.7442   10.1851   10.6367

     0     1

    9.9559    9.9625    9.9759    9.9959   10.0225
   10.0558   10.0958   10.1424   10.1957   10.2557
   10.3223   10.3956   10.4756   10.5622   10.6554
   10.7554   10.8620   10.9752   11.0952   11.2218
   11.3550   11.4949   11.6415   11.7947   11.9546
   12.1212   12.2944   12.4743   12.6608   12.8541
   13.0539   13.2605   13.4737   13.6950   13.9236
   14.1589   14.4009   14.6496   14.9050   15.1672
   15.4361   15.7117   15.9940

     0     1

 BARRIER
    9.9559    9.2458    9.2368    9.2233    9.2052
    9.1827    9.1557    9.1242    9.0881    9.0476
    9.0026    8.9530    8.8990    8.8404    8.7774
    8.7098    8.6378    8.5612    8.4801    8.3946
    8.3045    8.2099    8.1108    8.0072    7.8991
    7.7865    7.6694    7.5478    7.4217    7.2911
    7.1560    7.0164    6.8723    6.7355    6.5985
    6.4575    6.3125    6.1634    6.0103    5.8531
    5.6919    5.5266    5.3573

     0     1

 ROT OUTPUT  YRSMO,YRSMOF
    0.0000    0.0107    0.0321    0.0642    0.1069
    0.1604    0.2245    0.2994    0.3849    0.4811
    0.5880    0.7057    0.8340    0.9730    1.1226
    1.2830    1.4541    1.6358    1.8283    2.0314
    2.2453    2.4698    2.7050    2.9509    3.2075
    3.4748    3.7528    4.0415    4.3409    4.6509
    4.9717    5.3031    5.6452    5.9890    6.3401
    6.7015    7.0732    7.4553    7.8478    8.2505
    8.6637    9.0871    9.5209

     0     1

    8.2756    8.2823    8.2956    8.3156    8.3422
    8.3755    8.4155    8.4622    8.5155    8.5754
    8.6420    8.7153    8.7953    8.8819    8.9752
    9.0751    9.1817    9.2950    9.4149    9.5415
    9.6747    9.8146    9.9612   10.1144   10.2743
   10.4409   10.6141   10.7940   10.9806   11.1738
   11.3737   11.5802   11.7934   12.0147   12.2433
   12.4786   12.7206   12.9693   13.2247   13.4869
   13.7558   14.0314   14.3137

     0     1

 BARRIER
    8.2756    8.2716    8.2635    8.2514    8.2353
    8.2152    8.1910    8.1628    8.1306    8.0943
    8.0540    8.0097    7.9613    7.9089    7.8525
    7.7921    7.7276    7.6591    7.5866    7.5100
    7.4295    7.3448    7.2562    7.1635    7.0668
    6.9661    6.8613    6.7525    6.6397    6.5229
    6.4020    6.2771    6.1481    6.0258    5.9032
    5.7771    5.6473    5.5140    5.3770    5.2364
    5.0921    4.9443    4.7928

     0     1


 ROT OUTPUT  FORMAT:   1   0   0
 EJAY,EJAYF
    0.0000    0.6188    0.6412    0.6749    0.7198
    0.7759    0.8433    0.9218    1.0116    1.1127
    1.2249    1.3484    1.4831    1.6290    1.7862
    1.9545    2.1341    2.3249    2.5270    2.7403
    2.9647    3.2005    3.4474    3.7056    3.9750
    4.2556    4.5474    4.8505    5.1648    5.4903
    5.8271    6.1750    6.5342    6.8921    7.2595
    7.6378    8.0268    8.4267    8.8374    9.2589
    9.6912   10.1344   10.5884

     0     1

    9.7357    9.7423    9.7557    9.7757    9.8024
    9.8357    9.8758    9.9225    9.9758   10.0359
   10.1026   10.1760   10.2561   10.3428   10.4362
   10.5363   10.6430   10.7564   10.8765   11.0033
   11.1367   11.2768   11.4236   11.5770   11.7371
   11.9039   12.0774   12.2575   12.4443   12.6378
   12.8380   13.0448   13.2583   13.4806   13.7099
   13.9459   14.1887   14.4382   14.6944   14.9574
   15.2271   15.5036   15.7868

     0     1

 BARRIER
    9.7357    9.1236    9.1145    9.1008    9.0826
    9.0598    9.0325    9.0006    8.9642    8.9232
    8.8777    8.8276    8.7730    8.7138    8.6500
    8.5817    8.5089    8.4315    8.3495    8.2630
    8.1720    8.0763    7.9762    7.8715    7.7622
    7.6483    7.5300    7.4070    7.2795    7.1475
    7.0109    6.8698    6.7241    6.5885    6.4504
    6.3081    6.1619    6.0115    5.8570    5.6985
    5.5359    5.3692    5.1985

     0     1

 ROT OUTPUT  YRSMO,YRSMOF
    0.0000    0.0108    0.0324    0.0647    0.1078
    0.1618    0.2265    0.3020    0.3883    0.4853
    0.5932    0.7118    0.8412    0.9814    1.1324
    1.2942    1.4667    1.6501    1.8442    2.0491
    2.2648    2.4913    2.7286    2.9766    3.2355
    3.5051    3.7855    4.0767    4.3787    4.6914
    5.0150    5.3493    5.6944    6.0392    6.3933
    6.7578    7.1327    7.5181    7.9139    8.3201
    8.7367    9.1637    9.6012

     0     1

    8.2464    8.2531    8.2664    8.2864    8.3131
    8.3465    8.3865    8.4332    8.4866    8.5466
    8.6133    8.6867    8.7668    8.8535    8.9469
    9.0470    9.1537    9.2671    9.3872    9.5140
    9.6474    9.7875    9.9343   10.0877   10.2479
   10.4147   10.5881   10.7682   10.9551   11.1485
   11.3487   11.5555   11.7690   11.9913   12.2206
   12.4566   12.6994   12.9489   13.2051   13.4681
   13.7379   14.0143   14.2975

     0     1

 BARRIER
    8.2464    8.2423    8.2340    8.2217    8.2052
    8.1847    8.1600    8.1312    8.0983    8.0613
    8.0202    7.9749    7.9255    7.8721    7.8145
    7.7528    7.6870    7.6170    7.5430    7.4649
    7.3826    7.2962    7.2057    7.1111    7.0124
    6.9096    6.8026    6.6915    6.5764    6.4571
    6.3337    6.2062    6.0746    5.9521    5.8273
    5.6988    5.5666    5.4308    5.2913    5.1481
    5.0012    4.8506    4.6963

     0     1


 ROT OUTPUT  FORMAT:   1   0   0
 EJAY,EJAYF
    0.0000    0.3705    0.3928    0.4263    0.4709
    0.5267    0.5937    0.6718    0.7611    0.8615
    0.9732    1.0959    1.2298    1.3749    1.5312
    1.6986    1.8771    2.0668    2.2677    2.4798
    2.7030    2.9373    3.1829    3.4395    3.7074
    3.9864    4.2766    4.5779    4.8904    5.2140
    5.5488    5.8948    6.2511    6.6059    6.9715
    7.3479    7.7350    8.1329    8.5416    8.9610
    9.3912    9.8322   10.2839

     0     1

    9.1146    9.1213    9.1346    9.1547    9.1814
    9.2148    9.2549    9.3017    9.3551    9.4152
    9.4821    9.5555    9.6357    9.7226    9.8161
    9.9163   10.0232   10.1368   10.2571   10.3840
   10.5176   10.6579   10.8049   10.9586   11.1189
   11.2860   11.4597   11.6401   11.8272   12.0209
   12.2213   12.4285   12.6424   12.8657   13.0958
   13.3326   13.5761   13.8265   14.0836   14.3474
   14.6181   14.8955   15.1796

     0     1

 BARRIER
    9.1146    8.7508    8.7418    8.7284    8.7105
    8.6881    8.6612    8.6298    8.5940    8.5537
    8.5089    8.4596    8.4059    8.3477    8.2850
    8.2178    8.1461    8.0700    7.9893    7.9042
    7.8147    7.7206    7.6221    7.5191    7.4116
    7.2996    7.1831    7.0622    6.9368    6.8069
    6.6725    6.5337    6.3913    6.2598    6.1242
    5.9847    5.8411    5.6936    5.5420    5.3864
    5.2268    5.0633    4.8957

     0     1

 ROT OUTPUT  YRSMO,YRSMOF
    0.0000    0.0109    0.0326    0.0653    0.1088
    0.1632    0.2285    0.3046    0.3917    0.4896
    0.5984    0.7180    0.8486    0.9900    1.1423
    1.3055    1.4796    1.6645    1.8604    2.0671
    2.2847    2.5131    2.7525    3.0027    3.2638
    3.5358    3.8187    4.1124    4.4170    4.7325
    5.0589    5.3962    5.7436    6.0902    6.4473
    6.8149    7.1930    7.5817    7.9808    8.3905
    8.8107    9.2414    9.6826

     0     1

    8.2064    8.2131    8.2264    8.2465    8.2732
    8.3066    8.3467    8.3935    8.4469    8.5070
    8.5739    8.6473    8.7275    8.8144    8.9079
    9.0081    9.1150    9.2286    9.3489    9.4758
    9.6094    9.7497    9.8967   10.0504   10.2107
   10.3778   10.5515   10.7319   10.9190   11.1127
   11.3131   11.5203   11.7342   11.9575   12.1876
   12.4244   12.6679   12.9183   13.1754   13.4392
   13.7099   13.9873   14.2714

     0     1

 BARRIER
    8.2064    8.2022    8.1938    8.1812    8.1644
    8.1434    8.1182    8.0888    8.0553    8.0175
    7.9755    7.9293    7.8789    7.8244    7.7656
    7.7026    7.6354    7.5641    7.4885    7.4087
    7.3248    7.2366    7.1443    7.0477    6.9469
    6.8420    6.7328    6.6195    6.5019    6.3802
    6.2542    6.1241    5.9906    5.8674    5.7403
    5.6095    5.4749    5.3366    5.1946    5.0487
    4.8992    4.7459    4.5888

     0     1


 ROT OUTPUT  FORMAT:   1   0   0
 EJAY,EJAYF
    0.0000    2.0404    2.0628    2.0964    2.1412
    2.1972    2.2644    2.3428    2.4324    2.5332
    2.6452    2.7684    2.9028    3.0484    3.2052
    3.3732    3.5524    3.7429    3.9445    4.1573
    4.3813    4.6165    4.8629    5.1205    5.3893
    5.6694    5.9606    6.2630    6.5766    6.9014
    7.2374    7.5846    7.9431    8.3091    8.6761
    9.0539    9.4424    9.8418   10.2520   10.6730
   11.1048   11.5474   12.0008

     0     1

   13.0106   13.0172   13.0305   13.0504   13.0770
   13.1102   13.1500   13.1965   13.2496   13.3093
   13.3757   13.4487   13.5284   13.6147   13.7077
   13.8072   13.9135   14.0263   14.1458   14.2720
   14.4047   14.5441   14.6902   14.8429   15.0022
   15.1682   15.3408   15.5201   15.7059   15.8985
   16.0976   16.3034   16.5159   16.7348   16.9600
   17.1919   17.4303   17.6754   17.9271   18.1854
   18.4504   18.7219   19.0001

     0     1

 BARRIER
   13.0106   10.9768   10.9677   10.9540   10.9358
   10.9130   10.8856   10.8537   10.8172   10.7761
   10.7305   10.6803   10.6256   10.5663   10.5024
   10.4340   10.3610   10.2835   10.2014   10.1147
   10.0234    9.9276    9.8273    9.7224    9.6129
    9.4988    9.3802    9.2571    9.1293    8.9971
    8.8602    8.7188    8.5728    8.4257    8.2839
    8.1380    7.9879    7.8336    7.6751    7.5124
    7.3456    7.1746    6.9994

     0     1

 ROT OUTPUT  YRSMO,YRSMOF
    0.0000    0.0103    0.0310    0.0620    0.1034
    0.1551    0.2171    0.2894    0.3721    0.4652
    0.5685    0.6822    0.8063    0.9406    1.0854
    1.2404    1.4058    1.5815    1.7676    1.9640
    2.1707    2.3878    2.6152    2.8529    3.1010
    3.3594    3.6282    3.9073    4.1967    4.4965
    4.8066    5.1270    5.4578    5.7960    6.1361
    6.4862    6.8464    7.2165    7.5967    7.9869
    8.3871    8.7973    9.2175

     0     1

    8.9018    8.9084    8.9217    8.9416    8.9682
    9.0014    9.0412    9.0877    9.1408    9.2005
    9.2669    9.3399    9.4196    9.5059    9.5989
    9.6984    9.8047    9.9175   10.0370   10.1632
   10.2959   10.4354   10.5814   10.7341   10.8934
   11.0594   11.2320   11.4113   11.5971   11.7897
   11.9888   12.1946   12.4071   12.6260   12.8512
   13.0831   13.3215   13.5666   13.8183   14.0766
   14.3416   14.6131   14.8913

     0     1

 BARRIER
    8.9018    8.8981    8.8907    8.8796    8.8648
    8.8463    8.8241    8.7982    8.7687    8.7354
    8.6984    8.6577    8.6134    8.5653    8.5135
    8.4580    8.3989    8.3360    8.2695    8.1992
    8.1252    8.0476    7.9662    7.8812    7.7924
    7.7000    7.6038    7.5040    7.4005    7.2932
    7.1823    7.0677    6.9493    6.8301    6.7151
    6.5969    6.4752    6.3501    6.2216    6.0898
    5.9545    5.8159    5.6738

     0     1


 ROT OUTPUT  FORMAT:   1   0   0
 EJAY,EJAYF
    0.0000    1.7140    1.7364    1.7699    1.8147
    1.8706    1.9376    2.0159    2.1053    2.2059
    2.3177    2.4407    2.5749    2.7202    2.8767
    3.0444    3.2233    3.4133    3.6146    3.8270
    4.0506    4.2854    4.5313    4.7884    5.0567
    5.3362    5.6269    5.9288    6.2418    6.5660
    6.9014    7.2479    7.6057    7.9691    8.3355
    8.7127    9.1006    9.4994    9.9089   10.3293
   10.7604   11.2023   11.6550

     0     1

   12.3504   12.3571   12.3704   12.3905   12.4172
   12.4506   12.4906   12.5374   12.5908   12.6509
   12.7177   12.7911   12.8713   12.9581   13.0516
   13.1517   13.2586   13.3721   13.4923   13.6192
   13.7527   13.8930   14.0399   14.1935   14.3537
   14.5207   14.6943   14.8746   15.0616   15.2552
   15.4556   15.6626   15.8763   16.0965   16.3232
   16.5566   16.7966   17.0433   17.2967   17.5567
   17.8234   18.0968   18.3769

     0     1

 BARRIER
   12.3504   10.6430   10.6340   10.6205   10.6025
   10.5800   10.5530   10.5215   10.4855   10.4450
   10.3999   10.3504   10.2964   10.2379   10.1749
   10.1073   10.0353    9.9588    9.8777    9.7922
    9.7022    9.6076    9.5086    9.4050    9.2970
    9.1844    9.0674    8.9458    8.8198    8.6892
    8.5542    8.4146    8.2706    8.1274    7.9877
    7.8439    7.6960    7.5439    7.3878    7.2275
    7.0631    6.8945    6.7219

     0     1

 ROT OUTPUT  YRSMO,YRSMOF
    0.0000    0.0104    0.0313    0.0626    0.1043
    0.1564    0.2189    0.2919    0.3753    0.4691
    0.5734    0.6881    0.8132    0.9487    1.0946
    1.2510    1.4178    1.5950    1.7827    1.9808
    2.1893    2.4082    2.6375    2.8773    3.1275
    3.3881    3.6592    3.9407    4.2326    4.5349
    4.8476    5.1708    5.5044    5.8439    6.1868
    6.5399    6.9030    7.2763    7.6597    8.0531
    8.4567    8.8703    9.2941

     0     1

    8.8628    8.8695    8.8828    8.9029    8.9296
    8.9630    9.0030    9.0498    9.1032    9.1633
    9.2301    9.3035    9.3837    9.4705    9.5640
    9.6641    9.7710    9.8845   10.0047   10.1316
   10.2651   10.4054   10.5523   10.7059   10.8661
   11.0331   11.2067   11.3870   11.5740   11.7676
   11.9680   12.1750   12.3887   12.6089   12.8356
   13.0690   13.3090   13.5557   13.8091   14.0691
   14.3358   14.6092   14.8892

     0     1

 BARRIER
    8.8628    8.8590    8.8515    8.8403    8.8253
    8.8066    8.7841    8.7579    8.7279    8.6942
    8.6567    8.6155    8.5705    8.5218    8.4693
    8.4131    8.3532    8.2895    8.2220    8.1508
    8.0759    7.9972    7.9147    7.8286    7.7386
    7.6449    7.5475    7.4463    7.3414    7.2327
    7.1203    7.0042    6.8842    6.7650    6.6488
    6.5291    6.4060    6.2794    6.1494    6.0160
    5.8791    5.7389    5.5952

     0     1


 ROT OUTPUT  FORMAT:   1   0   0
 EJAY,EJAYF
    0.0000    1.3977    1.4200    1.4535    1.4981
    1.5539    1.6208    1.6989    1.7882    1.8886
    2.0002    2.1229    2.2568    2.4018    2.5580
    2.7253    2.9038    3.0935    3.2943    3.5063
    3.7294    3.9637    4.2091    4.4657    4.7335
    5.0124    5.3025    5.6037    5.9161    6.2396
    6.5743    6.9202    7.2772    7.6380    8.0037
    8.3802    8.7675    9.1656    9.5744    9.9940
   10.4244   10.8655   11.3174

     0     1

   11.7064   11.7131   11.7265   11.7467   11.7735
   11.8071   11.8474   11.8944   11.9481   12.0085
   12.0756   12.1494   12.2300   12.3173   12.4112
   12.5119   12.6193   12.7335   12.8543   12.9818
   13.1161   13.2570   13.4047   13.5591   13.7202
   13.8881   14.0626   14.2438   14.4318   14.6265
   14.8278   15.0359   15.2507   15.4722   15.7003
   15.9351   16.1766   16.4248   16.6797   16.9413
   17.2097   17.4847   17.7665

     0     1

 BARRIER
   11.7064   10.3154   10.3065   10.2932   10.2754
   10.2532   10.2265   10.1954   10.1599   10.1199
   10.0754   10.0266    9.9732    9.9155    9.8533
    9.7866    9.7155    9.6400    9.5600    9.4755
    9.3867    9.2933    9.1956    9.0934    8.9867
    8.8756    8.7601    8.6401    8.5157    8.3868
    8.2535    8.1158    7.9736    7.8342    7.6966
    7.5548    7.4091    7.2592    7.1053    6.9474
    6.7853    6.6192    6.4491

     0     1

 ROT OUTPUT  YRSMO,YRSMOF
    0.0000    0.0105    0.0315    0.0631    0.1051
    0.1577    0.2208    0.2944    0.3785    0.4732
    0.5783    0.6940    0.8201    0.9568    1.1040
    1.2617    1.4300    1.6087    1.7980    1.9978
    2.2081    2.4289    2.6602    2.9020    3.1544
    3.4172    3.6906    3.9745    4.2689    4.5738
    4.8893    5.2152    5.5517    5.8923    6.2382
    6.5942    6.9605    7.3369    7.7235    8.1202
    8.5272    8.9443    9.3716

     0     1

    8.8290    8.8357    8.8491    8.8692    8.8961
    8.9297    8.9699    9.0169    9.0706    9.1310
    9.1982    9.2720    9.3526    9.4398    9.5338
    9.6345    9.7419    9.8560    9.9769   10.1044
   10.2386   10.3796   10.5273   10.6817   10.8428
   11.0106   11.1852   11.3664   11.5544   11.7490
   11.9504   12.1585   12.3733   12.5948   12.8228
   13.0576   13.2991   13.5474   13.8023   14.0639
   14.3323   14.6073   14.8891

     0     1

 BARRIER
    8.8290    8.8252    8.8176    8.8062    8.7909
    8.7719    8.7491    8.7225    8.6921    8.6579
    8.6199    8.5780    8.5324    8.4830    8.4298
    8.3728    8.3119    8.2473    8.1789    8.1066
    8.0306    7.9508    7.8671    7.7797    7.6884
    7.5934    7.4945    7.3919    7.2854    7.1752
    7.0611    6.9433    6.8216    6.7024    6.5847
    6.4634    6.3387    6.2105    6.0788    5.9437
    5.8051    5.6630    5.5174

     0     1


 ROT OUTPUT  FORMAT:   1   0   0
 EJAY,EJAYF
    0.0000    1.0762    1.0985    1.1318    1.1763
    1.2319    1.2987    1.3765    1.4655    1.5656
    1.6768    1.7992    1.9326    2.0772    2.2330
    2.3998    2.5778    2.7668    2.9670    3.1784
    3.4008    3.6344    3.8791    4.1349    4.4018
    4.6799    4.9691    5.2694    5.5808    5.9034
    6.2370    6.5818    6.9378    7.2956    7.6604
    8.0359    8.4221    8.8192    9.2269    9.6454
   10.0746   10.5146   10.9653

     0     1

   11.0426   11.0494   11.0629   11.0831   11.1101
   11.1438   11.1842   11.2315   11.2854   11.3461
   11.4135   11.4877   11.5687   11.6563   11.7508
   11.8519   11.9598   12.0745   12.1959   12.3240
   12.4589   12.6005   12.7489   12.9040   13.0659
   13.2345   13.4098   13.5919   13.7807   13.9763
   14.1786   14.3877   14.6035   14.8261   15.0555
   15.2916   15.5345   15.7841   16.0404   16.3036
   16.5734   16.8500   17.1334

     0     1

 BARRIER
   11.0426    9.9732    9.9644    9.9513    9.9337
    9.9119    9.8856    9.8549    9.8199    9.7805
    9.7367    9.6886    9.6360    9.5791    9.5178
    9.4521    9.3821    9.3076    9.2288    9.1456
    9.0581    8.9661    8.8698    8.7691    8.6640
    8.5546    8.4407    8.3225    8.1999    8.0729
    7.9416    7.8058    7.6657    7.5305    7.3951
    7.2557    7.1123    6.9649    6.8136    6.6582
    6.4988    6.3354    6.1681

     0     1

 ROT OUTPUT  YRSMO,YRSMOF
    0.0000    0.0106    0.0318    0.0636    0.1061
    0.1591    0.2227    0.2969    0.3818    0.4772
    0.5833    0.7000    0.8272    0.9651    1.1136
    1.2726    1.4423    1.6226    1.8135    2.0150
    2.2271    2.4498    2.6831    2.9271    3.1816
    3.4467    3.7225    4.0088    4.3058    4.6133
    4.9315    5.2602    5.5996    5.9415    6.2902
    6.6493    7.0186    7.3982    7.7881    8.1882
    8.5986    9.0193    9.4502

     0     1

    8.7990    8.8057    8.8192    8.8395    8.8664
    8.9001    8.9406    8.9878    9.0418    9.1025
    9.1699    9.2441    9.3250    9.4127    9.5071
    9.6083    9.7162    9.8308    9.9522   10.0804
   10.2152   10.3569   10.5052   10.6604   10.8222
   10.9908   11.1662   11.3483   11.5371   11.7327
   11.9350   12.1441   12.3599   12.5825   12.8118
   13.0480   13.2908   13.5404   13.7968   14.0599
   14.3298   14.6064   14.8897

     0     1

 BARRIER
    8.7990    8.7951    8.7874    8.7758    8.7604
    8.7411    8.7179    8.6909    8.6600    8.6252
    8.5866    8.5441    8.4978    8.4476    8.3936
    8.3356    8.2739    8.2082    8.1387    8.0654
    7.9881    7.9070    7.8221    7.7333    7.6406
    7.5441    7.4437    7.3394    7.2313    7.1194
    7.0035    6.8838    6.7603    6.6410    6.5216
    6.3987    6.2722    6.1422    6.0087    5.8717
    5.7312    5.5871    5.4395

     0     1


 ROT OUTPUT  FORMAT:   1   0   0
 EJAY,EJAYF
    0.0000    0.9082    0.9305    0.9640    1.0086
    1.0644    1.1313    1.2094    1.2986    1.3990
    1.5105    1.6332    1.7671    1.9121    2.0682
    2.2355    2.4140    2.6036    2.8044    3.0163
    3.2394    3.4736    3.7190    3.9755    4.2432
    4.5221    4.8121    5.1132    5.4255    5.7490
    6.0836    6.4294    6.7863    7.1432    7.5091
    7.8857    8.2731    8.6712    9.0802    9.4999
    9.9304   10.3716   10.8236

     0     1

   10.6710   10.6778   10.6914   10.7117   10.7388
   10.7727   10.8134   10.8609   10.9151   10.9761
   11.0439   11.1185   11.1999   11.2880   11.3829
   11.4846   11.5931   11.7083   11.8304   11.9592
   12.0948   12.2372   12.3863   12.5423   12.7050
   12.8745   13.0508   13.2338   13.4236   13.6203
   13.8237   14.0338   14.2508   14.4748   14.7056
   14.9432   15.1876   15.4388   15.6967   15.9615
   16.2330   16.5114   16.7965

     0     1

 BARRIER
   10.6710    9.7696    9.7608    9.7477    9.7302
    9.7084    9.6821    9.6515    9.6165    9.5771
    9.5334    9.4853    9.4328    9.3759    9.3147
    9.2491    9.1791    9.1047    9.0260    8.9429
    8.8554    8.7636    8.6673    8.5667    8.4618
    8.3524    8.2387    8.1206    7.9981    7.8713
    7.7401    7.6045    7.4645    7.3315    7.1965
    7.0575    6.9145    6.7675    6.6166    6.4616
    6.3027    6.1398    5.9729

     0     1

 ROT OUTPUT  YRSMO,YRSMOF
    0.0000    0.0107    0.0321    0.0642    0.1070
    0.1605    0.2246    0.2995    0.3851    0.4814
    0.5884    0.7060    0.8344    0.9735    1.1232
    1.2837    1.4548    1.6367    1.8292    2.0325
    2.2464    2.4711    2.7064    2.9525    3.2092
    3.4766    3.7548    4.0436    4.3431    4.6533
    4.9742    5.3059    5.6482    5.9912    6.3430
    6.7051    7.0775    7.4604    7.8535    8.2571
    8.6710    9.0952    9.5298

     0     1

    8.7538    8.7606    8.7741    8.7945    8.8216
    8.8555    8.8962    8.9436    8.9979    9.0589
    9.1267    9.2013    9.2826    9.3708    9.4657
    9.5674    9.6759    9.7911    9.9132   10.0420
   10.1776   10.3199   10.4691   10.6250   10.7878
   10.9572   11.1335   11.3166   11.5064   11.7030
   11.9064   12.1166   12.3336   12.5575   12.7884
   13.0260   13.2704   13.5215   13.7795   14.0443
   14.3158   14.5941   14.8793

     0     1

 BARRIER
    8.7538    8.7499    8.7420    8.7303    8.7146
    8.6950    8.6715    8.6441    8.6128    8.5775
    8.5383    8.4952    8.4482    8.3973    8.3425
    8.2837    8.2210    8.1544    8.0839    8.0095
    7.9311    7.8489    7.7627    7.6726    7.5786
    7.4806    7.3788    7.2730    7.1633    7.0497
    6.9322    6.8107    6.6854    6.5663    6.4454
    6.3209    6.1928    6.0612    5.9260    5.7872
    5.6448    5.4989    5.3494

     0     1


 ROT OUTPUT  FORMAT:   1   0   0
 EJAY,EJAYF
    0.0000    0.5996    0.6218    0.6551    0.6995
    0.7551    0.8217    0.8994    0.9883    1.0882
    1.1993    1.3215    1.4548    1.5991    1.7546
    1.9212    2.0989    2.2877    2.4877    2.6987
    2.9208    3.1541    3.3984    3.6538    3.9204
    4.1981    4.4868    4.7867    5.0977    5.4198
    5.7530    6.0973    6.4526    6.8063    7.1708
    7.5461    7.9320    8.3287    8.7361    9.1543
    9.5831   10.0228   10.4731

     0     1

   10.0017   10.0085   10.0221   10.0426   10.0698
   10.1038   10.1447   10.1923   10.2468   10.3081
   10.3761   10.4510   10.5327   10.6212   10.7165
   10.8186   10.9275   11.0432   11.1658   11.2951
   11.4313   11.5742   11.7240   11.8805   12.0439
   12.2141   12.3911   12.5749   12.7655   12.9629
   13.1671   13.3781   13.5960   13.8212   14.0532
   14.2920   14.5377   14.7902   15.0495   15.3156
   15.5886   15.8684   16.1550

     0     1

 BARRIER
   10.0017    9.4090    9.4004    9.3875    9.3703
    9.3488    9.3230    9.2929    9.2585    9.2198
    9.1768    9.1295    9.0779    9.0220    8.9619
    8.8974    8.8286    8.7555    8.6781    8.5964
    8.5104    8.4202    8.3256    8.2267    8.1235
    8.0160    7.9042    7.7882    7.6678    7.5431
    7.4141    7.2809    7.1434    7.0148    6.8824
    6.7460    6.6057    6.4615    6.3134    6.1614
    6.0054    5.8456    5.6818

     0     1

 ROT OUTPUT  YRSMO,YRSMOF
    0.0000    0.0108    0.0324    0.0647    0.1079
    0.1619    0.2266    0.3021    0.3885    0.4856
    0.5935    0.7122    0.8417    0.9819    1.1330
    1.2949    1.4675    1.6510    1.8452    2.0502
    2.2660    2.4926    2.7300    2.9782    3.2372
    3.5069    3.7875    4.0788    4.3810    4.6939
    5.0176    5.3521    5.6973    6.0416    6.3964
    6.7616    7.1372    7.5233    7.9199    8.3268
    8.7443    9.1721    9.6105

     0     1

    8.7215    8.7284    8.7420    8.7624    8.7896
    8.8237    8.8645    8.9121    8.9666    9.0279
    9.0959    9.1708    9.2525    9.3410    9.4363
    9.5384    9.6473    9.7631    9.8856   10.0149
   10.1511   10.2940   10.4438   10.6004   10.7637
   10.9339   11.1109   11.2947   11.4853   11.6827
   11.8869   12.0980   12.3158   12.5410   12.7730
   13.0118   13.2575   13.5100   13.7693   14.0354
   14.3084   14.5882   14.8748

     0     1

 BARRIER
    8.7215    8.7176    8.7096    8.6976    8.6817
    8.6618    8.6379    8.6100    8.5781    8.5423
    8.5025    8.4586    8.4108    8.3591    8.3033
    8.2436    8.1798    8.1121    8.0404    7.9647
    7.8851    7.8014    7.7138    7.6222    7.5266
    7.4270    7.3234    7.2159    7.1043    6.9888
    6.8693    6.7458    6.6185    6.4993    6.3766
    6.2503    6.1203    5.9867    5.8494    5.7086
    5.5641    5.4160    5.2643

     0     1


 ROT OUTPUT  FORMAT:   1   0   0
 EJAY,EJAYF
    0.0000    0.4069    0.4292    0.4625    0.5069
    0.5625    0.6291    0.7069    0.7958    0.8958
    1.0069    1.1291    1.2624    1.4068    1.5623
    1.7290    1.9067    2.0956    2.2956    2.5067
    2.7288    2.9621    3.2066    3.4621    3.7287
    4.0064    4.2953    4.5952    4.9063    5.2285
    5.5618    5.9062    6.2597    6.6137    6.9783
    7.3538    7.7400    8.1369    8.5445    8.9629
    9.3921    9.8319   10.2825

     0     1

    9.5561    9.5629    9.5766    9.5971    9.6245
    9.6587    9.6997    9.7475    9.8022    9.8638
    9.9321   10.0073   10.0894   10.1782   10.2739
   10.3765   10.4859   10.6021   10.7252   10.8551
   10.9918   11.1353   11.2858   11.4430   11.6071
   11.7780   11.9557   12.1403   12.3317   12.5300
   12.7351   12.9470   13.1659   13.3924   13.6256
   13.8658   14.1128   14.3667   14.6274   14.8950
   15.1695   15.4508   15.7389

     0     1

 BARRIER
    9.5561    9.1560    9.1475    9.1346    9.1175
    9.0962    9.0705    9.0406    9.0064    8.9680
    8.9253    8.8783    8.8270    8.7714    8.7116
    8.6475    8.5791    8.5065    8.4296    8.3484
    8.2629    8.1732    8.0792    7.9809    7.8784
    7.7715    7.6604    7.5451    7.4254    7.3015
    7.1733    7.0408    6.9062    6.7787    6.6473
    6.5120    6.3728    6.2298    6.0829    5.9321
    5.7774    5.6188    5.4564

     0     1

 ROT OUTPUT  YRSMO,YRSMOF
    0.0000    0.0109    0.0327    0.0653    0.1089
    0.1633    0.2286    0.3048    0.3919    0.4898
    0.5987    0.7184    0.8490    0.9905    1.1429
    1.3062    1.4804    1.6654    1.8614    2.0682
    2.2859    2.5145    2.7539    3.0043    3.2655
    3.5377    3.8207    4.1146    4.4194    4.7350
    5.0616    5.3990    5.7455    6.0927    6.4505
    6.8189    7.1977    7.5871    7.9871    8.3975
    8.8185    9.2501    9.6922

     0     1

    8.6792    8.6860    8.6997    8.7202    8.7475
    8.7817    8.8227    8.8706    8.9253    8.9868
    9.0552    9.1304    9.2124    9.3013    9.3970
    9.4995    9.6089    9.7251    9.8482    9.9781
   10.1148   10.2584   10.4088   10.5660   10.7301
   10.9010   11.0788   11.2634   11.4548   11.6530
   11.8581   12.0701   12.2890   12.5154   12.7487
   12.9888   13.2358   13.4897   13.7504   14.0180
   14.2925   14.5738   14.8620

     0     1

 BARRIER
    8.6792    8.6751    8.6670    8.6549    8.6387
    8.6184    8.5941    8.5658    8.5334    8.4970
    8.4565    8.4119    8.3634    8.3107    8.2541
    8.1933    8.1285    8.0597    7.9868    7.9099
    7.8289    7.7439    7.6549    7.5617    7.4646
    7.3634    7.2581    7.1488    7.0354    6.9180
    6.7966    6.6710    6.5435    6.4227    6.2982
    6.1700    6.0381    5.9026    5.7634    5.6205
    5.4740    5.3237    5.1698

     0     1


 ROT OUTPUT  FORMAT:   1   0   0
 EJAY,EJAYF
    0.0000    2.0029    2.0253    2.0588    2.1035
    2.1593    2.2264    2.3046    2.3939    2.4945
    2.6062    2.7291    2.8631    3.0084    3.1648
    3.3323    3.5111    3.7010    3.9021    4.1143
    4.3377    4.5723    4.8181    5.0750    5.3432
    5.6224    5.9129    6.2145    6.5273    6.8513
    7.1864    7.5327    7.8902    8.2522    8.6190
    8.9967    9.3851    9.7844   10.1944   10.6153
   11.0470   11.4895   11.9427

     0     1

   13.1824   13.1891   13.2025   13.2226   13.2495
   13.2830   13.3233   13.3703   13.4239   13.4843
   13.5514   13.6253   13.7058   13.7930   13.8869
   13.9876   14.0950   14.2090   14.3298   14.4573
   14.5915   14.7324   14.8800   15.0344   15.1954
   15.3632   15.5376   15.7188   15.9067   16.1013
   16.3026   16.5106   16.7253   16.9460   17.1728
   17.4062   17.6463   17.8931   18.1466   18.4067
   18.6735   18.9469   19.2270

     0     1

 BARRIER
   13.1824   11.1862   11.1772   11.1638   11.1460
   11.1237   11.0969   11.0657   11.0300   10.9899
   10.9452   10.8962   10.8426   10.7846   10.7222
   10.6553   10.5839   10.5081   10.4278   10.3430
   10.2538   10.1601   10.0619    9.9593    9.8523
    9.7407    9.6247    9.5043    9.3794    9.2500
    9.1162    8.9779    8.8351    8.6939    8.5538
    8.4096    8.2612    8.1087    7.9521    7.7914
    7.6265    7.4575    7.2843

     0     1

 ROT OUTPUT  YRSMO,YRSMOF
    0.0000    0.0104    0.0313    0.0626    0.1043
    0.1565    0.2190    0.2920    0.3755    0.4694
    0.5737    0.6884    0.8135    0.9491    1.0952
    1.2516    1.4185    1.5958    1.7835    1.9817
    2.1903    2.4094    2.6388    2.8787    3.1290
    3.3898    3.6610    3.9426    4.2346    4.5371
    4.8500    5.1733    5.5071    5.8456    6.1892
    6.5428    6.9067    7.2806    7.6646    8.0588
    8.4631    8.8775    9.3020

     0     1

    9.3314    9.3381    9.3515    9.3717    9.3985
    9.4321    9.4723    9.5193    9.5730    9.6334
    9.7005    9.7743    9.8548    9.9420   10.0360
   10.1366   10.2440   10.3581   10.4788   10.6063
   10.7405   10.8814   11.0291   11.1834   11.3444
   11.5122   11.6867   11.8678   12.0557   12.2503
   12.4516   12.6596   12.8744   13.0951   13.3218
   13.5553   13.7954   14.0421   14.2956   14.5557
   14.8225   15.0959   15.3761

     0     1

 BARRIER
    9.3314    9.3277    9.3202    9.3091    9.2942
    9.2756    9.2533    9.2272    9.1975    9.1640
    9.1268    9.0859    9.0412    8.9929    8.9408
    8.8850    8.8255    8.7622    8.6953    8.6246
    8.5502    8.4721    8.3902    8.3047    8.2154
    8.1224    8.0257    7.9252    7.8211    7.7132
    7.6016    7.4863    7.3673    7.2495    7.1327
    7.0124    6.8887    6.7615    6.6309    6.4969
    6.3594    6.2185    6.0741

     0     1


 ROT OUTPUT  FORMAT:   1   0   0
 EJAY,EJAYF
    0.0000    1.5388    1.5610    1.5944    1.6388
    1.6944    1.7610    1.8388    1.9277    2.0277
    2.1388    2.2610    2.3943    2.5387    2.6942
    2.8609    3.0387    3.2275    3.4275    3.6386
    3.8608    4.0941    4.3385    4.5940    4.8607
    5.1384    5.4273    5.7272    6.0383    6.3605
    6.6938    7.0382    7.3937    7.7520    8.1169
    8.4927    8.8792    9.2764    9.6844   10.1031
   10.5326   10.9728   11.4238

     0     1

   12.2955   12.3022   12.3157   12.3360   12.3630
   12.3967   12.4372   12.4844   12.5384   12.5992
   12.6666   12.7409   12.8218   12.9096   13.0040
   13.1052   13.2132   13.3279   13.4494   13.5776
   13.7125   13.8543   14.0027   14.1579   14.3199
   14.4885   14.6640   14.8462   15.0351   15.2308
   15.4332   15.6424   15.8584   16.0802   16.3084
   16.5433   16.7849   17.0332   17.2883   17.5500
   17.8185   18.0937   18.3756

     0     1

 BARRIER
   12.2955   10.7634   10.7547   10.7416   10.7242
   10.7024   10.6762   10.6457   10.6108   10.5715
   10.5279   10.4799   10.4276   10.3708   10.3098
   10.2443   10.1746   10.1004   10.0219    9.9390
    9.8518    9.7602    9.6642    9.5639    9.4592
    9.3501    9.2367    9.1189    8.9968    8.8703
    8.7394    8.6042    8.4646    8.3283    8.1915
    8.0506    7.9058    7.7569    7.6039    7.4469
    7.2859    7.1209    6.9518

     0     1

 ROT OUTPUT  YRSMO,YRSMOF
    0.0000    0.0105    0.0316    0.0631    0.1052
    0.1578    0.2209    0.2946    0.3787    0.4734
    0.5786    0.6943    0.8205    0.9573    1.1046
    1.2624    1.4307    1.6095    1.7989    1.9988
    2.2091    2.4301    2.6615    2.9035    3.1559
    3.4189    3.6924    3.9765    4.2710    4.5761
    4.8917    5.2178    5.5544    5.8942    6.2407
    6.5974    6.9643    7.3413    7.7286    8.1261
    8.5338    8.9517    9.3798

     0     1

    9.3110    9.3178    9.3313    9.3515    9.3785
    9.4122    9.4527    9.5000    9.5540    9.6147
    9.6822    9.7564    9.8374    9.9251   10.0196
   10.1208   10.2287   10.3435   10.4649   10.5931
   10.7281   10.8698   11.0182   11.1734   11.3354
   11.5041   11.6795   11.8617   12.0507   12.2463
   12.4488   12.6580   12.8739   13.0958   13.3239
   13.5588   13.8005   14.0488   14.3038   14.5656
   14.8340   15.1092   15.3911

     0     1

 BARRIER
    9.3110    9.3073    9.2997    9.2884    9.2733
    9.2545    9.2318    9.2054    9.1752    9.1413
    9.1036    9.0621    9.0168    8.9678    8.9150
    8.8584    8.7981    8.7339    8.6660    8.5944
    8.5189    8.4397    8.3567    8.2700    8.1795
    8.0852    7.9871    7.8852    7.7796    7.6703
    7.5571    7.4402    7.3195    7.2015    7.0833
    6.9615    6.8362    6.7074    6.5752    6.4394
    6.3002    6.1575    6.0113

     0     1


 ROT OUTPUT  FORMAT:   1   0   0
 EJAY,EJAYF
    0.0000    1.4319    1.4543    1.4878    1.5326
    1.5885    1.6555    1.7338    1.8232    1.9239
    2.0357    2.1586    2.2928    2.4381    2.5947
    2.7624    2.9412    3.1313    3.3325    3.5450
    3.7686    4.0033    4.2493    4.5064    4.7748
    5.0543    5.3449    5.6468    5.9599    6.2841
    6.6195    6.9661    7.3238    7.6825    8.0497
    8.4278    8.8167    9.2164    9.6269   10.0482
   10.4804   10.9233   11.3771

     0     1

   12.0819   12.0887   12.1023   12.1226   12.1498
   12.1837   12.2245   12.2720   12.3263   12.3874
   12.4553   12.5300   12.6115   12.6997   12.7948
   12.8966   13.0052   13.1206   13.2428   13.3718
   13.5076   13.6502   13.7995   13.9557   14.1186
   14.2884   14.4649   14.6482   14.8383   15.0352
   15.2388   15.4493   15.6666   15.8897   16.1195
   16.3560   16.5992   16.8492   17.1060   17.3695
   17.6398   17.9169   18.2007

     0     1

 BARRIER
   12.0819   10.6568   10.6480   10.6348   10.6172
   10.5953   10.5689   10.5382   10.5031   10.4636
   10.4196   10.3713   10.3187   10.2616   10.2001
   10.1342   10.0640    9.9893    9.9103    9.8269
    9.7391    9.6468    9.5502    9.4493    9.3439
    9.2341    9.1199    9.0014    8.8784    8.7511
    8.6194    8.4833    8.3427    8.2073    8.0697
    7.9282    7.7825    7.6329    7.4791    7.3213
    7.1595    6.9935    6.8236

     0     1

 ROT OUTPUT  YRSMO,YRSMOF
    0.0000    0.0106    0.0318    0.0637    0.1061
    0.1592    0.2228    0.2971    0.3820    0.4775
    0.5836    0.7003    0.8276    0.9656    1.1141
    1.2733    1.4430    1.6234    1.8144    2.0160
    2.2282    2.4511    2.6845    2.9285    3.1832
    3.4484    3.7243    4.0108    4.3079    4.6156
    4.9339    5.2629    5.6024    5.9435    6.2929
    6.6526    7.0226    7.4029    7.7935    8.1943
    8.6055    9.0269    9.4586

     0     1

    9.2785    9.2853    9.2989    9.3193    9.3464
    9.3804    9.4211    9.4686    9.5229    9.5840
    9.6519    9.7266    9.8081    9.8963    9.9914
   10.0932   10.2019   10.3173   10.4395   10.5685
   10.7042   10.8468   10.9962   11.1523   11.3153
   11.4850   11.6615   11.8448   12.0349   12.2318
   12.4355   12.6459   12.8632   13.0864   13.3161
   13.5526   13.7958   14.0459   14.3026   14.5662
   14.8364   15.1135   15.3973

     0     1

 BARRIER
    9.2785    9.2747    9.2671    9.2556    9.2403
    9.2212    9.1983    9.1715    9.1410    9.1066
    9.0683    9.0263    8.9805    8.9308    8.8773
    8.8200    8.7588    8.6938    8.6251    8.5525
    8.4760    8.3958    8.3117    8.2238    8.1321
    8.0366    7.9372    7.8340    7.7270    7.6162
    7.5015    7.3831    7.2608    7.1429    7.0232
    6.9000    6.7732    6.6430    6.5092    6.3718
    6.2310    6.0866    5.9386

     0     1


 ROT OUTPUT  FORMAT:   1   0   0
 EJAY,EJAYF
    0.0000    0.9954    1.0176    1.0510    1.0954
    1.1510    1.2176    1.2954    1.3843    1.4843
    1.5954    1.7177    1.8510    1.9955    2.1511
    2.3177    2.4955    2.6844    2.8844    3.0956
    3.3178    3.5512    3.7956    4.0512    4.3179
    4.5957    4.8846    5.1846    5.4958    5.8180
    6.1514    6.4959    6.8514    7.2063    7.5715
    7.9474    8.3341    8.7316    9.1398    9.5588
    9.9885   10.4290   10.8802

     0     1

   11.1968   11.2036   11.2173   11.2378   11.2651
   11.2993   11.3403   11.3881   11.4428   11.5043
   11.5726   11.6478   11.7298   11.8186   11.9143
   12.0168   12.1261   12.2423   12.3653   12.4952
   12.6318   12.7753   12.9257   13.0828   13.2468
   13.4177   13.5953   13.7798   13.9712   14.1693
   14.3743   14.5862   14.8048   15.0295   15.2608
   15.4990   15.7440   15.9959   16.2545   16.5199
   16.7921   17.0712   17.3570

     0     1

 BARRIER
   11.1968   10.2082   10.1997   10.1868   10.1697
   10.1483   10.1227   10.0927   10.0585   10.0200
    9.9772    9.9301    9.8788    9.8232    9.7633
    9.6991    9.6306    9.5579    9.4809    9.3996
    9.3140    9.2242    9.1300    9.0316    8.9289
    8.8220    8.7107    8.5952    8.4754    8.3513
    8.2230    8.0903    7.9534    7.8232    7.6894
    7.5516    7.4099    7.2643    7.1147    6.9611
    6.8036    6.6422    6.4768

     0     1

 ROT OUTPUT  YRSMO,YRSMOF
    0.0000    0.0107    0.0321    0.0642    0.1070
    0.1605    0.2248    0.2997    0.3853    0.4816
    0.5886    0.7064    0.8348    0.9739    1.1238
    1.2843    1.4556    1.6375    1.8302    2.0335
    2.2476    2.4723    2.7078    2.9539    3.2108
    3.4784    3.7567    4.0456    4.3453    4.6557
    4.9768    5.3085    5.6510    5.9934    6.3458
    6.7086    7.0817    7.4652    7.8592    8.2634
    8.6781    9.1031    9.5385

     0     1

    9.2355    9.2424    9.2560    9.2765    9.3039
    9.3380    9.3790    9.4269    9.4815    9.5430
    9.6114    9.6865    9.7685    9.8574    9.9531
   10.0556   10.1649   10.2811   10.4041   10.5339
   10.6706   10.8141   10.9644   11.1216   11.2856
   11.4564   11.6341   11.8186   12.0099   12.2081
   12.4131   12.6249   12.8436   13.0682   13.2996
   13.5378   13.7828   14.0346   14.2932   14.5586
   14.8309   15.1099   15.3957

     0     1

 BARRIER
    9.2355    9.2317    9.2239    9.2123    9.1969
    9.1775    9.1543    9.1272    9.0962    9.0614
    9.0227    8.9802    8.9337    8.8834    8.8293
    8.7712    8.7093    8.6435    8.5739    8.5004
    8.4230    8.3417    8.2566    8.1676    8.0748
    7.9780    7.8774    7.7729    7.6646    7.5524
    7.4363    7.3164    7.1925    7.0748    6.9538
    6.8292    6.7011    6.5693    6.4341    6.2952
    6.1528    6.0068    5.8572

     0     1


 ROT OUTPUT  FORMAT:   1   0   0
 EJAY,EJAYF
    0.0000    0.9662    0.9886    1.0222    1.0671
    1.1231    1.1904    1.2688    1.3585    1.4593
    1.5714    1.6947    1.8292    1.9749    2.1318
    2.2999    2.4793    2.6698    2.8716    3.0845
    3.3087    3.5440    3.7906    4.0484    4.3174
    4.5976    4.8890    5.1916    5.5054    5.8305
    6.1667    6.5141    6.8714    7.2288    7.5971
    7.9762    8.3661    8.7670    9.1786    9.6011
   10.0345   10.4786   10.9337

     0     1

   11.1012   11.1081   11.1218   11.1425   11.1700
   11.2044   11.2457   11.2939   11.3489   11.4109
   11.4797   11.5554   11.6379   11.7274   11.8237
   11.9270   12.0371   12.1541   12.2779   12.4087
   12.5463   12.6908   12.8422   13.0005   13.1656
   13.3377   13.5166   13.7024   13.8951   14.0946
   14.3011   14.5144   14.7345   14.9608   15.1940
   15.4340   15.6809   15.9347   16.1953   16.4627
   16.7371   17.0183   17.3063

     0     1

 BARRIER
   11.1012   10.1419   10.1332   10.1202   10.1029
   10.0813   10.0554   10.0251    9.9905    9.9515
    9.9082    9.8607    9.8087    9.7525    9.6919
    9.6270    9.5578    9.4842    9.4064    9.3242
    9.2376    9.1468    9.0516    8.9521    8.8482
    8.7401    8.6276    8.5108    8.3896    8.2642
    8.1344    8.0002    7.8631    7.7320    7.5969
    7.4578    7.3148    7.1677    7.0167    6.8616
    6.7026    6.5396    6.3726

     0     1

 ROT OUTPUT  YRSMO,YRSMOF
    0.0000    0.0108    0.0324    0.0648    0.1080
    0.1619    0.2267    0.3023    0.3887    0.4858
    0.5938    0.7125    0.8421    0.9824    1.1336
    1.2955    1.4683    1.6518    1.8461    2.0513
    2.2672    2.4939    2.7314    2.9797    3.2388
    3.5087    3.7894    4.0809    4.3832    4.6963
    5.0202    5.3549    5.6990    6.0440    6.3994
    6.7653    7.1416    7.5284    7.9257    8.3334
    8.7516    9.1803    9.6194

     0     1

    9.1803    9.1872    9.2010    9.2216    9.2491
    9.2835    9.3248    9.3730    9.4281    9.4900
    9.5588    9.6345    9.7171    9.8065    9.9029
   10.0061   10.1162   10.2332   10.3570   10.4878
   10.6254   10.7699   10.9213   11.0796   11.2448
   11.4168   11.5957   11.7815   11.9742   12.1737
   12.3802   12.5935   12.8136   13.0399   13.2731
   13.5131   13.7600   14.0138   14.2744   14.5419
   14.8162   15.0974   15.3854

     0     1

 BARRIER
    9.1803    9.1764    9.1686    9.1568    9.1412
    9.1216    9.0981    9.0707    9.0394    9.0042
    8.9650    8.9220    8.8750    8.8241    8.7693
    8.7106    8.6479    8.5814    8.5109    8.4365
    8.3582    8.2760    8.1899    8.0999    8.0059
    7.9081    7.8063    7.7006    7.5910    7.4774
    7.3600    7.2387    7.1146    6.9960    6.8737
    6.7479    6.6184    6.4854    6.3487    6.2084
    6.0646    5.9171    5.7660

     0     1


 ROT OUTPUT  FORMAT:   1   0   0
 EJAY,EJAYF
    0.0000    0.5872    0.6095    0.6429    0.6875
    0.7433    0.8102    0.8882    0.9774    1.0778
    1.1893    1.3119    1.4457    1.5906    1.7467
    1.9140    2.0924    2.2819    2.4826    2.6945
    2.9175    3.1516    3.3969    3.6534    3.9209
    4.1997    4.4896    4.7906    5.1028    5.4262
    5.7607    6.1063    6.4599    6.8157    7.1822
    7.5595    7.9477    8.3466    8.7563    9.1768
    9.6081   10.0502   10.5031

     0     1

   10.3109   10.3178   10.3317   10.3524   10.3801
   10.4147   10.4563   10.5047   10.5601   10.6224
   10.6916   10.7678   10.8508   10.9408   11.0377
   11.1416   11.2523   11.3700   11.4946   11.6261
   11.7646   11.9099   12.0622   12.2214   12.3875
   12.5606   12.7406   12.9275   13.1213   13.3220
   13.5297   13.7443   13.9657   14.1935   14.4282
   14.6699   14.9184   15.1739   15.4363   15.7055
   15.9817   16.2648   16.5548

     0     1

 BARRIER
   10.3109    9.7307    9.7222    9.7095    9.6926
    9.6715    9.6461    9.6165    9.5827    9.5446
    9.5024    9.4559    9.4051    9.3502    9.2910
    9.2276    9.1599    9.0881    9.0120    8.9316
    8.8471    8.7583    8.6653    8.5681    8.4666
    8.3609    8.2510    8.1368    8.0185    7.8959
    7.7690    7.6380    7.5057    7.3778    7.2460
    7.1103    6.9708    6.8273    6.6799    6.5287
    6.3736    6.2145    6.0516

     0     1

 ROT OUTPUT  YRSMO,YRSMOF
    0.0000    0.0109    0.0327    0.0653    0.1089
    0.1634    0.2287    0.3049    0.3921    0.4901
    0.5990    0.7188    0.8495    0.9911    1.1435
    1.3069    1.4811    1.6663    1.8623    2.0692
    2.2871    2.5158    2.7554    3.0058    3.2672
    3.5395    3.8227    4.1167    4.4216    4.7375
    5.0642    5.4018    5.7473    6.0952    6.4537
    6.8227    7.2023    7.5924    7.9931    8.4044
    8.8262    9.2585    9.7014

     0     1

    9.1384    9.1453    9.1592    9.1800    9.2076
    9.2423    9.2838    9.3322    9.3876    9.4499
    9.5191    9.5953    9.6783    9.7683    9.8652
    9.9691   10.0798   10.1975   10.3221   10.4536
   10.5921   10.7374   10.8897   11.0489   11.2151
   11.3881   11.5681   11.7550   11.9488   12.1496
   12.3572   12.5718   12.7932   13.0210   13.2558
   13.4974   13.7460   14.0014   14.2638   14.5331
   14.8092   15.0923   15.3823

     0     1

 BARRIER
    9.1384    9.1344    9.1265    9.1146    9.0987
    9.0789    9.0551    9.0273    8.9955    8.9598
    8.9201    8.8765    8.8289    8.7773    8.7217
    8.6622    8.5987    8.5312    8.4598    8.3844
    8.3050    8.2217    8.1344    8.0431    7.9478
    7.8486    7.7454    7.6383    7.5272    7.4121
    7.2930    7.1700    7.0459    6.9258    6.8021
    6.6747    6.5437    6.4090    6.2707    6.1287
    5.9831    5.8338    5.6809

     0     1


 ROT OUTPUT  FORMAT:   1   0   0
 EJAY,EJAYF
    0.0000    0.5782    0.6007    0.6345    0.6795
    0.7358    0.8033    0.8821    0.9721    1.0734
    1.1859    1.3097    1.4448    1.5911    1.7487
    1.9175    2.0976    2.2889    2.4915    2.7053
    2.9304    3.1668    3.4144    3.6732    3.9433
    4.2247    4.5173    4.8212    5.1363    5.4627
    5.8003    6.1492    6.5043    6.8633    7.2332
    7.6140    8.0057    8.4083    8.8217    9.2461
    9.6814   10.1275   10.5845

     0     1

   10.2900   10.2969   10.3108   10.3317   10.3595
   10.3942   10.4359   10.4846   10.5402   10.6028
   10.6723   10.7488   10.8322   10.9226   11.0199
   11.1242   11.2354   11.3536   11.4787   11.6108
   11.7498   11.8958   12.0487   12.2086   12.3754
   12.5492   12.7300   12.9177   13.1123   13.3139
   13.5225   13.7380   13.9603   14.1893   14.4253
   14.6682   14.9181   15.1748   15.4386   15.7093
   15.9869   16.2715   16.5630

     0     1

 BARRIER
   10.2900    9.7187    9.7101    9.6972    9.6800
    9.6585    9.6327    9.6025    9.5681    9.5294
    9.4864    9.4390    9.3874    9.3314    9.2712
    9.2067    9.1378    9.0647    8.9872    8.9055
    8.8194    8.7290    8.6344    8.5354    8.4321
    8.3246    8.2127    8.0965    7.9760    7.8512
    7.7221    7.5887    7.4560    7.3260    7.1921
    7.0542    6.9124    6.7666    6.6168    6.4632
    6.3055    6.1439    5.9784

     0     1

 ROT OUTPUT  YRSMO,YRSMOF
    0.0000    0.0110    0.0330    0.0659    0.1099
    0.1648    0.2307    0.3076    0.3955    0.4944
    0.6043    0.7251    0.8570    0.9998    1.1536
    1.3184    1.4942    1.6810    1.8787    2.0875
    2.3072    2.5379    2.7796    3.0323    3.2960
    3.5707    3.8563    4.1530    4.4606    4.7792
    5.1088    5.4494    5.7962    6.1472    6.5087
    6.8809    7.2638    7.6573    8.0615    8.4763
    8.9017    9.3378    9.7845

     0     1

    9.1178    9.1248    9.1387    9.1595    9.1873
    9.2221    9.2638    9.3124    9.3681    9.4306
    9.5001    9.5766    9.6600    9.7504    9.8477
    9.9520   10.0632   10.1814   10.3065   10.4386
   10.5776   10.7236   10.8766   11.0364   11.2033
   11.3771   11.5578   11.7455   11.9402   12.1418
   12.3503   12.5658   12.7881   13.0171   13.2531
   13.4960   13.7459   14.0027   14.2664   14.5371
   14.8147   15.0993   15.3908

     0     1

 BARRIER
    9.1178    9.1138    9.1057    9.0936    9.0775
    9.0573    9.0331    9.0048    8.9725    8.9362
    8.8959    8.8515    8.8031    8.7506    8.6941
    8.6336    8.5690    8.5004    8.4278    8.3511
    8.2704    8.1857    8.0969    8.0041    7.9073
    7.8064    7.7015    7.5925    7.4795    7.3625
    7.2415    7.1164    6.9919    6.8700    6.7444
    6.6151    6.4821    6.3454    6.2050    6.0609
    5.9130    5.7615    5.6063

     0     1


 ROT OUTPUT  FORMAT:   1   0   0
 EJAY,EJAYF
    0.0000    0.5004    0.5230    0.5570    0.6023
    0.6589    0.7269    0.8062    0.8968    0.9987
    1.1120    1.2366    1.3725    1.5198    1.6784
    1.8483    2.0295    2.2221    2.4259    2.6411
    2.8677    3.1056    3.3547    3.6153    3.8871
    4.1703    4.4648    4.7706    5.0878    5.4162
    5.7561    6.1072    6.4627    6.8240    7.1962
    7.5794    7.9736    8.3787    8.7948    9.2219
    9.6599   10.1089   10.5688

     0     1

   10.1135   10.1205   10.1345   10.1554   10.1834
   10.2183   10.2602   10.3091   10.3649   10.4278
   10.4976   10.5744   10.6582   10.7490   10.8468
   10.9515   11.0633   11.1820   11.3077   11.4404
   11.5800   11.7267   11.8803   12.0409   12.2085
   12.3831   12.5647   12.7532   12.9488   13.1513
   13.3608   13.5773   13.8007   14.0310   14.2683
   14.5126   14.7638   15.0221   15.2873   15.5595
   15.8387   16.1248   16.4179

     0     1

 BARRIER
   10.1135    9.6202    9.6115    9.5984    9.5811
    9.5593    9.5333    9.5029    9.4681    9.4290
    9.3856    9.3378    9.2857    9.2292    9.1684
    9.1033    9.0338    8.9599    8.8818    8.7992
    8.7124    8.6211    8.5256    8.4257    8.3214
    8.2128    8.0999    7.9826    7.8610    7.7351
    7.6048    7.4701    7.3380    7.2070    7.0721
    6.9331    6.7902    6.6433    6.4924    6.3376
    6.1787    6.0159    5.8491

     0     1

 ROT OUTPUT  YRSMO,YRSMOF
    0.0000    0.0111    0.0333    0.0665    0.1108
    0.1663    0.2328    0.3104    0.3990    0.4988
    0.6096    0.7315    0.8646    1.0086    1.1638
    1.3301    1.5074    1.6959    1.8954    2.1060
    2.3277    2.5604    2.8043    3.0592    3.3252
    3.6023    3.8905    4.1898    4.5001    4.8216
    5.1541    5.4977    5.8458    6.1998    6.5645
    6.9399    7.3261    7.7230    8.1307    8.5491
    8.9782    9.4181    9.8687

     0     1

    9.0864    9.0933    9.1073    9.1283    9.1562
    9.1911    9.2330    9.2819    9.3378    9.4006
    9.4704    9.5473    9.6311    9.7219    9.8196
    9.9244   10.0361   10.1548   10.2805   10.4132
   10.5529   10.6995   10.8532   11.0138   11.1814
   11.3560   11.5375   11.7261   11.9216   12.1241
   12.3336   12.5501   12.7735   13.0038   13.2411
   13.4854   13.7367   13.9949   14.2601   14.5323
   14.8115   15.0976   15.3908

     0     1

 BARRIER
    9.0864    9.0823    9.0741    9.0618    9.0454
    9.0249    9.0002    8.9715    8.9387    8.9018
    8.8608    8.8157    8.7665    8.7132    8.6558
    8.5943    8.5287    8.4590    8.3851    8.3072
    8.2252    8.1391    8.0489    7.9546    7.8562
    7.7536    7.6470    7.5363    7.4215    7.3026
    7.1795    7.0524    6.9277    6.8041    6.6767
    6.5455    6.4106    6.2719    6.1294    5.9832
    5.8333    5.6796    5.5221

     0     1


 ROT OUTPUT  FORMAT:   1   0   0
 EJAY,EJAYF
    0.0000    0.2769    0.2995    0.3335    0.3788
    0.4354    0.5033    0.5826    0.6731    0.7750
    0.8882    1.0128    1.1486    1.2958    1.4543
    1.6241    1.8053    1.9977    2.2015    2.4166
    2.6431    2.8808    3.1299    3.3903    3.6620
    3.9450    4.2394    4.5451    4.8621    5.1904
    5.5300    5.8810    6.2346    6.5958    6.9680
    7.3511    7.7452    8.1503    8.5663    8.9933
    9.4312    9.8801   10.3399

     0     1

    9.6088    9.6158    9.6299    9.6509    9.6790
    9.7141    9.7562    9.8053    9.8615    9.9246
    9.9948   10.0720   10.1562   10.2475   10.3457
   10.4510   10.5633   10.6826   10.8089   10.9423
   11.0827   11.2300   11.3845   11.5459   11.7143
   11.8898   12.0723   12.2617   12.4583   12.6618
   12.8723   13.0899   13.3146   13.5463   13.7850
   14.0308   14.2836   14.5434   14.8102   15.0840
   15.3649   15.6528   15.9477

     0     1

 BARRIER
    9.6088    9.3389    9.3303    9.3174    9.3002
    9.2787    9.2529    9.2228    9.1883    9.1496
    9.1066    9.0592    9.0076    8.9517    8.8914
    8.8269    8.7580    8.6849    8.6074    8.5257
    8.4396    8.3492    8.2546    8.1556    8.0523
    7.9448    7.8329    7.7167    7.5962    7.4714
    7.3423    7.2089    7.0800    6.9505    6.8171
    6.6797    6.5384    6.3931    6.2439    6.0908
    5.9337    5.7727    5.6078

     0     1

 ROT OUTPUT  YRSMO,YRSMOF
    0.0000    0.0112    0.0335    0.0671    0.1118
    0.1677    0.2348    0.3131    0.4026    0.5032
    0.6151    0.7381    0.8723    1.0176    1.1742
    1.3419    1.5209    1.7110    1.9123    2.1247
    2.3484    2.5832    2.8292    3.0864    3.3548
    3.6344    3.9251    4.2271    4.5402    4.8645
    5.2000    5.5466    5.8961    6.2531    6.6210
    6.9997    7.3892    7.7896    8.2008    8.6229
    9.0558    9.4995    9.9540

     0     1

    9.0421    9.0492    9.0632    9.0843    9.1123
    9.1474    9.1895    9.2387    9.2948    9.3580
    9.4282    9.5054    9.5896    9.6808    9.7791
    9.8843    9.9966   10.1160   10.2423   10.3756
   10.5160   10.6634   10.8178   10.9792   11.1477
   11.3231   11.5056   11.6951   11.8916   12.0951
   12.3057   12.5233   12.7479   12.9796   13.2184
   13.4641   13.7169   13.9767   14.2435   14.5174
   14.7982   15.0861   15.3810

     0     1

 BARRIER
    9.0421    9.0380    9.0296    9.0172    9.0005
    8.9797    8.9547    8.9255    8.8922    8.8547
    8.8131    8.7673    8.7173    8.6632    8.6049
    8.5424    8.4758    8.4050    8.3300    8.2509
    8.1676    8.0802    7.9886    7.8928    7.7928
    7.6887    7.5804    7.4680    7.3514    7.2306
    7.1057    6.9766    6.8519    6.7265    6.5974
    6.4644    6.3277    6.1871    6.0427    5.8945
    5.7425    5.5867    5.4270

     0     1


 ROT OUTPUT  FORMAT:   1   0   0
 EJAY,EJAYF
    0.0000    2.0381    2.0615    2.0965    2.1432
    2.2016    2.2717    2.3534    2.4468    2.5519
    2.6687    2.7972    2.9373    3.0891    3.2526
    3.4278    3.6146    3.8132    4.0234    4.2453
    4.4788    4.7241    4.9810    5.2496    5.5298
    5.8218    6.1254    6.4407    6.7677    7.1064
    7.4567    7.8187    8.1924    8.5778    8.9660
    9.3552    9.7556   10.1672   10.5898   11.0236
   11.4686   11.9247   12.3919   12.8703   13.3598
   13.8604   14.3722   14.8951   15.4146

     0     1

   12.8893   12.8956   12.9082   12.9270   12.9521
   12.9835   13.0212   13.0652   13.1154   13.1720
   13.2348   13.3039   13.3792   13.4609   13.5488
   13.6430   13.7435   13.8503   13.9634   14.0827
   14.2083   14.3402   14.4784   14.6229   14.7736
   14.9306   15.0939   15.2635   15.4394   15.6215
   15.8100   16.0047   16.2057   16.4129   16.6282
   16.8520   17.0821   17.3186   17.5615   17.8108
   18.0664   18.3285   18.5969   18.8718   19.1530
   19.4406   19.7346   20.0350   20.3484

     0     1

 BARRIER
   12.8893   10.8575   10.8467   10.8305   10.8089
   10.7819   10.7496   10.7118   10.6686   10.6200
   10.5661   10.5067   10.4419   10.3718   10.2962
   10.2152   10.1289   10.0371    9.9400    9.8374
    9.7295    9.6162    9.4974    9.3733    9.2438
    9.1088    8.9685    8.8228    8.6717    8.5151
    8.3532    8.1859    8.0132    7.8351    7.6623
    7.4967    7.3265    7.1514    6.9716    6.7871
    6.5978    6.4038    6.2050    6.0015    5.7932
    5.5802    5.3624    5.1399    4.9337

     0     1

 ROT OUTPUT  YRSMO,YRSMOF
    0.0000    0.0101    0.0302    0.0604    0.1006
    0.1509    0.2113    0.2817    0.3622    0.4528
    0.5534    0.6641    0.7848    0.9156    1.0565
    1.2074    1.3684    1.5395    1.7206    1.9118
    2.1130    2.3243    2.5456    2.7771    3.0186
    3.2701    3.5317    3.8034    4.0851    4.3769
    4.6788    4.9907    5.3127    5.6447    5.9811
    6.3208    6.6702    7.0293    7.3981    7.7767
    8.1650    8.5629    8.9706    9.3881    9.8152
   10.2520   10.6986   11.1549   11.6127

     0     1

    7.6099    7.6162    7.6288    7.6476    7.6727
    7.7041    7.7418    7.7858    7.8360    7.8926
    7.9554    8.0245    8.0998    8.1815    8.2694
    8.3636    8.4641    8.5709    8.6840    8.8033
    8.9289    9.0608    9.1990    9.3435    9.4942
    9.6512    9.8145    9.9841   10.1600   10.3421
   10.5306   10.7253   10.9263   11.1335   11.3489
   11.5726   11.8027   12.0392   12.2821   12.5314
   12.7870   13.0491   13.3175   13.5924   13.8736
   14.1612   14.4552   14.7556   15.0690

     0     1

 BARRIER
    7.6099    7.6061    7.5986    7.5872    7.5721
    7.5532    7.5305    7.5041    7.4738    7.4398
    7.4020    7.3604    7.3150    7.2659    7.2129
    7.1562    7.0957    7.0314    6.9634    6.8916
    6.8159    6.7365    6.6534    6.5664    6.4756
    6.3811    6.2828    6.1807    6.0749    5.9652
    5.8518    5.7346    5.6136    5.4888    5.3677
    5.2518    5.1325    5.0099    4.8839    4.7547
    4.6221    4.4861    4.3469    4.2043    4.0584
    3.9092    3.7566    3.6007    3.4563

     0     1


 ROT OUTPUT  FORMAT:   1   0   0
 EJAY,EJAYF
    0.0000    1.6426    1.6656    1.7002    1.7462
    1.8038    1.8728    1.9534    2.0455    2.1491
    2.2642    2.3909    2.5290    2.6787    2.8398
    3.0125    3.1967    3.3924    3.5996    3.8183
    4.0485    4.2903    4.5435    4.8083    5.0846
    5.3724    5.6717    5.9825    6.3048    6.6387
    6.9840    7.3409    7.7092    8.0891    8.4692
    8.8535    9.2487    9.6549   10.0721   10.5004
   10.9396   11.3898   11.8510   12.3232   12.8063
   13.3005   13.8057   14.3218   14.8301

     0     1

   11.9054   11.9117   11.9243   11.9433   11.9686
   12.0002   12.0381   12.0823   12.1328   12.1897
   12.2529   12.3223   12.3982   12.4803   12.5687
   12.6635   12.7646   12.8720   12.9857   13.1057
   13.2320   13.3647   13.5037   13.6490   13.8006
   13.9586   14.1228   14.2934   14.4703   14.6535
   14.8430   15.0388   15.2410   15.4495   15.6669
   15.8923   16.1242   16.3625   16.6073   16.8585
   17.1161   17.3802   17.6507   17.9277   18.2110
   18.5009   18.7971   19.0998   19.4186

     0     1

 BARRIER
   11.9054   10.2691   10.2587   10.2431   10.2224
   10.1964   10.1652   10.1289   10.0873   10.0406
    9.9886    9.9315    9.8692    9.8016    9.7289
    9.6510    9.5679    9.4796    9.3861    9.2874
    9.1835    9.0744    8.9602    8.8407    8.7160
    8.5862    8.4511    8.3109    8.1654    8.0148
    7.8590    7.6980    7.5317    7.3603    7.1976
    7.0389    6.8755    6.7076    6.5352    6.3581
    6.1766    5.9904    5.7997    5.6045    5.4047
    5.2004    4.9914    4.7780    4.5885

     0     1

 ROT OUTPUT  YRSMO,YRSMOF
    0.0000    0.0101    0.0304    0.0609    0.1015
    0.1522    0.2131    0.2841    0.3652    0.4566
    0.5580    0.6696    0.7914    0.9233    1.0653
    1.2175    1.3798    1.5523    1.7349    1.9277
    2.1306    2.3437    2.5669    2.8002    3.0437
    3.2974    3.5612    3.8351    4.1192    4.4134
    4.7178    5.0323    5.3569    5.6918    6.0291
    6.3716    6.7238    7.0859    7.4578    7.8394
    8.2309    8.6322    9.0432    9.4641    9.8947
   10.3351   10.7854   11.2454   11.7038

     0     1

    7.5725    7.5788    7.5914    7.6104    7.6357
    7.6672    7.7051    7.7494    7.7999    7.8568
    7.9199    7.9894    8.0652    8.1474    8.2358
    8.3306    8.4316    8.5390    8.6528    8.7728
    8.8991    9.0318    9.1708    9.3161    9.4677
    9.6256    9.7899    9.9605   10.1373   10.3206
   10.5101   10.7059   10.9081   11.1165   11.3340
   11.5594   11.7913   12.0296   12.2744   12.5256
   12.7832   13.0473   13.3178   13.5947   13.8781
   14.1680   14.4642   14.7669   15.0857

     0     1

 BARRIER
    7.5725    7.5687    7.5610    7.5495    7.5342
    7.5151    7.4921    7.4653    7.4347    7.4002
    7.3619    7.3198    7.2739    7.2241    7.1705
    7.1131    7.0518    6.9867    6.9178    6.8451
    6.7685    6.6881    6.6039    6.5159    6.4240
    6.3283    6.2287    6.1254    6.0182    5.9072
    5.7923    5.6736    5.5511    5.4248    5.3049
    5.1879    5.0675    4.9437    4.8166    4.6861
    4.5523    4.4151    4.2746    4.1307    3.9834
    3.8328    3.6789    3.5215    3.3819

     0     1


 ROT OUTPUT  FORMAT:   1   0   0
 EJAY,EJAYF
    0.0000    1.5016    1.5247    1.5593    1.6055
    1.6632    1.7324    1.8132    1.9055    2.0094
    2.1248    2.2517    2.3902    2.5402    2.7018
    2.8749    3.0595    3.2557    3.4634    3.6827
    3.9135    4.1558    4.4097    4.6751    4.9521
    5.2406    5.5406    5.8522    6.1753    6.5100
    6.8562    7.2139    7.5832    7.9640    8.3423
    8.7275    9.1237    9.5310    9.9492   10.3785
   10.8188   11.2702   11.7325   12.2059   12.6903
   13.1857   13.6921   14.2094   14.7139

     0     1

   11.5572   11.5636   11.5763   11.5954   11.6208
   11.6526   11.6907   11.7352   11.7861   11.8433
   11.9069   11.9768   12.0531   12.1358   12.2248
   12.3202   12.4219   12.5300   12.6444   12.7653
   12.8924   13.0259   13.1658   13.3121   13.4647
   13.6236   13.7889   13.9606   14.1386   14.3230
   14.5138   14.7109   14.9143   15.1241   15.3439
   15.5713   15.8051   16.0454   16.2922   16.5455
   16.8053   17.0716   17.3444   17.6236   17.9094
   18.2016   18.5004   18.8057   19.1303

     0     1

 BARRIER
   11.5572   10.0619   10.0516   10.0360   10.0153
    9.9894    9.9583    9.9220    9.8806    9.8339
    9.7821    9.7251    9.6629    9.5956    9.5230
    9.4453    9.3624    9.2743    9.1810    9.0826
    8.9789    8.8701    8.7561    8.6369    8.5126
    8.3830    8.2483    8.1084    7.9633    7.8130
    7.6575    7.4969    7.3311    7.1601    7.0016
    6.8438    6.6814    6.5144    6.3430    6.1670
    5.9865    5.8014    5.6118    5.4177    5.2191
    5.0159    4.8082    4.5963    4.4164

     0     1

 ROT OUTPUT  YRSMO,YRSMOF
    0.0000    0.0102    0.0307    0.0614    0.1023
    0.1535    0.2148    0.2865    0.3683    0.4604
    0.5627    0.6752    0.7980    0.9310    1.0742
    1.2277    1.3914    1.5653    1.7494    1.9438
    2.1484    2.3633    2.5884    2.8237    3.0692
    3.3250    3.5910    3.8672    4.1537    4.4504
    4.7573    5.0744    5.4018    5.7394    6.0777
    6.4230    6.7781    7.1432    7.5181    7.9030
    8.2977    8.7022    9.1167    9.5410    9.9752
   10.4193   10.8732   11.3369   11.7961

     0     1

    7.5234    7.5297    7.5425    7.5615    7.5870
    7.6188    7.6569    7.7014    7.7523    7.8095
    7.8731    7.9430    8.0193    8.1020    8.1910
    8.2864    8.3881    8.4962    8.6106    8.7314
    8.8586    8.9921    9.1320    9.2782    9.4308
    9.5898    9.7551    9.9268   10.1048   10.2892
   10.4799   10.6770   10.8805   11.0903   11.3101
   11.5374   11.7713   12.0116   12.2584   12.5117
   12.7715   13.0378   13.3105   13.5898   13.8755
   14.1678   14.4665   14.7719   15.0965

     0     1

 BARRIER
    7.5234    7.5195    7.5118    7.5001    7.4847
    7.4653    7.4421    7.4149    7.3840    7.3491
    7.3104    7.2678    7.2213    7.1710    7.1168
    7.0587    6.9967    6.9309    6.8612    6.7876
    6.7101    6.6288    6.5436    6.4546    6.3616
    6.2648    6.1641    6.0596    5.9511    5.8388
    5.7227    5.6026    5.4787    5.3509    5.2325
    5.1145    4.9931    4.8684    4.7403    4.6087
    4.4738    4.3355    4.1939    4.0488    3.9003
    3.7485    3.5933    3.4349    3.3005

     0     1


 ROT OUTPUT  FORMAT:   1   0   0
 EJAY,EJAYF
    0.0000    1.1344    1.1571    1.1912    1.2366
    1.2934    1.3616    1.4411    1.5320    1.6342
    1.7478    1.8728    2.0091    2.1568    2.3159
    2.4863    2.6680    2.8612    3.0657    3.2815
    3.5087    3.7473    3.9972    4.2585    4.5312
    4.8152    5.1105    5.4173    5.7354    6.0648
    6.4056    6.7578    7.1214    7.4963    7.8665
    8.2463    8.6370    9.0386    9.4511    9.8744
   10.3086   10.7537   11.2096   11.6764   12.1541
   12.6426   13.1420   13.6473   14.1460

     0     1

   10.5992   10.6056   10.6184   10.6376   10.6631
   10.6951   10.7334   10.7782   10.8293   10.8868
   10.9507   11.0210   11.0977   11.1808   11.2703
   11.3661   11.4684   11.5770   11.6921   11.8135
   11.9413   12.0756   12.2162   12.3632   12.5165
   12.6763   12.8425   13.0151   13.1940   13.3794
   13.5711   13.7692   13.9737   14.1846   14.4067
   14.6358   14.8713   15.1134   15.3620   15.6172
   15.8789   16.1472   16.4219   16.7033   16.9911
   17.2855   17.5865   17.8971   18.2249

     0     1

 BARRIER
   10.5992    9.4712    9.4613    9.4464    9.4265
    9.4017    9.3718    9.3370    9.2973    9.2526
    9.2029    9.1482    9.0886    9.0240    8.9544
    8.8799    8.8004    8.7159    8.6264    8.5320
    8.4326    8.3283    8.2189    8.1046    7.9854
    7.8611    7.7319    7.5978    7.4586    7.3145
    7.1654    7.0114    6.8524    6.6884    6.5403
    6.3894    6.2343    6.0748    5.9109    5.7428
    5.5703    5.3935    5.2123    5.0268    4.8370
    4.6429    4.4445    4.2498    4.0789

     0     1

 ROT OUTPUT  YRSMO,YRSMOF
    0.0000    0.0103    0.0310    0.0619    0.1032
    0.1548    0.2167    0.2889    0.3714    0.4643
    0.5674    0.6809    0.8047    0.9388    1.0833
    1.2380    1.4031    1.5785    1.7642    1.9602
    2.1665    2.3832    2.6101    2.8474    3.0950
    3.3530    3.6212    3.8997    4.1886    4.4878
    4.7973    5.1171    5.4473    5.7877    6.1268
    6.4750    6.8331    7.2012    7.5793    7.9673
    8.3652    8.7732    9.1911    9.6189   10.0567
   10.5045   10.9622   11.4265   11.8894

     0     1

    7.4859    7.4923    7.5051    7.5242    7.5498
    7.5818    7.6201    7.6648    7.7160    7.7735
    7.8374    7.9077    7.9844    8.0675    8.1570
    8.2528    8.3551    8.4637    8.5788    8.7002
    8.8280    8.9622    9.1029    9.2498    9.4032
    9.5630    9.7292    9.9017   10.0807   10.2660
   10.4578   10.6559   10.8604   11.0713   11.2934
   11.5224   11.7580   12.0001   12.2487   12.5039
   12.7656   13.0338   13.3086   13.5900   13.8778
   14.1722   14.4732   14.7837   15.1116

     0     1

 BARRIER
    7.4859    7.4820    7.4741    7.4623    7.4466
    7.4270    7.4035    7.3760    7.3446    7.3092
    7.2700    7.2268    7.1797    7.1287    7.0737
    7.0148    6.9520    6.8853    6.8146    6.7400
    6.6615    6.5791    6.4927    6.4024    6.3082
    6.2101    6.1080    6.0020    5.8921    5.7782
    5.6605    5.5388    5.4132    5.2836    5.1666
    5.0474    4.9249    4.7989    4.6695    4.5366
    4.4004    4.2607    4.1176    3.9710    3.8211
    3.6678    3.5110    3.3572    3.2222

     0     1


 ROT OUTPUT  FORMAT:   1   0   0
 EJAY,EJAYF
    0.0000    1.0439    1.0667    1.1010    1.1467
    1.2038    1.2723    1.3523    1.4437    1.5465
    1.6607    1.7863    1.9234    2.0719    2.2318
    2.4031    2.5859    2.7800    2.9856    3.2027
    3.4311    3.6710    3.9223    4.1850    4.4591
    4.7446    5.0416    5.3500    5.6698    6.0011
    6.3437    6.6978    7.0633    7.4388    7.8098
    8.1916    8.5844    8.9881    9.4027    9.8283
   10.2648   10.7122   11.1706   11.6398   12.1200
   12.6111   13.1131   13.6161   14.1174

     0     1

   10.3821   10.3886   10.4014   10.4207   10.4464
   10.4785   10.5170   10.5620   10.6134   10.6712
   10.7354   10.8061   10.8832   10.9667   11.0566
   11.1530   11.2557   11.3649   11.4806   11.6026
   11.7311   11.8660   12.0073   12.1550   12.3092
   12.4698   12.6368   12.8102   12.9901   13.1764
   13.3691   13.5682   13.7738   13.9862   14.2104
   14.4411   14.6784   14.9223   15.1727   15.4298
   15.6935   15.9637   16.2405   16.5239   16.8139
   17.1105   17.4137   17.7299   18.0610

     0     1

 BARRIER
   10.3821    9.3447    9.3347    9.3197    9.2997
    9.2747    9.2447    9.2097    9.1697    9.1247
    9.0748    9.0198    8.9598    8.8948    8.8248
    8.7498    8.6699    8.5849    8.4949    8.4000
    8.3000    8.1950    8.0850    7.9701    7.8501
    7.7252    7.5952    7.4602    7.3203    7.1753
    7.0254    6.8704    6.7104    6.5474    6.4006
    6.2495    6.0940    5.9342    5.7700    5.6015
    5.4287    5.2515    5.0700    4.8841    4.6939
    4.4994    4.3005    4.1138    3.9436

     0     1

 ROT OUTPUT  YRSMO,YRSMOF
    0.0000    0.0104    0.0312    0.0624    0.1040
    0.1561    0.2185    0.2913    0.3745    0.4682
    0.5722    0.6867    0.8115    0.9468    1.0924
    1.2485    1.4149    1.5918    1.7791    1.9768
    2.1848    2.4033    2.6322    2.8715    3.1212
    3.3813    3.6518    3.9327    4.2240    4.5257
    4.8379    5.1604    5.4933    5.8356    6.1766
    6.5277    6.8888    7.2600    7.6412    8.0324
    8.4337    8.8450    9.2664    9.6978   10.1392
   10.5907   11.0523   11.5172   11.9838

     0     1

    7.4453    7.4517    7.4646    7.4838    7.5095
    7.5417    7.5802    7.6252    7.6765    7.7344
    7.7986    7.8693    7.9463    8.0298    8.1198
    8.2161    8.3189    8.4281    8.5437    8.6658
    8.7942    8.9291    9.0705    9.2182    9.3724
    9.5330    9.7000    9.8734   10.0533   10.2396
   10.4323   10.6314   10.8369   11.0494   11.2735
   11.5042   11.7415   11.9854   12.2359   12.4930
   12.7566   13.0269   13.3037   13.5871   13.8771
   14.1737   14.4768   14.7931   15.1242

     0     1

 BARRIER
    7.4453    7.4413    7.4334    7.4214    7.4055
    7.3856    7.3617    7.3338    7.3020    7.2662
    7.2264    7.1826    7.1348    7.0831    7.0274
    6.9676    6.9040    6.8363    6.7646    6.6890
    6.6094    6.5258    6.4383    6.3467    6.2512
    6.1517    6.0482    5.9407    5.8293    5.7138
    5.5944    5.4710    5.3436    5.2138    5.0969
    4.9765    4.8527    4.7255    4.5947    4.4606
    4.3229    4.1818    4.0373    3.8893    3.7378
    3.5829    3.4246    3.2759    3.1404

     0     1


 ROT OUTPUT  FORMAT:   1   0   0
 EJAY,EJAYF
    0.0000    0.7127    0.7352    0.7689    0.8138
    0.8700    0.9374    1.0160    1.1059    1.2070
    1.3193    1.4429    1.5777    1.7238    1.8811
    2.0496    2.2293    2.4203    2.6225    2.8360
    3.0607    3.2966    3.5437    3.8021    4.0717
    4.3526    4.6447    4.9480    5.2626    5.5884
    5.9254    6.2737    6.6332    7.0000    7.3656
    7.7420    8.1291    8.5270    8.9356    9.3551
    9.7853   10.2262   10.6779   11.1404   11.6137
   12.0977   12.5925   13.0843   13.5796

     0     1

    9.4818    9.4883    9.5011    9.5205    9.5463
    9.5785    9.6172    9.6623    9.7138    9.7718
    9.8363    9.9072    9.9845   10.0683   10.1586
   10.2552   10.3584   10.4679   10.5839   10.7064
   10.8353   10.9707   11.1125   11.2607   11.4154
   11.5765   11.7441   11.9181   12.0986   12.2855
   12.4788   12.6786   12.8849   13.0991   13.3246
   13.5567   13.7955   14.0409   14.2929   14.5515
   14.8168   15.0887   15.3672   15.6523   15.9441
   16.2425   16.5475   16.8696   17.2036

     0     1

 BARRIER
    9.4818    8.7756    8.7660    8.7516    8.7325
    8.7085    8.6798    8.6463    8.6079    8.5648
    8.5170    8.4643    8.4068    8.3445    8.2775
    8.2057    8.1290    8.0476    7.9614    7.8704
    7.7746    7.6741    7.5687    7.4586    7.3436
    7.2239    7.0994    6.9701    6.8360    6.6971
    6.5534    6.4050    6.2517    6.0990    5.9590
    5.8148    5.6664    5.5139    5.3572    5.1965
    5.0315    4.8625    4.6892    4.5119    4.3304
    4.1448    3.9550    3.7853    3.6240

     0     1

 ROT OUTPUT  YRSMO,YRSMOF
    0.0000    0.0105    0.0315    0.0630    0.1049
    0.1574    0.2203    0.2938    0.3777    0.4722
    0.5771    0.6925    0.8184    0.9548    1.1017
    1.2591    1.4270    1.6053    1.7942    1.9935
    2.2034    2.4237    2.6546    2.8959    3.1477
    3.4100    3.6828    3.9661    4.2599    4.5642
    4.8789    5.2042    5.5400    5.8832    6.2271
    6.5811    6.9452    7.3195    7.7038    8.0984
    8.5030    8.9178    9.3427    9.7777   10.2228
   10.6781   11.1435   11.6089   12.0793

     0     1

    7.4201    7.4265    7.4394    7.4587    7.4845
    7.5167    7.5554    7.6005    7.6521    7.7101
    7.7745    7.8454    7.9228    8.0066    8.0968
    8.1935    8.2966    8.4062    8.5222    8.6446
    8.7736    8.9089    9.0507    9.1989    9.3536
    9.5148    9.6823    9.8563   10.0368   10.2237
   10.4171   10.6169   10.8231   11.0373   11.2628
   11.4950   11.7337   11.9791   12.2311   12.4898
   12.7550   13.0269   13.3054   13.5906   13.8823
   14.1807   14.4858   14.8078   15.1419

     0     1

 BARRIER
    7.4201    7.4160    7.4079    7.3958    7.3796
    7.3593    7.3351    7.3067    7.2744    7.2379
    7.1975    7.1529    7.1044    7.0518    6.9951
    6.9344    6.8696    6.8008    6.7280    6.6511
    6.5702    6.4852    6.3961    6.3030    6.2059
    6.1047    5.9995    5.8902    5.7769    5.6596
    5.5381    5.4127    5.2832    5.1542    5.0358
    4.9139    4.7885    4.6597    4.5273    4.3914
    4.2520    4.1091    3.9628    3.8129    3.6595
    3.5026    3.3423    3.1989    3.0625

     0     1


 ROT OUTPUT  FORMAT:   1   0   0
 EJAY,EJAYF
    0.0000    0.6686    0.6912    0.7252    0.7705
    0.8272    0.8951    0.9744    1.0651    1.1670
    1.2803    1.4049    1.5408    1.6881    1.8467
    2.0166    2.1979    2.3905    2.5944    2.8096
    3.0362    3.2741    3.5233    3.7838    4.0557
    4.3389    4.6334    4.9393    5.2565    5.5850
    5.9249    6.2760    6.6385    7.0059    7.3744
    7.7537    8.1439    8.5450    8.9569    9.3797
    9.8134   10.2579   10.7132   11.1794   11.6564
   12.1443   12.6431   13.1339   13.6330

     0     1

    9.3800    9.3865    9.3995    9.4189    9.4448
    9.4771    9.5159    9.5612    9.6130    9.6712
    9.7359    9.8071    9.8847    9.9689   10.0595
   10.1565   10.2600   10.3700   10.4865   10.6094
   10.7389   10.8747   11.0171   11.1659   11.3212
   11.4830   11.6512   11.8259   12.0071   12.1947
   12.3888   12.5894   12.7965   13.0128   13.2398
   13.4735   13.7139   13.9609   14.2146   14.4750
   14.7421   15.0158   15.2962   15.5833   15.8770
   16.1774   16.4845   16.8131   17.1504

     0     1

 BARRIER
    9.3800    8.7179    8.7082    8.6937    8.6742
    8.6499    8.6208    8.5868    8.5479    8.5042
    8.4556    8.4022    8.3439    8.2808    8.2127
    8.1399    8.0622    7.9796    7.8921    7.7998
    7.7027    7.6007    7.4938    7.3821    7.2655
    7.1441    7.0178    6.8866    6.7506    6.6097
    6.4640    6.3134    6.1579    6.0069    5.8654
    5.7198    5.5699    5.4159    5.2577    5.0953
    4.9287    4.7579    4.5830    4.4039    4.2206
    4.0331    3.8414    3.6791    3.5173

     0     1

 ROT OUTPUT  YRSMO,YRSMOF
    0.0000    0.0106    0.0317    0.0635    0.1058
    0.1587    0.2222    0.2963    0.3809    0.4762
    0.5820    0.6984    0.8254    0.9630    1.1111
    1.2698    1.4391    1.6190    1.8095    2.0106
    2.2222    2.4444    2.6772    2.9206    3.1746
    3.4391    3.7142    3.9999    4.2962    4.6031
    4.9206    5.2486    5.5872    5.9314    6.2781
    6.6351    7.0023    7.3797    7.7673    8.1652
    8.5732    8.9914    9.4199    9.8586   10.3075
   10.7666   11.2359   11.7018   12.1760

     0     1

    7.3826    7.3891    7.4020    7.4215    7.4473
    7.4797    7.5185    7.5638    7.6156    7.6738
    7.7385    7.8097    7.8873    7.9715    8.0620
    8.1591    8.2626    8.3726    8.4891    8.6120
    8.7414    8.8773    9.0197    9.1685    9.3238
    9.4856    9.6538    9.8285   10.0097   10.1973
   10.3914   10.5920   10.7991   11.0154   11.2424
   11.4761   11.7165   11.9635   12.2172   12.4776
   12.7446   13.0184   13.2988   13.5858   13.8796
   14.1800   14.4871   14.8156   15.1529

     0     1

 BARRIER
    7.3826    7.3785    7.3703    7.3580    7.3415
    7.3210    7.2963    7.2675    7.2346    7.1976
    7.1565    7.1113    7.0620    7.0085    6.9509
    6.8893    6.8235    6.7536    6.6796    6.6015
    6.5193    6.4329    6.3425    6.2479    6.1492
    6.0464    5.9396    5.8285    5.7134    5.5942
    5.4709    5.3434    5.2118    5.0840    4.9643
    4.8410    4.7142    4.5838    4.4499    4.3124
    4.1715    4.0269    3.8789    3.7273    3.5721
    3.4134    3.2512    3.1139    2.9769

     0     1


 ROT OUTPUT  FORMAT:   1   0   0
 EJAY,EJAYF
    0.0000    0.4014    0.4237    0.4571    0.5017
    0.5575    0.6244    0.7024    0.7916    0.8919
    1.0034    1.1261    1.2599    1.4048    1.5609
    1.7281    1.9065    2.0960    2.2967    2.5086
    2.7315    2.9657    3.2110    3.4674    3.7350
    4.0137    4.3036    4.6046    4.9168    5.2401
    5.5746    5.9202    6.2770    6.6364    6.9999
    7.3741    7.7590    8.1547    8.5610    8.9781
    9.4058    9.8443   10.2934   10.7533   11.2239
   11.7052   12.1949   12.6784   13.1722

     0     1

    8.5622    8.5687    8.5817    8.6012    8.6272
    8.6597    8.6987    8.7441    8.7961    8.8546
    8.9196    8.9911    9.0691    9.1536    9.2445
    9.3420    9.4460    9.5565    9.6735    9.7969
    9.9269   10.0634   10.2063   10.3558   10.5118
   10.6742   10.8432   11.0187   11.2006   11.3891
   11.5841   11.7855   11.9935   12.2122   12.4408
   12.6762   12.9184   13.1672   13.4228   13.6850
   13.9540   14.2297   14.5122   14.8013   15.0972
   15.3998   15.7112   16.0449   16.3857

     0     1

 BARRIER
    8.5622    8.1673    8.1580    8.1441    8.1255
    8.1022    8.0743    8.0417    8.0045    7.9627
    7.9162    7.8650    7.8092    7.7488    7.6837
    7.6139    7.5395    7.4604    7.3767    7.2884
    7.1954    7.0977    6.9954    6.8884    6.7768
    6.6606    6.5396    6.4141    6.2839    6.1490
    6.0095    5.8653    5.7165    5.5758    5.4409
    5.3021    5.1593    5.0125    4.8617    4.7070
    4.5482    4.3855    4.2187    4.0480    3.8733
    3.6946    3.5163    3.3665    3.2135

     0     1

 ROT OUTPUT  YRSMO,YRSMOF
    0.0000    0.0107    0.0320    0.0640    0.1067
    0.1601    0.2241    0.2988    0.3842    0.4803
    0.5870    0.7044    0.8325    0.9712    1.1206
    1.2807    1.4515    1.6329    1.8250    2.0278
    2.2412    2.4654    2.7002    2.9456    3.2018
    3.4686    3.7461    4.0342    4.3331    4.6426
    4.9628    5.2936    5.6351    5.9801    6.3298
    6.6898    7.0601    7.4407    7.8316    8.2328
    8.6443    9.0661    9.4981    9.9405   10.3932
   10.8561   11.3276   11.7957   12.2739

     0     1

    7.3346    7.3411    7.3541    7.3736    7.3996
    7.4321    7.4710    7.5165    7.5685    7.6270
    7.6920    7.7635    7.8415    7.9260    8.0169
    8.1144    8.2184    8.3289    8.4458    8.5693
    8.6993    8.8358    8.9787    9.1282    9.2842
    9.4466    9.6156    9.7911    9.9730   10.1615
   10.3565   10.5579   10.7659   10.9845   11.2132
   11.4486   11.6908   11.9396   12.1952   12.4574
   12.7264   13.0021   13.2846   13.5737   13.8696
   14.1722   14.4836   14.8173   15.1581

     0     1

 BARRIER
    7.3346    7.3304    7.3221    7.3095    7.2928
    7.2720    7.2469    7.2177    7.1843    7.1467
    7.1050    7.0591    7.0090    6.9547    6.8963
    6.8337    6.7669    6.6960    6.6208    6.5415
    6.4580    6.3704    6.2786    6.1826    6.0824
    5.9780    5.8695    5.7568    5.6400    5.5189
    5.3937    5.2643    5.1307    5.0044    4.8834
    4.7588    4.6306    4.4989    4.3635    4.2246
    4.0821    3.9361    3.7864    3.6332    3.4764
    3.3160    3.1560    3.0216    2.8842

     0     1


 ROT OUTPUT  FORMAT:   1   0   0
 EJAY,EJAYF
    0.0000    2.0197    2.0425    2.0768    2.1225
    2.1796    2.2481    2.3281    2.4195    2.5223
    2.6365    2.7621    2.8992    3.0477    3.2076
    3.3789    3.5617    3.7558    3.9614    4.1785
    4.4069    4.6468    4.8981    5.1608    5.4349
    5.7204    6.0174    6.3258    6.6456    6.9769
    7.3195    7.6736    8.0391    8.4161    8.7923
    9.1750    9.5686    9.9732   10.3888   10.8153
   11.2527   11.7011   12.1605   12.6308   13.1120
   13.6042   14.1073   14.6214   15.1252

     0     1

   12.7438   12.7502   12.7630   12.7822   12.8079
   12.8399   12.8783   12.9232   12.9745   13.0321
   13.0962   13.1667   13.2435   13.3268   13.4165
   13.5126   13.6152   13.7241   13.8394   13.9611
   14.0893   14.2238   14.3648   14.5121   14.6659
   14.8261   14.9927   15.1657   15.3451   15.5309
   15.7231   15.9217   16.1267   16.3382   16.5574
   16.7836   17.0163   17.2555   17.5011   17.7532
   18.0117   18.2768   18.5482   18.8262   19.1105
   19.4014   19.6987   20.0025   20.3235

     0     1

 BARRIER
   12.7438   10.7305   10.7205   10.7054   10.6854
   10.6603   10.6302   10.5951   10.5550   10.5099
   10.4597   10.4045   10.3444   10.2792   10.2090
   10.1337   10.0535    9.9682    9.8780    9.7827
    9.6824    9.5771    9.4667    9.3514    9.2310
    9.1056    8.9753    8.8399    8.6994    8.5540
    8.4035    8.2481    8.0876    7.9221    7.7651
    7.6087    7.4477    7.2823    7.1123    6.9379
    6.7590    6.5756    6.3877    6.1954    5.9985
    5.7972    5.5914    5.3811    5.1984

     0     1

 ROT OUTPUT  YRSMO,YRSMOF
    0.0000    0.0102    0.0305    0.0609    0.1015
    0.1523    0.2132    0.2843    0.3655    0.4569
    0.5584    0.6701    0.7920    0.9240    1.0661
    1.2184    1.3809    1.5535    1.7362    1.9292
    2.1322    2.3455    2.5688    2.8024    3.0460
    3.2999    3.5639    3.8380    4.1223    4.4168
    4.7214    5.0361    5.3610    5.6961    6.0326
    6.3757    6.7287    7.0914    7.4640    7.8464
    8.2386    8.6406    9.0524    9.4740    9.9055
   10.3467   10.7978   11.2587   11.7162

     0     1

    8.0199    8.0263    8.0391    8.0583    8.0839
    8.1160    8.1544    8.1993    8.2505    8.3082
    8.3722    8.4427    8.5196    8.6029    8.6926
    8.7887    8.8912    9.0001    9.1155    9.2372
    9.3653    9.4999    9.6408    9.7882    9.9420
   10.1022   10.2687   10.4417   10.6211   10.8069
   10.9991   11.1978   11.4028   11.6142   11.8335
   12.0597   12.2924   12.5316   12.7772   13.0293
   13.2878   13.5528   13.8243   14.1022   14.3866
   14.6775   14.9748   15.2786   15.5996

     0     1

 BARRIER
    8.0199    8.0161    8.0086    7.9974    7.9824
    7.9637    7.9412    7.9150    7.8850    7.8513
    7.8138    7.7726    7.7276    7.6789    7.6265
    7.5703    7.5103    7.4467    7.3792    7.3080
    7.2331    7.1544    7.0720    6.9858    6.8959
    6.8023    6.7049    6.6037    6.4988    6.3902
    6.2778    6.1616    6.0417    5.9181    5.8009
    5.6840    5.5637    5.4401    5.3132    5.1829
    5.0492    4.9122    4.7719    4.6282    4.4811
    4.3307    4.1770    4.0199    3.8834

     0     1


 ROT OUTPUT  FORMAT:   1   0   0
 EJAY,EJAYF
    0.0000    1.7648    1.7876    1.8219    1.8676
    1.9247    1.9933    2.0733    2.1647    2.2675
    2.3818    2.5075    2.6446    2.7932    2.9531
    3.1245    3.3073    3.5016    3.7073    3.9244
    4.1529    4.3928    4.6442    4.9070    5.1813
    5.4669    5.7640    6.0725    6.3925    6.7238
    7.0666    7.4208    7.7865    8.1636    8.5375
    8.9204    9.3143    9.7191   10.1349   10.5617
   10.9994   11.4480   11.9076   12.3782   12.8597
   13.3522   13.8556   14.3665   14.8699

     0     1

   12.2400   12.2464   12.2592   12.2785   12.3041
   12.3362   12.3747   12.4196   12.4709   12.5287
   12.5928   12.6634   12.7404   12.8238   12.9136
   13.0099   13.1125   13.2216   13.3371   13.4589
   13.5873   13.7220   13.8631   14.0107   14.1647
   14.3251   14.4919   14.6651   14.8447   15.0308
   15.2233   15.4221   15.6274   15.8392   16.0593
   16.2862   16.5196   16.7595   17.0059   17.2587
   17.5180   17.7838   18.0561   18.3349   18.6201
   18.9119   19.2101   19.5165   19.8391

     0     1

 BARRIER
   12.2400   10.4816   10.4716   10.4566   10.4365
   10.4115   10.3814   10.3463   10.3062   10.2611
   10.2110   10.1559   10.0958   10.0306    9.9605
    9.8853    9.8052    9.7200    9.6298    9.5346
    9.4344    9.3291    9.2189    9.1037    8.9834
    8.8581    8.7278    8.5926    8.4523    8.3069
    8.1566    8.0013    7.8409    7.6756    7.5218
    7.3658    7.2053    7.0404    6.8709    6.6970
    6.5187    6.3358    6.1485    5.9567    5.7604
    5.5597    5.3544    5.1500    4.9692

     0     1

 ROT OUTPUT  YRSMO,YRSMOF
    0.0000    0.0102    0.0307    0.0614    0.1024
    0.1536    0.2150    0.2867    0.3686    0.4608
    0.5632    0.6758    0.7987    0.9318    1.0751
    1.2287    1.3925    1.5666    1.7509    1.9455
    2.1503    2.3653    2.5905    2.8260    3.0718
    3.3278    3.5940    3.8705    4.1572    4.4541
    4.7613    5.0787    5.4064    5.7442    6.0818
    6.4277    6.7836    7.1493    7.5250    7.9105
    8.3060    8.7113    9.1265    9.5517    9.9867
   10.4316   10.8864   11.3489   11.8094

     0     1

    8.0022    8.0086    8.0215    8.0407    8.0664
    8.0985    8.1370    8.1819    8.2332    8.2909
    8.3551    8.4257    8.5026    8.5860    8.6759
    8.7721    8.8748    8.9838    9.0993    9.2212
    9.3495    9.4842    9.6254    9.7729    9.9269
   10.0873   10.2541   10.4273   10.6070   10.7930
   10.9855   11.1844   11.3897   11.6014   11.8216
   12.0485   12.2819   12.5218   12.7681   13.0210
   13.2803   13.5461   13.8184   14.0971   14.3824
   14.6741   14.9723   15.2788   15.6013

     0     1

 BARRIER
    8.0022    7.9984    7.9908    7.9793    7.9640
    7.9449    7.9219    7.8952    7.8646    7.8302
    7.7919    7.7499    7.7040    7.6543    7.6007
    7.5434    7.4822    7.4172    7.3484    7.2757
    7.1993    7.1190    7.0348    6.9469    6.8551
    6.7595    6.6601    6.5569    6.4498    6.3389
    6.2242    6.1057    5.9833    5.8572    5.7398
    5.6208    5.4983    5.3724    5.2431    5.1104
    4.9743    4.8348    4.6918    4.5455    4.3957
    4.2425    4.0859    3.9299    3.7919

     0     1


 ROT OUTPUT  FORMAT:   1   0   0
 EJAY,EJAYF
    0.0000    1.4252    1.4479    1.4820    1.5274
    1.5841    1.6523    1.7317    1.8226    1.9247
    2.0383    2.1632    2.2994    2.4470    2.6060
    2.7763    2.9579    3.1509    3.3553    3.5710
    3.7981    4.0365    4.2863    4.5474    4.8199
    5.1037    5.3989    5.7055    6.0234    6.3526
    6.6932    7.0452    7.4085    7.7827    8.1525
    8.5333    8.9249    9.3274    9.7409   10.1652
   10.6004   11.0465   11.5035   11.9714   12.4502
   12.9399   13.4405   13.9442   14.4456

     0     1

   11.4847   11.4912   11.5040   11.5233   11.5490
   11.5811   11.6197   11.6647   11.7161   11.7739
   11.8382   11.9089   11.9860   12.0696   12.1595
   12.2559   12.3587   12.4680   12.5837   12.7058
   12.8343   12.9693   13.1106   13.2585   13.4127
   13.5734   13.7404   13.9140   14.0939   14.2803
   14.4731   14.6723   14.8779   15.0901   15.3113
   15.5390   15.7732   16.0139   16.2611   16.5148
   16.7750   17.0417   17.3149   17.5946   17.8808
   18.1736   18.4728   18.7827   19.1063

     0     1

 BARRIER
   11.4847   10.0660   10.0561   10.0413   10.0216
    9.9970    9.9674    9.9330    9.8935    9.8492
    9.7999    9.7457    9.6866    9.6225    9.5536
    9.4797    9.4008    9.3171    9.2284    9.1348
    9.0362    8.9328    8.8244    8.7111    8.5928
    8.4696    8.3415    8.2085    8.0705    7.9277
    7.7799    7.6271    7.4695    7.3074    7.1588
    7.0057    6.8483    6.6864    6.5202    6.3496
    6.1746    5.9952    5.8114    5.6232    5.4306
    5.2337    5.0323    4.8385    4.6607

     0     1

 ROT OUTPUT  YRSMO,YRSMOF
    0.0000    0.0103    0.0310    0.0620    0.1033
    0.1549    0.2169    0.2891    0.3717    0.4647
    0.5679    0.6815    0.8054    0.9397    1.0843
    1.2392    1.4044    1.5799    1.7658    1.9620
    2.1685    2.3854    2.6125    2.8501    3.0979
    3.3560    3.6245    3.9033    4.1925    4.4919
    4.8017    5.1218    5.4523    5.7927    6.1315
    6.4804    6.8392    7.2080    7.5867    7.9755
    8.3742    8.7829    9.2016    9.6303   10.0689
   10.5175   10.9761   11.4394   11.9037

     0     1

    7.9712    7.9776    7.9905    8.0097    8.0354
    8.0676    8.1061    8.1511    8.2025    8.2604
    8.3246    8.3953    8.4724    8.5560    8.6460
    8.7424    8.8452    8.9544    9.0701    9.1922
    9.3208    9.4557    9.5971    9.7449    9.8991
   10.0598   10.2269   10.4004   10.5804   10.7667
   10.9595   11.1587   11.3644   11.5765   11.7977
   12.0254   12.2596   12.5003   12.7475   13.0012
   13.2614   13.5281   13.8013   14.0811   14.3673
   14.6600   14.9592   15.2691   15.5927

     0     1

 BARRIER
    7.9712    7.9673    7.9595    7.9478    7.9322
    7.9127    7.8893    7.8620    7.8308    7.7957
    7.7567    7.7138    7.6670    7.6163    7.5617
    7.5032    7.4408    7.3745    7.3043    7.2302
    7.1522    7.0703    6.9845    6.8949    6.8013
    6.7038    6.6024    6.4971    6.3879    6.2748
    6.1578    6.0369    5.9121    5.7839    5.6662
    5.5451    5.4204    5.2924    5.1608    5.0257
    4.8872    4.7452    4.5997    4.4508    4.2984
    4.1425    3.9831    3.8297    3.6890

     0     1


 ROT OUTPUT  FORMAT:   1   0   0
 EJAY,EJAYF
    0.0000    1.1560    1.1786    1.2125    1.2578
    1.3143    1.3822    1.4613    1.5518    1.6536
    1.7667    1.8911    2.0268    2.1739    2.3322
    2.5019    2.6828    2.8751    3.0787    3.2936
    3.5197    3.7573    4.0061    4.2662    4.5376
    4.8204    5.1144    5.4198    5.7365    6.0645
    6.4038    6.7544    7.1163    7.4867    7.8553
    8.2348    8.6252    9.0264    9.4385    9.8614
   10.2952   10.7399   11.1954   11.6617   12.1390
   12.6270   13.1260   13.6240   14.1245

     0     1

   10.8629   10.8694   10.8823   10.9016   10.9273
   10.9595   10.9981   11.0432   11.0947   11.1526
   11.2170   11.2878   11.3650   11.4487   11.5388
   11.6354   11.7383   11.8478   11.9636   12.0859
   12.2147   12.3498   12.4914   12.6395   12.7940
   12.9549   13.1223   13.2960   13.4763   13.6629
   13.8560   14.0556   14.2616   14.4745   14.6965
   14.9250   15.1600   15.4015   15.6495   15.9041
   16.1652   16.4328   16.7070   16.9876   17.2748
   17.5685   17.8688   18.1821   18.5067

     0     1

 BARRIER
   10.8629    9.7134    9.7037    9.6890    9.6695
    9.6452    9.6159    9.5818    9.5428    9.4990
    9.4503    9.3966    9.3382    9.2748    9.2066
    9.1335    9.0555    8.9727    8.8850    8.7924
    8.6949    8.5926    8.4854    8.3733    8.2563
    8.1345    8.0078    7.8762    7.7398    7.5985
    7.4523    7.3012    7.1453    6.9879    6.8412
    6.6902    6.5348    6.3751    6.2111    6.0427
    5.8700    5.6930    5.5116    5.3259    5.1359
    4.9415    4.7428    4.5581    4.3822

     0     1

 ROT OUTPUT  YRSMO,YRSMOF
    0.0000    0.0104    0.0312    0.0625    0.1041
    0.1562    0.2187    0.2916    0.3749    0.4686
    0.5728    0.6874    0.8123    0.9477    1.0935
    1.2497    1.4164    1.5934    1.7809    1.9787
    2.1870    2.4057    2.6348    2.8744    3.1243
    3.3847    3.6555    3.9366    4.2282    4.5303
    4.8427    5.1655    5.4988    5.8402    6.1819
    6.5337    6.8955    7.2674    7.6493    8.0413
    8.4434    8.8555    9.2777    9.7099   10.1522
   10.6046   11.0670   11.5311   11.9992

     0     1

    7.9324    7.9388    7.9517    7.9710    7.9968
    8.0289    8.0676    8.1126    8.1641    8.2221
    8.2864    8.3572    8.4345    8.5181    8.6083
    8.7048    8.8078    8.9172    9.0331    9.1554
    9.2841    9.4193    9.5609    9.7089    9.8634
   10.0244   10.1917   10.3655   10.5457   10.7324
   10.9255   11.1250   11.3310   11.5440   11.7659
   11.9944   12.2294   12.4709   12.7190   12.9735
   13.2346   13.5023   13.7764   14.0571   14.3443
   14.6380   14.9383   15.2516   15.5761

     0     1

 BARRIER
    7.9324    7.9284    7.9205    7.9085    7.8926
    7.8727    7.8489    7.8210    7.7892    7.7534
    7.7136    7.6699    7.6221    7.5704    7.5147
    7.4551    7.3914    7.3238    7.2522    7.1766
    7.0971    7.0136    6.9261    6.8346    6.7391
    6.6397    6.5363    6.4289    6.3175    6.2021
    6.0828    5.9595    5.8322    5.7038    5.5840
    5.4607    5.3339    5.2036    5.0697    4.9323
    4.7913    4.6468    4.4988    4.3472    4.1921
    4.0334    3.8713    3.7205    3.5769

     0     1


 ROT OUTPUT  FORMAT:   1   0   0
 EJAY,EJAYF
    0.0000    0.8723    0.8948    0.9284    0.9733
    1.0295    1.0968    1.1754    1.2652    1.3662
    1.4785    1.6019    1.7367    1.8826    2.0397
    2.2081    2.3877    2.5785    2.7806    2.9939
    3.2184    3.4541    3.7011    3.9593    4.2287
    4.5093    4.8012    5.1042    5.4185    5.7441
    6.0808    6.4288    6.7880    7.1533    7.5196
    7.8966    8.2844    8.6829    9.0923    9.5125
    9.9434   10.3851   10.8377   11.3010   11.7750
   12.2599   12.7555   13.2467   13.7448

     0     1

   10.1448   10.1513   10.1642   10.1836   10.2094
   10.2417   10.2804   10.3256   10.3773   10.4354
   10.4999   10.5710   10.6484   10.7324   10.8228
   10.9196   11.0229   11.1327   11.2489   11.3716
   11.5007   11.6363   11.7783   11.9268   12.0818
   12.2432   12.4111   12.5854   12.7662   12.9534
   13.1471   13.3473   13.5539   13.7681   13.9912
   14.2208   14.4569   14.6996   14.9489   15.2047
   15.4671   15.7360   16.0115   16.2936   16.5822
   16.8773   17.1791   17.4963   17.8225

     0     1

 BARRIER
   10.1448    9.2790    9.2695    9.2551    9.2361
    9.2122    9.1836    9.1502    9.1121    9.0692
    9.0215    8.9690    8.9118    8.8498    8.7830
    8.7115    8.6352    8.5541    8.4683    8.3777
    8.2823    8.1822    8.0773    7.9676    7.8531
    7.7339    7.6099    7.4812    7.3476    7.2094
    7.0663    6.9185    6.7659    6.6148    6.4716
    6.3242    6.1725    6.0167    5.8566    5.6922
    5.5237    5.3509    5.1739    4.9926    4.8071
    4.6174    4.4235    4.2496    4.0777

     0     1

 ROT OUTPUT  YRSMO,YRSMOF
    0.0000    0.0105    0.0315    0.0630    0.1050
    0.1576    0.2206    0.2941    0.3781    0.4727
    0.5777    0.6932    0.8193    0.9558    1.1029
    1.2604    1.4285    1.6070    1.7961    1.9957
    2.2058    2.4263    2.6574    2.8990    3.1511
    3.4137    3.6868    3.9704    4.2645    4.5691
    4.8842    5.2098    5.5459    5.8883    6.2329
    6.5876    6.9524    7.3274    7.7126    8.1079
    8.5133    8.9289    9.3546    9.7905   10.2365
   10.6926   11.1589   11.6238   12.0958

     0     1

    7.8788    7.8852    7.8981    7.9175    7.9433
    7.9756    8.0144    8.0595    8.1112    8.1693
    8.2339    8.3049    8.3824    8.4663    8.5567
    8.6535    8.7569    8.8666    8.9828    9.1055
    9.2346    9.3702    9.5123    9.6608    9.8157
    9.9771   10.1450   10.3193   10.5001   10.6874
   10.8810   11.0812   11.2878   11.5020   11.7251
   11.9547   12.1908   12.4335   12.6828   12.9386
   13.2010   13.4699   13.7454   14.0275   14.3161
   14.6113   14.9130   15.2302   15.5564

     0     1

 BARRIER
    7.8788    7.8747    7.8666    7.8545    7.8383
    7.8181    7.7938    7.7654    7.7331    7.6966
    7.6562    7.6117    7.5631    7.5105    7.4538
    7.3931    7.3284    7.2596    7.1867    7.1098
    7.0289    6.9439    6.8549    6.7618    6.6646
    6.5635    6.4582    6.3490    6.2357    6.1183
    5.9969    5.8714    5.7419    5.6137    5.4922
    5.3671    5.2384    5.1061    4.9702    4.8308
    4.6877    4.5411    4.3908    4.2370    4.0796
    3.9186    3.7541    3.6065    3.4606

     0     1


 ROT OUTPUT  FORMAT:   1   0   0
 EJAY,EJAYF
    0.0000    0.7421    0.7646    0.7983    0.8433
    0.8995    0.9669    1.0456    1.1355    1.2366
    1.3490    1.4727    1.6075    1.7537    1.9110
    2.0796    2.2594    2.4505    2.6528    2.8663
    3.0911    3.3271    3.5744    3.8329    4.1026
    4.3836    4.6758    4.9793    5.2940    5.6199
    5.9571    6.3055    6.6652    7.0286    7.3954
    7.7730    8.1614    8.5606    8.9706    9.3914
    9.8230   10.2654   10.7186   11.1826   11.6574
   12.1430   12.6388   13.1274   13.6263

     0     1

    9.8071    9.8136    9.8266    9.8461    9.8720
    9.9045    9.9435    9.9889   10.0408   10.0993
   10.1642   10.2356   10.3135   10.3979   10.4888
   10.5862   10.6901   10.8004   10.9173   11.0406
   11.1705   11.3068   11.4496   11.5990   11.7548
   11.9171   12.0859   12.2612   12.4429   12.6312
   12.8260   13.0272   13.2350   13.4512   13.6759
   13.9073   14.1452   14.3898   14.6409   14.8987
   15.1631   15.4340   15.7116   15.9958   16.2866
   16.5840   16.8884   17.2109   17.5402

     0     1

 BARRIER
    9.8071    9.0715    9.0620    9.0478    9.0288
    9.0050    8.9765    8.9433    8.9053    8.8626
    8.8152    8.7629    8.7060    8.6443    8.5778
    8.5066    8.4306    8.3499    8.2645    8.1743
    8.0794    7.9797    7.8753    7.7661    7.6521
    7.5335    7.4101    7.2819    7.1490    7.0113
    6.8689    6.7217    6.5698    6.4225    6.2805
    6.1343    5.9838    5.8292    5.6704    5.5073
    5.3401    5.1687    4.9931    4.8133    4.6293
    4.4411    4.2496    4.0835    3.9139

     0     1

 ROT OUTPUT  YRSMO,YRSMOF
    0.0000    0.0106    0.0318    0.0636    0.1059
    0.1589    0.2225    0.2966    0.3814    0.4767
    0.5826    0.6992    0.8263    0.9640    1.1123
    1.2712    1.4407    1.6208    1.8115    2.0127
    2.2246    2.4471    2.6801    2.9238    3.1780
    3.4428    3.7183    4.0043    4.3009    4.6081
    4.9259    5.2543    5.5933    5.9367    6.2842
    6.6419    7.0098    7.3879    7.7763    8.1749
    8.5838    9.0029    9.4322    9.8717   10.3215
   10.7815   11.2513   11.7173   12.1931

     0     1

    7.8415    7.8480    7.8609    7.8804    7.9064
    7.9388    7.9778    8.0232    8.0752    8.1336
    8.1985    8.2699    8.3479    8.4322    8.5231
    8.6205    8.7244    8.8348    8.9516    9.0750
    9.2048    9.3412    9.4840    9.6333    9.7891
    9.9514   10.1202   10.2955   10.4773   10.6656
   10.8603   11.0616   11.2693   11.4855   11.7102
   11.9416   12.1795   12.4241   12.6753   12.9330
   13.1974   13.4684   13.7460   14.0302   14.3210
   14.6184   14.9227   15.2452   15.5745

     0     1

 BARRIER
    7.8415    7.8374    7.8292    7.8169    7.8005
    7.7799    7.7553    7.7266    7.6938    7.6569
    7.6159    7.5708    7.5216    7.4683    7.4108
    7.3493    7.2837    7.2140    7.1402    7.0622
    6.9802    6.8941    6.8039    6.7095    6.6111
    6.5086    6.4020    6.2912    6.1764    6.0575
    5.9344    5.8073    5.6760    5.5488    5.4261
    5.2997    5.1698    5.0362    4.8989    4.7581
    4.6136    4.4655    4.3138    4.1585    3.9995
    3.8369    3.6714    3.5280    3.3814

     0     1


 ROT OUTPUT  FORMAT:   1   0   0
 EJAY,EJAYF
    0.0000    0.5857    0.6081    0.6418    0.6867
    0.7428    0.8101    0.8886    0.9784    1.0794
    1.1916    1.3150    1.4496    1.5955    1.7526
    1.9209    2.1004    2.2912    2.4931    2.7063
    2.9307    3.1663    3.4132    3.6713    3.9406
    4.2211    4.5128    4.8157    5.1299    5.4553
    5.7919    6.1397    6.4988    6.8595    7.2258
    7.6030    7.9910    8.3897    8.7993    9.2196
    9.6507   10.0926   10.5453   11.0088   11.4831
   11.9682   12.4595   12.9479   13.4467

     0     1

    9.3784    9.3849    9.3980    9.4176    9.4437
    9.4763    9.5155    9.5612    9.6134    9.6722
    9.7375    9.8093    9.8877    9.9725   10.0639
   10.1619   10.2663   10.3773   10.4949   10.6189
   10.7495   10.8866   11.0302   11.1804   11.3371
   11.5003   11.6701   11.8464   12.0292   12.2185
   12.4144   12.6168   12.8257   13.0441   13.2706
   13.5037   13.7436   13.9900   14.2432   14.5030
   14.7694   15.0425   15.3223   15.6087   15.9018
   16.2016   16.5111   16.8369   17.1696

     0     1

 BARRIER
    9.3784    8.7992    8.7899    8.7758    8.7570
    8.7336    8.7054    8.6726    8.6350    8.5928
    8.5459    8.4943    8.4380    8.3770    8.3113
    8.2410    8.1659    8.0862    8.0017    7.9126
    7.8188    7.7203    7.6170    7.5091    7.3966
    7.2793    7.1573    7.0306    6.8993    6.7632
    6.6225    6.4771    6.3270    6.1846    6.0447
    5.9007    5.7526    5.6003    5.4439    5.2834
    5.1187    4.9499    4.7770    4.5999    4.4187
    4.2334    4.0516    3.8890    3.7229

     0     1

 ROT OUTPUT  YRSMO,YRSMOF
    0.0000    0.0107    0.0321    0.0641    0.1068
    0.1603    0.2244    0.2992    0.3846    0.4808
    0.5876    0.7052    0.8334    0.9723    1.1219
    1.2821    1.4531    1.6347    1.8270    2.0300
    2.2437    2.4681    2.7031    2.9489    3.2053
    3.4724    3.7502    4.0387    4.3378    4.6477
    4.9682    5.2994    5.6413    5.9857    6.3361
    6.6968    7.0679    7.4492    7.8409    8.2429
    8.6552    9.0778    9.5107    9.9540   10.4076
   10.8715   11.3420   11.8118   12.2917

     0     1

    7.7980    7.8045    7.8176    7.8372    7.8633
    7.8959    7.9351    7.9808    8.0330    8.0918
    8.1571    8.2289    8.3072    8.3921    8.4835
    8.5815    8.6859    8.7969    8.9145    9.0385
    9.1691    9.3062    9.4498    9.6000    9.7567
    9.9199   10.0897   10.2660   10.4488   10.6381
   10.8340   11.0364   11.2453   11.4637   11.6902
   11.9233   12.1632   12.4096   12.6628   12.9226
   13.1890   13.4621   13.7419   14.0283   14.3214
   14.6212   14.9307   15.2565   15.5892

     0     1

 BARRIER
    7.7980    7.7938    7.7855    7.7730    7.7564
    7.7356    7.7107    7.6816    7.6484    7.6110
    7.5694    7.5237    7.4739    7.4199    7.3617
    7.2994    7.2329    7.1622    7.0874    7.0085
    6.9254    6.8381    6.7467    6.6511    6.5514
    6.4475    6.3395    6.2273    6.1110    5.9905
    5.8658    5.7370    5.6040    5.4779    5.3541
    5.2265    5.0953    4.9604    4.8219    4.6797
    4.5338    4.3843    4.2312    4.0743    3.9138
    3.7497    3.5887    3.4446    3.2975

     0     1


 ROT OUTPUT  FORMAT:   1   0   0
 EJAY,EJAYF
    0.0000    2.2114    2.2341    2.2681    2.3136
    2.3704    2.4385    2.5180    2.6088    2.7111
    2.8246    2.9495    3.0858    3.2335    3.3925
    3.5628    3.7445    3.9376    4.1420    4.3578
    4.5849    4.8234    5.0733    5.3345    5.6070
    5.8909    6.1862    6.4929    6.8108    7.1402
    7.4809    7.8330    8.1964    8.5711    8.9421
    9.3239    9.7165   10.1202   10.5347   10.9601
   11.3965   11.8438   12.3020   12.7712   13.2512
   13.7422   14.2441   14.7500   15.2517

     0     1

   13.2102   13.2168   13.2299   13.2495   13.2756
   13.3083   13.3476   13.3934   13.4457   13.5045
   13.5699   13.6419   13.7204   13.8054   13.8969
   13.9950   14.0997   14.2109   14.3286   14.4528
   14.5836   14.7210   14.8649   15.0153   15.1722
   15.3357   15.5058   15.6824   15.8655   16.0551
   16.2513   16.4541   16.6634   16.8792   17.1021
   17.3316   17.5676   17.8102   18.0594   18.3151
   18.5773   18.8461   19.1215   19.4034   19.6919
   19.9870   20.2886   20.6010   20.9292

     0     1

 BARRIER
   13.2102   11.0054   10.9958   10.9813   10.9621
   10.9380   10.9091   10.8754   10.8368   10.7935
   10.7453   10.6923   10.6345   10.5719   10.5045
   10.4322   10.3552   10.2733   10.1866   10.0950
    9.9987    9.8976    9.7916    9.6808    9.5652
    9.4448    9.3196    9.1895    9.0546    8.9150
    8.7705    8.6211    8.4670    8.3080    8.1600
    8.0077    7.8511    7.6901    7.5247    7.3549
    7.1808    7.0023    6.8195    6.6323    6.4407
    6.2448    6.0445    5.8510    5.6775

     0     1

 ROT OUTPUT  YRSMO,YRSMOF
    0.0000    0.0102    0.0307    0.0615    0.1024
    0.1537    0.2151    0.2868    0.3688    0.4610
    0.5634    0.6761    0.7991    0.9322    1.0757
    1.2293    1.3932    1.5674    1.7518    1.9465
    2.1513    2.3665    2.5919    2.8275    3.0733
    3.3295    3.5958    3.8724    4.1593    4.4563
    4.7637    5.0813    5.4091    5.7471    6.0839
    6.4305    6.7870    7.1535    7.5298    7.9161
    8.3122    8.7183    9.1343    9.5602    9.9960
   10.4418   10.8974   11.3586   11.8202

     0     1

    8.4678    8.4743    8.4874    8.5070    8.5332
    8.5659    8.6051    8.6509    8.7032    8.7621
    8.8275    8.8994    8.9779    9.0629    9.1545
    9.2526    9.3572    9.4684    9.5861    9.7104
    9.8412    9.9785   10.1224   10.2728   10.4298
   10.5933   10.7633   10.9399   11.1230   11.3127
   11.5089   11.7116   11.9209   12.1367   12.3596
   12.5891   12.8251   13.0677   13.3169   13.5726
   13.8349   14.1037   14.3790   14.6610   14.9495
   15.2445   15.5461   15.8585   16.1867

     0     1

 BARRIER
    8.4678    8.4640    8.4566    8.4455    8.4307
    8.4122    8.3900    8.3640    8.3344    8.3011
    8.2640    8.2233    8.1788    8.1306    8.0788
    8.0232    7.9639    7.9010    7.8343    7.7639
    7.6898    7.6120    7.5305    7.4453    7.3564
    7.2638    7.1675    7.0675    6.9637    6.8563
    6.7452    6.6303    6.5118    6.3896    6.2757
    6.1586    6.0381    5.9143    5.7871    5.6565
    5.5226    5.3854    5.2447    5.1007    4.9534
    4.8027    4.6487    4.4999    4.3665

     0     1


 ROT OUTPUT  FORMAT:   1   0   0
 EJAY,EJAYF
    0.0000    1.7812    1.8038    1.8376    1.8827
    1.9390    2.0067    2.0856    2.1758    2.2773
    2.3900    2.5140    2.6493    2.7959    2.9537
    3.1228    3.3032    3.4948    3.6978    3.9120
    4.1375    4.3742    4.6222    4.8816    5.1521
    5.4340    5.7271    6.0315    6.3472    6.6741
    7.0123    7.3618    7.7226    8.0926    8.4609
    8.8402    9.2302    9.6312   10.0430   10.4656
   10.8991   11.3434   11.7986   12.2646   12.7415
   13.2292   13.7278   14.2263   14.7257

     0     1

   12.3207   12.3273   12.3404   12.3601   12.3864
   12.4192   12.4586   12.5045   12.5571   12.6162
   12.6818   12.7541   12.8328   12.9182   13.0101
   13.1086   13.2137   13.3253   13.4435   13.5683
   13.6996   13.8375   13.9819   14.1329   14.2905
   14.4547   14.6254   14.8027   14.9865   15.1770
   15.3739   15.5775   15.7876   16.0044   16.2285
   16.4591   16.6964   16.9402   17.1906   17.4476
   17.7112   17.9814   18.2582   18.5416   18.8315
   19.1281   19.4312   19.7480   20.0778

     0     1

 BARRIER
   12.3207   10.5461   10.5366   10.5225   10.5037
   10.4801   10.4519   10.4189   10.3813   10.3389
   10.2918   10.2400   10.1835   10.1223   10.0564
    9.9858    9.9105    9.8305    9.7457    9.6563
    9.5621    9.4632    9.3597    9.2514    9.1384
    9.0207    8.8983    8.7712    8.6394    8.5028
    8.3616    8.2157    8.0650    7.9119    7.7675
    7.6190    7.4661    7.3090    7.1477    6.9820
    6.8122    6.6380    6.4596    6.2770    6.0901
    5.8989    5.7035    5.5217    5.3521

     0     1

 ROT OUTPUT  YRSMO,YRSMOF
    0.0000    0.0103    0.0310    0.0620    0.1033
    0.1550    0.2170    0.2893    0.3719    0.4649
    0.5682    0.6819    0.8059    0.9402    1.0848
    1.2398    1.4051    1.5807    1.7667    1.9630
    2.1696    2.3866    2.6139    2.8515    3.0995
    3.3578    3.6264    3.9053    4.1946    4.4942
    4.8042    5.1244    5.4551    5.7944    6.1338
    6.4833    6.8428    7.2123    7.5918    7.9813
    8.3807    8.7902    9.2097    9.6391   10.0786
   10.5280   10.9875   11.4496   11.9150

     0     1

    8.4386    8.4452    8.4583    8.4780    8.5043
    8.5371    8.5765    8.6225    8.6750    8.7341
    8.7998    8.8720    8.9508    9.0362    9.1281
    9.2266    9.3316    9.4433    9.5614    9.6862
    9.8175    9.9554   10.0999   10.2509   10.4085
   10.5726   10.7434   10.9206   11.1045   11.2949
   11.4919   11.6954   11.9056   12.1224   12.3464
   12.5771   12.8143   13.0581   13.3086   13.5656
   13.8292   14.0994   14.3762   14.6595   14.9495
   15.2460   15.5492   15.8659   16.1957

     0     1

 BARRIER
    8.4386    8.4349    8.4273    8.4160    8.4010
    8.3822    8.3596    8.3332    8.3031    8.2692
    8.2315    8.1901    8.1449    8.0960    8.0433
    7.9868    7.9265    7.8625    7.7948    7.7232
    7.6479    7.5688    7.4860    7.3994    7.3090
    7.2149    7.1170    7.0153    6.9099    6.8007
    6.6877    6.5710    6.4505    6.3280    6.2126
    6.0937    5.9715    5.8459    5.7168    5.5843
    5.4485    5.3092    5.1665    5.0204    4.8709
    4.7180    4.5617    4.4163    4.2807

     0     1


 ROT OUTPUT  FORMAT:   1   0   0
 EJAY,EJAYF
    0.0000    1.6101    1.6327    1.6667    1.7120
    1.7685    1.8364    1.9157    2.0062    2.1080
    2.2212    2.3457    2.4815    2.6286    2.7870
    2.9568    3.1379    3.3302    3.5339    3.7490
    3.9753    4.2130    4.4619    4.7222    4.9938
    5.2767    5.5710    5.8765    6.1934    6.5216
    6.8611    7.2119    7.5740    7.9432    8.3130
    8.6936    9.0852    9.4876    9.9010   10.3252
   10.7603   11.2064   11.6633   12.1310   12.6097
   13.0993   13.5997   14.0960   14.5977

     0     1

   11.9657   11.9723   11.9855   12.0053   12.0317
   12.0646   12.1042   12.1504   12.2031   12.2625
   12.3284   12.4010   12.4801   12.5659   12.6582
   12.7571   12.8626   12.9748   13.0935   13.2188
   13.3507   13.4892   13.6343   13.7859   13.9442
   14.1091   14.2806   14.4586   14.6433   14.8345
   15.0324   15.2368   15.4479   15.6658   15.8911
   16.1231   16.3616   16.6068   16.8586   17.1170
   17.3821   17.6538   17.9321   18.2170   18.5086
   18.8068   19.1116   19.4328   19.7643

     0     1

 BARRIER
   11.9657   10.3622   10.3528   10.3386   10.3197
   10.2961   10.2678   10.2347   10.1970   10.1545
   10.1072   10.0553    9.9986    9.9373    9.8712
    9.8003    9.7248    9.6445    9.5595    9.4698
    9.3754    9.2762    9.1723    9.0637    8.9504
    8.8324    8.7096    8.5821    8.4499    8.3130
    8.1713    8.0249    7.8738    7.7226    7.5782
    7.4294    7.2764    7.1192    6.9576    6.7918
    6.6218    6.4474    6.2688    6.0860    5.8989
    5.7075    5.5118    5.3368    5.1666

     0     1

 ROT OUTPUT  YRSMO,YRSMOF
    0.0000    0.0104    0.0313    0.0625    0.1042
    0.1563    0.2188    0.2918    0.3751    0.4689
    0.5731    0.6877    0.8127    0.9482    1.0941
    1.2504    1.4171    1.5942    1.7818    1.9798
    2.1882    2.4070    2.6362    2.8759    3.1259
    3.3864    3.6573    3.9387    4.2304    4.5326
    4.8452    5.1682    5.5016    5.8421    6.1844
    6.5368    6.8993    7.2719    7.6545    8.0473
    8.4501    8.8630    9.2860    9.7190   10.1622
   10.6154   11.0787   11.5417   12.0110

     0     1

    8.3976    8.4042    8.4174    8.4372    8.4635
    8.4965    8.5361    8.5823    8.6350    8.6944
    8.7603    8.8329    8.9120    8.9977    9.0901
    9.1890    9.2945    9.4066    9.5253    9.6506
    9.7825    9.9210   10.0661   10.2178   10.3761
   10.5410   10.7124   10.8905   11.0752   11.2664
   11.4643   11.6687   11.8797   12.0977   12.3230
   12.5549   12.7935   13.0387   13.2905   13.5489
   13.8140   14.0856   14.3640   14.6489   14.9405
   15.2386   15.5435   15.8647   16.1962

     0     1

 BARRIER
    8.3976    8.3938    8.3861    8.3746    8.3593
    8.3402    8.3173    8.2905    8.2599    8.2255
    8.1872    8.1452    8.0993    8.0495    7.9960
    7.9386    7.8774    7.8124    7.7436    7.6709
    7.5944    7.5141    7.4299    7.3419    7.2502
    7.1545    7.0551    6.9518    6.8447    6.7338
    6.6191    6.5005    6.3781    6.2556    6.1386
    6.0181    5.8942    5.7668    5.6359    5.5016
    5.3639    5.2226    5.0780    4.9299    4.7783
    4.6233    4.4648    4.3230    4.1851

     0     1


 ROT OUTPUT  FORMAT:   1   0   0
 EJAY,EJAYF
    0.0000    1.1769    1.1993    1.2329    1.2777
    1.3337    1.4009    1.4793    1.5688    1.6696
    1.7816    1.9048    2.0392    2.1848    2.3416
    2.5096    2.6887    2.8791    3.0807    3.2935
    3.5175    3.7526    3.9990    4.2566    4.5254
    4.8053    5.0965    5.3989    5.7124    6.0372
    6.3732    6.7203    7.0787    7.4420    7.8082
    8.1853    8.5732    8.9718    9.3812    9.8014
   10.2324   10.6742   11.1268   11.5901   12.0643
   12.5492   13.0449   13.5334   14.0314

     0     1

   10.9941   11.0007   11.0140   11.0338   11.0604
   11.0935   11.1332   11.1796   11.2326   11.2923
   11.3585   11.4314   11.5109   11.5970   11.6898
   11.7892   11.8952   12.0078   12.1271   12.2530
   12.3855   12.5247   12.6704   12.8228   12.9818
   13.1475   13.3198   13.4987   13.6842   13.8763
   14.0751   14.2805   14.4925   14.7118   14.9384
   15.1717   15.4117   15.6583   15.9116   16.1715
   16.4381   16.7114   16.9913   17.2779   17.5712
   17.8711   18.1777   18.5035   18.8367

     0     1

 BARRIER
   10.9941    9.8238    9.8147    9.8010    9.7827
    9.7598    9.7324    9.7004    9.6638    9.6226
    9.5769    9.5266    9.4717    9.4123    9.3482
    9.2796    9.2065    9.1287    9.0464    8.9595
    8.8681    8.7720    8.6714    8.5662    8.4565
    8.3422    8.2233    8.0998    7.9718    7.8391
    7.7019    7.5602    7.4138    7.2698    7.1302
    6.9864    6.8385    6.6865    6.5303    6.3701
    6.2057    6.0372    5.8646    5.6878    5.5069
    5.3220    5.1329    4.9701    4.8053

     0     1

 ROT OUTPUT  YRSMO,YRSMOF
    0.0000    0.0105    0.0315    0.0631    0.1051
    0.1576    0.2207    0.2943    0.3783    0.4729
    0.5780    0.6936    0.8197    0.9563    1.1035
    1.2611    1.4293    1.6079    1.7971    1.9968
    2.2069    2.4276    2.6588    2.9005    3.1528
    3.4155    3.6887    3.9725    4.2667    4.5715
    4.8868    5.2126    5.5489    5.8904    6.2356
    6.5910    6.9565    7.3323    7.7181    8.1142
    8.5204    8.9367    9.3633    9.8000   10.2468
   10.7038   11.1710   11.6350   12.1082

     0     1

    8.3461    8.3527    8.3660    8.3859    8.4124
    8.4455    8.4853    8.5316    8.5847    8.6443
    8.7105    8.7834    8.8629    8.9491    9.0418
    9.1412    9.2472    9.3599    9.4791    9.6050
    9.7376    9.8767   10.0225   10.1749   10.3339
   10.4995   10.6718   10.8507   11.0362   11.2284
   11.4271   11.6326   11.8446   12.0638   12.2904
   12.5237   12.7637   13.0103   13.2636   13.5235
   13.7901   14.0634   14.3434   14.6300   14.9232
   15.2232   15.5298   15.8555   16.1888

     0     1

 BARRIER
    8.3461    8.3422    8.3345    8.3228    8.3073
    8.2879    8.2646    8.2374    8.2063    8.1714
    8.1325    8.0898    8.0432    7.9927    7.9384
    7.8801    7.8180    7.7520    7.6821    7.6083
    7.5306    7.4491    7.3636    7.2743    7.1811
    7.0840    6.9831    6.8782    6.7695    6.6569
    6.5404    6.4200    6.2957    6.1734    6.0548
    5.9327    5.8071    5.6781    5.5455    5.4094
    5.2698    5.1267    4.9801    4.8300    4.6764
    4.5193    4.3587    4.2206    4.0806

     0     1


 ROT OUTPUT  FORMAT:   1   0   0
 EJAY,EJAYF
    0.0000    0.9998    1.0222    1.0559    1.1008
    1.1569    1.2242    1.3027    1.3925    1.4934
    1.6056    1.7291    1.8637    2.0095    2.1666
    2.3349    2.5144    2.7051    2.9071    3.1203
    3.3446    3.5803    3.8271    4.0851    4.3544
    4.6349    4.9266    5.2295    5.5436    5.8690
    6.2056    6.5534    6.9124    7.2742    7.6412
    8.0191    8.4077    8.8071    9.2174    9.6384
   10.0703   10.5129   10.9664   11.4307   11.9058
   12.3916   12.8852   13.3743   13.8738

     0     1

   10.5865   10.5932   10.6065   10.6265   10.6531
   10.6863   10.7263   10.7728   10.8261   10.8859
   10.9525   11.0257   11.1055   11.1920   11.2851
   11.3849   11.4914   11.6045   11.7242   11.8507
   11.9837   12.1234   12.2698   12.4228   12.5825
   12.7488   12.9218   13.1015   13.2878   13.4807
   13.6803   13.8865   14.0994   14.3200   14.5478
   14.7824   15.0236   15.2716   15.5263   15.7876
   16.0557   16.3304   16.6119   16.9001   17.1949
   17.4965   17.8070   18.1349   18.4697

     0     1

 BARRIER
   10.5865    9.5934    9.5843    9.5706    9.5523
    9.5295    9.5021    9.4701    9.4336    9.3925
    9.3468    9.2966    9.2418    9.1824    9.1185
    9.0500    8.9770    8.8993    8.8172    8.7304
    8.6391    8.5432    8.4427    8.3377    8.2281
    8.1140    7.9952    7.8720    7.7441    7.6117
    7.4747    7.3332    7.1870    7.0457    6.9066
    6.7633    6.6160    6.4645    6.3089    6.1492
    5.9854    5.8175    5.6455    5.4694    5.2892
    5.1048    4.9218    4.7606    4.5960

     0     1

 ROT OUTPUT  YRSMO,YRSMOF
    0.0000    0.0106    0.0318    0.0636    0.1060
    0.1590    0.2226    0.2968    0.3816    0.4770
    0.5830    0.6996    0.8268    0.9646    1.1130
    1.2720    1.4416    1.6218    1.8126    2.0140
    2.2260    2.4486    2.6818    2.9256    3.1800
    3.4450    3.7206    4.0067    4.3035    4.6109
    4.9289    5.2575    5.5967    5.9394    6.2875
    6.6459    7.0145    7.3934    7.7825    8.1819
    8.5916    9.0114    9.4416    9.8820   10.3326
   10.7935   11.2622   11.7294   12.2066

     0     1

    8.2958    8.3024    8.3157    8.3357    8.3623
    8.3956    8.4355    8.4820    8.5353    8.5952
    8.6617    8.7349    8.8147    8.9012    8.9943
    9.0941    9.2006    9.3137    9.4335    9.5599
    9.6929    9.8327    9.9790   10.1320   10.2917
   10.4581   10.6310   10.8107   10.9970   11.1899
   11.3895   11.5958   11.8087   12.0292   12.2570
   12.4916   12.7329   12.9808   13.2355   13.4968
   13.7649   14.0397   14.3211   14.6093   14.9041
   15.2057   15.5162   15.8441   16.1790

     0     1

 BARRIER
    8.2958    8.2918    8.2839    8.2721    8.2563
    8.2366    8.2129    8.1853    8.1537    8.1182
    8.0787    8.0353    7.9879    7.9366    7.8814
    7.8222    7.7590    7.6919    7.6209    7.5459
    7.4670    7.3841    7.2973    7.2065    7.1118
    7.0131    6.9105    6.8039    6.6934    6.5790
    6.4606    6.3382    6.2119    6.0898    5.9695
    5.8457    5.7183    5.5874    5.4529    5.3149
    5.1733    5.0282    4.8795    4.7273    4.5716
    4.4122    4.2540    4.1147    3.9724

     0     1


 ROT OUTPUT  FORMAT:   1   0   0
 EJAY,EJAYF
    0.0000    0.7168    0.7391    0.7726    0.8173
    0.8731    0.9401    1.0183    1.1076    1.2081
    1.3197    1.4426    1.5766    1.7217    1.8781
    2.0456    2.2242    2.4140    2.6150    2.8272
    3.0505    3.2850    3.5307    3.7875    4.0555
    4.3347    4.6250    4.9265    5.2391    5.5629
    5.8979    6.2441    6.6014    6.9596    7.3251
    7.7014    8.0884    8.4862    8.8948    9.3141
    9.7442   10.1851   10.6367   11.0991   11.5722
   12.0561   12.5440   13.0319   13.5302

     0     1

    9.9559    9.9625    9.9759    9.9959   10.0225
   10.0558   10.0958   10.1424   10.1957   10.2557
   10.3223   10.3956   10.4756   10.5622   10.6554
   10.7554   10.8620   10.9752   11.0952   11.2218
   11.3550   11.4949   11.6415   11.7947   11.9546
   12.1212   12.2944   12.4743   12.6608   12.8541
   13.0539   13.2605   13.4737   13.6950   13.9236
   14.1589   14.4009   14.6496   14.9050   15.1672
   15.4361   15.7117   15.9940   16.2830   16.5788
   16.8813   17.1955   17.5244   17.8602

     0     1

 BARRIER
    9.9559    9.2458    9.2368    9.2233    9.2052
    9.1827    9.1557    9.1242    9.0881    9.0476
    9.0026    8.9530    8.8990    8.8404    8.7774
    8.7098    8.6378    8.5612    8.4801    8.3946
    8.3045    8.2099    8.1108    8.0072    7.8991
    7.7865    7.6694    7.5478    7.4217    7.2911
    7.1560    7.0164    6.8723    6.7355    6.5985
    6.4575    6.3125    6.1634    6.0103    5.8531
    5.6919    5.5266    5.3573    5.1840    5.0066
    4.8252    4.6515    4.4924    4.3300

     0     1

 ROT OUTPUT  YRSMO,YRSMOF
    0.0000    0.0107    0.0321    0.0642    0.1069
    0.1604    0.2245    0.2994    0.3849    0.4811
    0.5880    0.7057    0.8340    0.9730    1.1226
    1.2830    1.4541    1.6358    1.8283    2.0314
    2.2453    2.4698    2.7050    2.9509    3.2075
    3.4748    3.7528    4.0415    4.3409    4.6509
    4.9717    5.3031    5.6452    5.9890    6.3401
    6.7015    7.0732    7.4553    7.8478    8.2505
    8.6637    9.0871    9.5209    9.9650   10.4195
   10.8842   11.3539   11.8250   12.3062

     0     1

    8.2756    8.2823    8.2956    8.3156    8.3422
    8.3755    8.4155    8.4622    8.5155    8.5754
    8.6420    8.7153    8.7953    8.8819    8.9752
    9.0751    9.1817    9.2950    9.4149    9.5415
    9.6747    9.8146    9.9612   10.1144   10.2743
   10.4409   10.6141   10.7940   10.9806   11.1738
   11.3737   11.5802   11.7934   12.0147   12.2433
   12.4786   12.7206   12.9693   13.2247   13.4869
   13.7558   14.0314   14.3137   14.6028   14.8985
   15.2010   15.5152   15.8441   16.1800

     0     1

 BARRIER
    8.2756    8.2716    8.2635    8.2514    8.2353
    8.2152    8.1910    8.1628    8.1306    8.0943
    8.0540    8.0097    7.9613    7.9089    7.8525
    7.7921    7.7276    7.6591    7.5866    7.5100
    7.4295    7.3448    7.2562    7.1635    7.0668
    6.9661    6.8613    6.7525    6.6397    6.5229
    6.4020    6.2771    6.1481    6.0258    5.9032
    5.7771    5.6473    5.5140    5.3770    5.2364
    5.0921    4.9443    4.7928    4.6378    4.4791
    4.3168    4.1613    4.0191    3.8738

     0     1


 ROT OUTPUT  FORMAT:   1   0   0
 EJAY,EJAYF
    0.0000    0.6188    0.6412    0.6749    0.7198
    0.7759    0.8433    0.9218    1.0116    1.1127
    1.2249    1.3484    1.4831    1.6290    1.7862
    1.9545    2.1341    2.3249    2.5270    2.7403
    2.9647    3.2005    3.4474    3.7056    3.9750
    4.2556    4.5474    4.8505    5.1648    5.4903
    5.8271    6.1750    6.5342    6.8921    7.2595
    7.6378    8.0268    8.4267    8.8374    9.2589
    9.6912   10.1344   10.5884   11.0532   11.5288
   12.0152   12.5020   12.9927   13.4938

     0     1

    9.7357    9.7423    9.7557    9.7757    9.8024
    9.8357    9.8758    9.9225    9.9758   10.0359
   10.1026   10.1760   10.2561   10.3428   10.4362
   10.5363   10.6430   10.7564   10.8765   11.0033
   11.1367   11.2768   11.4236   11.5770   11.7371
   11.9039   12.0774   12.2575   12.4443   12.6378
   12.8380   13.0448   13.2583   13.4806   13.7099
   13.9459   14.1887   14.4382   14.6944   14.9574
   15.2271   15.5036   15.7868   16.0768   16.3735
   16.6769   16.9948   17.3247   17.6616

     0     1

 BARRIER
    9.7357    9.1236    9.1145    9.1008    9.0826
    9.0598    9.0325    9.0006    8.9642    8.9232
    8.8777    8.8276    8.7730    8.7138    8.6500
    8.5817    8.5089    8.4315    8.3495    8.2630
    8.1720    8.0763    7.9762    7.8715    7.7622
    7.6483    7.5300    7.4070    7.2795    7.1475
    7.0109    6.8698    6.7241    6.5885    6.4504
    6.3081    6.1619    6.0115    5.8570    5.6985
    5.5359    5.3692    5.1985    5.0236    4.8447
    4.6617    4.4928    4.3320    4.1678

     0     1

 ROT OUTPUT  YRSMO,YRSMOF
    0.0000    0.0108    0.0324    0.0647    0.1078
    0.1618    0.2265    0.3020    0.3883    0.4853
    0.5932    0.7118    0.8412    0.9814    1.1324
    1.2942    1.4667    1.6501    1.8442    2.0491
    2.2648    2.4913    2.7286    2.9766    3.2355
    3.5051    3.7855    4.0767    4.3787    4.6914
    5.0150    5.3493    5.6944    6.0392    6.3933
    6.7578    7.1327    7.5181    7.9139    8.3201
    8.7367    9.1637    9.6012   10.0491   10.5075
   10.9762   11.4467   11.9218   12.4071

     0     1

    8.2464    8.2531    8.2664    8.2864    8.3131
    8.3465    8.3865    8.4332    8.4866    8.5466
    8.6133    8.6867    8.7668    8.8535    8.9469
    9.0470    9.1537    9.2671    9.3872    9.5140
    9.6474    9.7875    9.9343   10.0877   10.2479
   10.4147   10.5881   10.7682   10.9551   11.1485
   11.3487   11.5555   11.7690   11.9913   12.2206
   12.4566   12.6994   12.9489   13.2051   13.4681
   13.7379   14.0143   14.2975   14.5875   14.8842
   15.1876   15.5056   15.8354   16.1723

     0     1

 BARRIER
    8.2464    8.2423    8.2340    8.2217    8.2052
    8.1847    8.1600    8.1312    8.0983    8.0613
    8.0202    7.9749    7.9255    7.8721    7.8145
    7.7528    7.6870    7.6170    7.5430    7.4649
    7.3826    7.2962    7.2057    7.1111    7.0124
    6.9096    6.8026    6.6915    6.5764    6.4571
    6.3337    6.2062    6.0746    5.9521    5.8273
    5.6988    5.5666    5.4308    5.2913    5.1481
    5.0012    4.8506    4.6963    4.5384    4.3767
    4.2114    4.0589    3.9136    3.7652

     0     1


 ROT OUTPUT  FORMAT:   1   0   0
 EJAY,EJAYF
    0.0000    0.3705    0.3928    0.4263    0.4709
    0.5267    0.5937    0.6718    0.7611    0.8615
    0.9732    1.0959    1.2298    1.3749    1.5312
    1.6986    1.8771    2.0668    2.2677    2.4798
    2.7030    2.9373    3.1829    3.4395    3.7074
    3.9864    4.2766    4.5779    4.8904    5.2140
    5.5488    5.8948    6.2511    6.6059    6.9715
    7.3479    7.7350    8.1329    8.5416    8.9610
    9.3912    9.8322   10.2839   10.7464   11.2197
   11.7037   12.1850   12.6741   13.1736

     0     1

    9.1146    9.1213    9.1346    9.1547    9.1814
    9.2148    9.2549    9.3017    9.3551    9.4152
    9.4821    9.5555    9.6357    9.7226    9.8161
    9.9163   10.0232   10.1368   10.2571   10.3840
   10.5176   10.6579   10.8049   10.9586   11.1189
   11.2860   11.4597   11.6401   11.8272   12.0209
   12.2213   12.4285   12.6424   12.8657   13.0958
   13.3326   13.5761   13.8265   14.0836   14.3474
   14.6181   14.8955   15.1796   15.4705   15.7682
   16.0727   16.3943   16.7252   17.0630

     0     1

 BARRIER
    9.1146    8.7508    8.7418    8.7284    8.7105
    8.6881    8.6612    8.6298    8.5940    8.5537
    8.5089    8.4596    8.4059    8.3477    8.2850
    8.2178    8.1461    8.0700    7.9893    7.9042
    7.8147    7.7206    7.6221    7.5191    7.4116
    7.2996    7.1831    7.0622    6.9368    6.8069
    6.6725    6.5337    6.3913    6.2598    6.1242
    5.9847    5.8411    5.6936    5.5420    5.3864
    5.2268    5.0633    4.8957    4.7241    4.5486
    4.3690    4.2093    4.0511    3.8895

     0     1

 ROT OUTPUT  YRSMO,YRSMOF
    0.0000    0.0109    0.0326    0.0653    0.1088
    0.1632    0.2285    0.3046    0.3917    0.4896
    0.5984    0.7180    0.8486    0.9900    1.1423
    1.3055    1.4796    1.6645    1.8604    2.0671
    2.2847    2.5131    2.7525    3.0027    3.2638
    3.5358    3.8187    4.1124    4.4170    4.7325
    5.0589    5.3962    5.7436    6.0902    6.4473
    6.8149    7.1930    7.5817    7.9808    8.3905
    8.8107    9.2414    9.6826   10.1344   10.5966
   11.0694   11.5407   12.0199   12.5092

     0     1

    8.2064    8.2131    8.2264    8.2465    8.2732
    8.3066    8.3467    8.3935    8.4469    8.5070
    8.5739    8.6473    8.7275    8.8144    8.9079
    9.0081    9.1150    9.2286    9.3489    9.4758
    9.6094    9.7497    9.8967   10.0504   10.2107
   10.3778   10.5515   10.7319   10.9190   11.1127
   11.3131   11.5203   11.7342   11.9575   12.1876
   12.4244   12.6679   12.9183   13.1754   13.4392
   13.7099   13.9873   14.2714   14.5623   14.8600
   15.1645   15.4861   15.8170   16.1548

     0     1

 BARRIER
    8.2064    8.2022    8.1938    8.1812    8.1644
    8.1434    8.1182    8.0888    8.0553    8.0175
    7.9755    7.9293    7.8789    7.8244    7.7656
    7.7026    7.6354    7.5641    7.4885    7.4087
    7.3248    7.2366    7.1443    7.0477    6.9469
    6.8420    6.7328    6.6195    6.5019    6.3802
    6.2542    6.1241    5.9906    5.8674    5.7403
    5.6095    5.4749    5.3366    5.1946    5.0487
    4.8992    4.7459    4.5888    4.4280    4.2634
    4.0951    3.9454    3.7971    3.6456

     0     1


 ROT OUTPUT  FORMAT:   1   0   0
 EJAY,EJAYF
    0.0000    0.3497    0.3722    0.4060    0.4510
    0.5073    0.5749    0.6537    0.7438    0.8452
    0.9578    1.0816    1.2168    1.3632    1.5208
    1.6898    1.8699    2.0614    2.2641    2.4780
    2.7033    2.9398    3.1875    3.4465    3.7168
    3.9983    4.2911    4.5952    4.9105    5.2371
    5.5749    5.9240    6.2815    6.6394    7.0082
    7.3879    7.7784    8.1798    8.5921    9.0152
    9.4492    9.8940   10.3497   10.8162   11.2936
   11.7811   12.2639   12.7572   13.2611

     0     1

    9.0371    9.0437    9.0571    9.0772    9.1040
    9.1374    9.1776    9.2244    9.2780    9.3382
    9.4051    9.4787    9.5590    9.6460    9.7397
    9.8401    9.9472   10.0609   10.1814   10.3085
   10.4424   10.5829   10.7301   10.8840   11.0446
   11.2119   11.3859   11.5666   11.7540   11.9480
   12.1488   12.3562   12.5711   12.7952   13.0260
   13.2637   13.5081   13.7594   14.0174   14.2822
   14.5538   14.8322   15.1174   15.4093   15.7081
   16.0142   16.3391   16.6709   17.0098

     0     1

 BARRIER
    9.0371    8.6941    8.6849    8.6712    8.6530
    8.6301    8.6027    8.5707    8.5342    8.4930
    8.4473    8.3971    8.3422    8.2828    8.2189
    8.1503    8.0772    7.9995    7.9173    7.8305
    7.7391    7.6431    7.5426    7.4375    7.3278
    7.2136    7.0948    6.9714    6.8435    6.7110
    6.5739    6.4322    6.2896    6.1558    6.0178
    5.8758    5.7297    5.5796    5.4253    5.2670
    5.1047    4.9382    4.7677    4.5931    4.4144
    4.2332    4.0752    3.9137    3.7488

     0     1

 ROT OUTPUT  YRSMO,YRSMOF
    0.0000    0.0110    0.0329    0.0659    0.1098
    0.1646    0.2305    0.3073    0.3951    0.4939
    0.6036    0.7244    0.8561    0.9987    1.1524
    1.3170    1.4926    1.6792    1.8767    2.0853
    2.3048    2.5353    2.7767    3.0291    3.2925
    3.5669    3.8523    4.1486    4.4559    4.7742
    5.1034    5.4437    5.7922    6.1417    6.5019
    6.8727    7.2541    7.6461    8.0486    8.4618
    8.8857    9.3201    9.7651   10.2207   10.6869
   11.1630   11.6359   12.1191   12.6126

     0     1

    8.1538    8.1605    8.1739    8.1940    8.2208
    8.2542    8.2944    8.3412    8.3947    8.4550
    8.5219    8.5955    8.6758    8.7628    8.8565
    8.9569    9.0639    9.1777    9.2982    9.4253
    9.5591    9.6997    9.8469   10.0008   10.1614
   10.3287   10.5027   10.6834   10.8708   11.0648
   11.2656   11.4730   11.6879   11.9119   12.1428
   12.3805   12.6249   12.8762   13.1342   13.3990
   13.6706   13.9490   14.2342   14.5261   14.8249
   15.1310   15.4558   15.7877   16.1266

     0     1

 BARRIER
    8.1538    8.1496    8.1410    8.1281    8.1110
    8.0896    8.0639    8.0339    7.9996    7.9611
    7.9183    7.8711    7.8197    7.7641    7.7041
    7.6399    7.5713    7.4985    7.4214    7.3400
    7.2544    7.1644    7.0702    6.9717    6.8689
    6.7618    6.6504    6.5348    6.4149    6.2906
    6.1621    6.0294    5.8957    5.7702    5.6409
    5.5078    5.3709    5.2301    5.0855    4.9371
    4.7849    4.6289    4.4691    4.3054    4.1380
    3.9680    3.8199    3.6686    3.5140

     0     1


 ROT OUTPUT  FORMAT:   1   0   0
 EJAY,EJAYF
    0.0000    2.0404    2.0628    2.0964    2.1412
    2.1972    2.2644    2.3428    2.4324    2.5332
    2.6452    2.7684    2.9028    3.0484    3.2052
    3.3732    3.5524    3.7429    3.9445    4.1573
    4.3813    4.6165    4.8629    5.1205    5.3893
    5.6694    5.9606    6.2630    6.5766    6.9014
    7.2374    7.5846    7.9431    8.3091    8.6761
    9.0539    9.4424    9.8418   10.2520   10.6730
   11.1048   11.5474   12.0008   12.4650   12.9400
   13.4258   13.9224   14.4157   14.9134

     0     1

   13.0106   13.0172   13.0305   13.0504   13.0770
   13.1102   13.1500   13.1965   13.2496   13.3093
   13.3757   13.4487   13.5284   13.6147   13.7077
   13.8072   13.9135   14.0263   14.1458   14.2720
   14.4047   14.5441   14.6902   14.8429   15.0022
   15.1682   15.3408   15.5201   15.7059   15.8985
   16.0976   16.3034   16.5159   16.7348   16.9600
   17.1919   17.4303   17.6754   17.9271   18.1854
   18.4504   18.7219   19.0001   19.2850   19.5764
   19.8745   20.1792   20.5012   20.8347

     0     1

 BARRIER
   13.0106   10.9768   10.9677   10.9540   10.9358
   10.9130   10.8856   10.8537   10.8172   10.7761
   10.7305   10.6803   10.6256   10.5663   10.5024
   10.4340   10.3610   10.2835   10.2014   10.1147
   10.0234    9.9276    9.8273    9.7224    9.6129
    9.4988    9.3802    9.2571    9.1293    8.9971
    8.8602    8.7188    8.5728    8.4257    8.2839
    8.1380    7.9879    7.8336    7.6751    7.5124
    7.3456    7.1746    6.9994    6.8200    6.6364
    6.4487    6.2567    6.0854    5.9213

     0     1

 ROT OUTPUT  YRSMO,YRSMOF
    0.0000    0.0103    0.0310    0.0620    0.1034
    0.1551    0.2171    0.2894    0.3721    0.4652
    0.5685    0.6822    0.8063    0.9406    1.0854
    1.2404    1.4058    1.5815    1.7676    1.9640
    2.1707    2.3878    2.6152    2.8529    3.1010
    3.3594    3.6282    3.9073    4.1967    4.4965
    4.8066    5.1270    5.4578    5.7960    6.1361
    6.4862    6.8464    7.2165    7.5967    7.9869
    8.3871    8.7973    9.2175    9.6477   10.0880
   10.5382   10.9985   11.4594   11.9259

     0     1

    8.9018    8.9084    8.9217    8.9416    8.9682
    9.0014    9.0412    9.0877    9.1408    9.2005
    9.2669    9.3399    9.4196    9.5059    9.5989
    9.6984    9.8047    9.9175   10.0370   10.1632
   10.2959   10.4354   10.5814   10.7341   10.8934
   11.0594   11.2320   11.4113   11.5971   11.7897
   11.9888   12.1946   12.4071   12.6260   12.8512
   13.0831   13.3215   13.5666   13.8183   14.0766
   14.3416   14.6131   14.8913   15.1762   15.4676
   15.7657   16.0704   16.3924   16.7259

     0     1

 BARRIER
    8.9018    8.8981    8.8907    8.8796    8.8648
    8.8463    8.8241    8.7982    8.7687    8.7354
    8.6984    8.6577    8.6134    8.5653    8.5135
    8.4580    8.3989    8.3360    8.2695    8.1992
    8.1252    8.0476    7.9662    7.8812    7.7924
    7.7000    7.6038    7.5040    7.4005    7.2932
    7.1823    7.0677    6.9493    6.8301    6.7151
    6.5969    6.4752    6.3501    6.2216    6.0898
    5.9545    5.8159    5.6738    5.5284    5.3796
    5.2274    5.0719    4.9330    4.8000

     0     1


 ROT OUTPUT  FORMAT:   1   0   0
 EJAY,EJAYF
    0.0000    1.7140    1.7364    1.7699    1.8147
    1.8706    1.9376    2.0159    2.1053    2.2059
    2.3177    2.4407    2.5749    2.7202    2.8767
    3.0444    3.2233    3.4133    3.6146    3.8270
    4.0506    4.2854    4.5313    4.7884    5.0567
    5.3362    5.6269    5.9288    6.2418    6.5660
    6.9014    7.2479    7.6057    7.9691    8.3355
    8.7127    9.1006    9.4994    9.9089   10.3293
   10.7604   11.2023   11.6550   12.1184   12.5927
   13.0777   13.5736   14.0626   14.5602

     0     1

   12.3504   12.3571   12.3704   12.3905   12.4172
   12.4506   12.4906   12.5374   12.5908   12.6509
   12.7177   12.7911   12.8713   12.9581   13.0516
   13.1517   13.2586   13.3721   13.4923   13.6192
   13.7527   13.8930   14.0399   14.1935   14.3537
   14.5207   14.6943   14.8746   15.0616   15.2552
   15.4556   15.6626   15.8763   16.0965   16.3232
   16.5566   16.7966   17.0433   17.2967   17.5567
   17.8234   18.0968   18.3769   18.6636   18.9569
   19.2570   19.5637   19.8909   20.2265

     0     1

 BARRIER
   12.3504   10.6430   10.6340   10.6205   10.6025
   10.5800   10.5530   10.5215   10.4855   10.4450
   10.3999   10.3504   10.2964   10.2379   10.1749
   10.1073   10.0353    9.9588    9.8777    9.7922
    9.7022    9.6076    9.5086    9.4050    9.2970
    9.1844    9.0674    8.9458    8.8198    8.6892
    8.5542    8.4146    8.2706    8.1274    7.9877
    7.8439    7.6960    7.5439    7.3878    7.2275
    7.0631    6.8945    6.7219    6.5451    6.3643
    6.1793    5.9901    5.8283    5.6663

     0     1

 ROT OUTPUT  YRSMO,YRSMOF
    0.0000    0.0104    0.0313    0.0626    0.1043
    0.1564    0.2189    0.2919    0.3753    0.4691
    0.5734    0.6881    0.8132    0.9487    1.0946
    1.2510    1.4178    1.5950    1.7827    1.9808
    2.1893    2.4082    2.6375    2.8773    3.1275
    3.3881    3.6592    3.9407    4.2326    4.5349
    4.8476    5.1708    5.5044    5.8439    6.1868
    6.5399    6.9030    7.2763    7.6597    8.0531
    8.4567    8.8703    9.2941    9.7279   10.1719
   10.6259   11.0900   11.5519   12.0224

     0     1

    8.8628    8.8695    8.8828    8.9029    8.9296
    8.9630    9.0030    9.0498    9.1032    9.1633
    9.2301    9.3035    9.3837    9.4705    9.5640
    9.6641    9.7710    9.8845   10.0047   10.1316
   10.2651   10.4054   10.5523   10.7059   10.8661
   11.0331   11.2067   11.3870   11.5740   11.7676
   11.9680   12.1750   12.3887   12.6089   12.8356
   13.0690   13.3090   13.5557   13.8091   14.0691
   14.3358   14.6092   14.8892   15.1759   15.4693
   15.7694   16.0761   16.4033   16.7389

     0     1

 BARRIER
    8.8628    8.8590    8.8515    8.8403    8.8253
    8.8066    8.7841    8.7579    8.7279    8.6942
    8.6567    8.6155    8.5705    8.5218    8.4693
    8.4131    8.3532    8.2895    8.2220    8.1508
    8.0759    7.9972    7.9147    7.8286    7.7386
    7.6449    7.5475    7.4463    7.3414    7.2327
    7.1203    7.0042    6.8842    6.7650    6.6488
    6.5291    6.4060    6.2794    6.1494    6.0160
    5.8791    5.7389    5.5952    5.4480    5.2975
    5.1435    4.9861    4.8514    4.7165

     0     1


 ROT OUTPUT  FORMAT:   1   0   0
 EJAY,EJAYF
    0.0000    1.3977    1.4200    1.4535    1.4981
    1.5539    1.6208    1.6989    1.7882    1.8886
    2.0002    2.1229    2.2568    2.4018    2.5580
    2.7253    2.9038    3.0935    3.2943    3.5063
    3.7294    3.9637    4.2091    4.4657    4.7335
    5.0124    5.3025    5.6037    5.9161    6.2396
    6.5743    6.9202    7.2772    7.6380    8.0037
    8.3802    8.7675    9.1656    9.5744    9.9940
   10.4244   10.8655   11.3174   11.7801   12.2535
   12.7377   13.2305   13.7176   14.2151

     0     1

   11.7064   11.7131   11.7265   11.7467   11.7735
   11.8071   11.8474   11.8944   11.9481   12.0085
   12.0756   12.1494   12.2300   12.3173   12.4112
   12.5119   12.6193   12.7335   12.8543   12.9818
   13.1161   13.2570   13.4047   13.5591   13.7202
   13.8881   14.0626   14.2438   14.4318   14.6265
   14.8278   15.0359   15.2507   15.4722   15.7003
   15.9351   16.1766   16.4248   16.6797   16.9413
   17.2097   17.4847   17.7665   18.0550   18.3501
   18.6520   18.9624   19.2929   19.6304

     0     1

 BARRIER
   11.7064   10.3154   10.3065   10.2932   10.2754
   10.2532   10.2265   10.1954   10.1599   10.1199
   10.0754   10.0266    9.9732    9.9155    9.8533
    9.7866    9.7155    9.6400    9.5600    9.4755
    9.3867    9.2933    9.1956    9.0934    8.9867
    8.8756    8.7601    8.6401    8.5157    8.3868
    8.2535    8.1158    7.9736    7.8342    7.6966
    7.5548    7.4091    7.2592    7.1053    6.9474
    6.7853    6.6192    6.4491    6.2749    6.0966
    5.9143    5.7318    5.5752    5.4153

     0     1

 ROT OUTPUT  YRSMO,YRSMOF
    0.0000    0.0105    0.0315    0.0631    0.1051
    0.1577    0.2208    0.2944    0.3785    0.4732
    0.5783    0.6940    0.8201    0.9568    1.1040
    1.2617    1.4300    1.6087    1.7980    1.9978
    2.2081    2.4289    2.6602    2.9020    3.1544
    3.4172    3.6906    3.9745    4.2689    4.5738
    4.8893    5.2152    5.5517    5.8923    6.2382
    6.5942    6.9605    7.3369    7.7235    8.1202
    8.5272    8.9443    9.3716    9.8091   10.2568
   10.7147   11.1812   11.6456   12.1200

     0     1

    8.8290    8.8357    8.8491    8.8692    8.8961
    8.9297    8.9699    9.0169    9.0706    9.1310
    9.1982    9.2720    9.3526    9.4398    9.5338
    9.6345    9.7419    9.8560    9.9769   10.1044
   10.2386   10.3796   10.5273   10.6817   10.8428
   11.0106   11.1852   11.3664   11.5544   11.7490
   11.9504   12.1585   12.3733   12.5948   12.8228
   13.0576   13.2991   13.5474   13.8023   14.0639
   14.3323   14.6073   14.8891   15.1775   15.4727
   15.7746   16.0849   16.4154   16.7530

     0     1

 BARRIER
    8.8290    8.8252    8.8176    8.8062    8.7909
    8.7719    8.7491    8.7225    8.6921    8.6579
    8.6199    8.5780    8.5324    8.4830    8.4298
    8.3728    8.3119    8.2473    8.1789    8.1066
    8.0306    7.9508    7.8671    7.7797    7.6884
    7.5934    7.4945    7.3919    7.2854    7.1752
    7.0611    6.9433    6.8216    6.7024    6.5847
    6.4634    6.3387    6.2105    6.0788    5.9437
    5.8051    5.6630    5.5174    5.3684    5.2159
    5.0599    4.9038    4.7698    4.6330

     0     1


 ROT OUTPUT  FORMAT:   1   0   0
 EJAY,EJAYF
    0.0000    1.0762    1.0985    1.1318    1.1763
    1.2319    1.2987    1.3765    1.4655    1.5656
    1.6768    1.7992    1.9326    2.0772    2.2330
    2.3998    2.5778    2.7668    2.9670    3.1784
    3.4008    3.6344    3.8791    4.1349    4.4018
    4.6799    4.9691    5.2694    5.5808    5.9034
    6.2370    6.5818    6.9378    7.2956    7.6604
    8.0359    8.4221    8.8192    9.2269    9.6454
   10.0746   10.5146   10.9653   11.4267   11.8989
   12.3818   12.8698   13.3564   13.8533

     0     1

   11.0426   11.0494   11.0629   11.0831   11.1101
   11.1438   11.1842   11.2315   11.2854   11.3461
   11.4135   11.4877   11.5687   11.6563   11.7508
   11.8519   11.9598   12.0745   12.1959   12.3240
   12.4589   12.6005   12.7489   12.9040   13.0659
   13.2345   13.4098   13.5919   13.7807   13.9763
   14.1786   14.3877   14.6035   14.8261   15.0555
   15.2916   15.5345   15.7841   16.0404   16.3036
   16.5734   16.8500   17.1334   17.4234   17.7203
   18.0239   18.3391   18.6714   19.0108

     0     1

 BARRIER
   11.0426    9.9732    9.9644    9.9513    9.9337
    9.9119    9.8856    9.8549    9.8199    9.7805
    9.7367    9.6886    9.6360    9.5791    9.5178
    9.4521    9.3821    9.3076    9.2288    9.1456
    9.0581    8.9661    8.8698    8.7691    8.6640
    8.5546    8.4407    8.3225    8.1999    8.0729
    7.9416    7.8058    7.6657    7.5305    7.3951
    7.2557    7.1123    6.9649    6.8136    6.6582
    6.4988    6.3354    6.1681    5.9967    5.8214
    5.6420    5.4693    5.3150    5.1574

     0     1

 ROT OUTPUT  YRSMO,YRSMOF
    0.0000    0.0106    0.0318    0.0636    0.1061
    0.1591    0.2227    0.2969    0.3818    0.4772
    0.5833    0.7000    0.8272    0.9651    1.1136
    1.2726    1.4423    1.6226    1.8135    2.0150
    2.2271    2.4498    2.6831    2.9271    3.1816
    3.4467    3.7225    4.0088    4.3058    4.6133
    4.9315    5.2602    5.5996    5.9415    6.2902
    6.6493    7.0186    7.3982    7.7881    8.1882
    8.5986    9.0193    9.4502    9.8914   10.3429
   10.8046   11.2722   11.7405   12.2189

     0     1

    8.7990    8.8057    8.8192    8.8395    8.8664
    8.9001    8.9406    8.9878    9.0418    9.1025
    9.1699    9.2441    9.3250    9.4127    9.5071
    9.6083    9.7162    9.8308    9.9522   10.0804
   10.2152   10.3569   10.5052   10.6604   10.8222
   10.9908   11.1662   11.3483   11.5371   11.7327
   11.9350   12.1441   12.3599   12.5825   12.8118
   13.0480   13.2908   13.5404   13.7968   14.0599
   14.3298   14.6064   14.8897   15.1798   15.4766
   15.7802   16.0955   16.4278   16.7671

     0     1

 BARRIER
    8.7990    8.7951    8.7874    8.7758    8.7604
    8.7411    8.7179    8.6909    8.6600    8.6252
    8.5866    8.5441    8.4978    8.4476    8.3936
    8.3356    8.2739    8.2082    8.1387    8.0654
    7.9881    7.9070    7.8221    7.7333    7.6406
    7.5441    7.4437    7.3394    7.2313    7.1194
    7.0035    6.8838    6.7603    6.6410    6.5216
    6.3987    6.2722    6.1422    6.0087    5.8717
    5.7312    5.5871    5.4395    5.2884    5.1337
    4.9756    4.8233    4.6872    4.5482

     0     1


 ROT OUTPUT  FORMAT:   1   0   0
 EJAY,EJAYF
    0.0000    0.9082    0.9305    0.9640    1.0086
    1.0644    1.1313    1.2094    1.2986    1.3990
    1.5105    1.6332    1.7671    1.9121    2.0682
    2.2355    2.4140    2.6036    2.8044    3.0163
    3.2394    3.4736    3.7190    3.9755    4.2432
    4.5221    4.8121    5.1132    5.4255    5.7490
    6.0836    6.4294    6.7863    7.1432    7.5091
    7.8857    8.2731    8.6712    9.0802    9.4999
    9.9304   10.3716   10.8236   11.2864   11.7600
   12.2443   12.7301   13.2186   13.7174

     0     1

   10.6710   10.6778   10.6914   10.7117   10.7388
   10.7727   10.8134   10.8609   10.9151   10.9761
   11.0439   11.1185   11.1999   11.2880   11.3829
   11.4846   11.5931   11.7083   11.8304   11.9592
   12.0948   12.2372   12.3863   12.5423   12.7050
   12.8745   13.0508   13.2338   13.4236   13.6203
   13.8237   14.0338   14.2508   14.4748   14.7056
   14.9432   15.1876   15.4388   15.6967   15.9615
   16.2330   16.5114   16.7965   17.0884   17.3871
   17.6926   18.0129   18.3472   18.6885

     0     1

 BARRIER
   10.6710    9.7696    9.7608    9.7477    9.7302
    9.7084    9.6821    9.6515    9.6165    9.5771
    9.5334    9.4853    9.4328    9.3759    9.3147
    9.2491    9.1791    9.1047    9.0260    8.9429
    8.8554    8.7636    8.6673    8.5667    8.4618
    8.3524    8.2387    8.1206    7.9981    7.8713
    7.7401    7.6045    7.4645    7.3315    7.1965
    7.0575    6.9145    6.7675    6.6166    6.4616
    6.3027    6.1398    5.9729    5.8020    5.6271
    5.4483    5.2828    5.1286    4.9711

     0     1

 ROT OUTPUT  YRSMO,YRSMOF
    0.0000    0.0107    0.0321    0.0642    0.1070
    0.1605    0.2246    0.2995    0.3851    0.4814
    0.5884    0.7060    0.8344    0.9735    1.1232
    1.2837    1.4548    1.6367    1.8292    2.0325
    2.2464    2.4711    2.7064    2.9525    3.2092
    3.4766    3.7548    4.0436    4.3431    4.6533
    4.9742    5.3059    5.6482    5.9912    6.3430
    6.7051    7.0775    7.4604    7.8535    8.2571
    8.6710    9.0952    9.5298    9.9748   10.4301
   10.8958   11.3643   11.8366   12.3190

     0     1

    8.7538    8.7606    8.7741    8.7945    8.8216
    8.8555    8.8962    8.9436    8.9979    9.0589
    9.1267    9.2013    9.2826    9.3708    9.4657
    9.5674    9.6759    9.7911    9.9132   10.0420
   10.1776   10.3199   10.4691   10.6250   10.7878
   10.9572   11.1335   11.3166   11.5064   11.7030
   11.9064   12.1166   12.3336   12.5575   12.7884
   13.0260   13.2704   13.5215   13.7795   14.0443
   14.3158   14.5941   14.8793   15.1712   15.4699
   15.7754   16.0957   16.4299   16.7712

     0     1

 BARRIER
    8.7538    8.7499    8.7420    8.7303    8.7146
    8.6950    8.6715    8.6441    8.6128    8.5775
    8.5383    8.4952    8.4482    8.3973    8.3425
    8.2837    8.2210    8.1544    8.0839    8.0095
    7.9311    7.8489    7.7627    7.6726    7.5786
    7.4806    7.3788    7.2730    7.1633    7.0497
    6.9322    6.8107    6.6854    6.5663    6.4454
    6.3209    6.1928    6.0612    5.9260    5.7872
    5.6448    5.4989    5.3494    5.1964    5.0398
    4.8796    4.7314    4.5933    4.4522

     0     1


 ROT OUTPUT  FORMAT:   1   0   0
 EJAY,EJAYF
    0.0000    0.5996    0.6218    0.6551    0.6995
    0.7551    0.8217    0.8994    0.9883    1.0882
    1.1993    1.3215    1.4548    1.5991    1.7546
    1.9212    2.0989    2.2877    2.4877    2.6987
    2.9208    3.1541    3.3984    3.6538    3.9204
    4.1981    4.4868    4.7867    5.0977    5.4198
    5.7530    6.0973    6.4526    6.8063    7.1708
    7.5461    7.9320    8.3287    8.7361    9.1543
    9.5831   10.0228   10.4731   10.9342   11.4060
   11.8885   12.3695   12.8570   13.3549

     0     1

   10.0017   10.0085   10.0221   10.0426   10.0698
   10.1038   10.1447   10.1923   10.2468   10.3081
   10.3761   10.4510   10.5327   10.6212   10.7165
   10.8186   10.9275   11.0432   11.1658   11.2951
   11.4313   11.5742   11.7240   11.8805   12.0439
   12.2141   12.3911   12.5749   12.7655   12.9629
   13.1671   13.3781   13.5960   13.8212   14.0532
   14.2920   14.5377   14.7902   15.0495   15.3156
   15.5886   15.8684   16.1550   16.4484   16.7486
   17.0557   17.3808   17.7167   18.0597

     0     1

 BARRIER
   10.0017    9.4090    9.4004    9.3875    9.3703
    9.3488    9.3230    9.2929    9.2585    9.2198
    9.1768    9.1295    9.0779    9.0220    8.9619
    8.8974    8.8286    8.7555    8.6781    8.5964
    8.5104    8.4202    8.3256    8.2267    8.1235
    8.0160    7.9042    7.7882    7.6678    7.5431
    7.4141    7.2809    7.1434    7.0148    6.8824
    6.7460    6.6057    6.4615    6.3134    6.1614
    6.0054    5.8456    5.6818    5.5142    5.3426
    5.1672    5.0113    4.8597    4.7049

     0     1

 ROT OUTPUT  YRSMO,YRSMOF
    0.0000    0.0108    0.0324    0.0647    0.1079
    0.1619    0.2266    0.3021    0.3885    0.4856
    0.5935    0.7122    0.8417    0.9819    1.1330
    1.2949    1.4675    1.6510    1.8452    2.0502
    2.2660    2.4926    2.7300    2.9782    3.2372
    3.5069    3.7875    4.0788    4.3810    4.6939
    5.0176    5.3521    5.6973    6.0416    6.3964
    6.7616    7.1372    7.5233    7.9199    8.3268
    8.7443    9.1721    9.6105   10.0592   10.5184
   10.9881   11.4576   11.9339   12.4204

     0     1

    8.7215    8.7284    8.7420    8.7624    8.7896
    8.8237    8.8645    8.9121    8.9666    9.0279
    9.0959    9.1708    9.2525    9.3410    9.4363
    9.5384    9.6473    9.7631    9.8856   10.0149
   10.1511   10.2940   10.4438   10.6004   10.7637
   10.9339   11.1109   11.2947   11.4853   11.6827
   11.8869   12.0980   12.3158   12.5410   12.7730
   13.0118   13.2575   13.5100   13.7693   14.0354
   14.3084   14.5882   14.8748   15.1682   15.4685
   15.7755   16.1007   16.4365   16.7795

     0     1

 BARRIER
    8.7215    8.7176    8.7096    8.6976    8.6817
    8.6618    8.6379    8.6100    8.5781    8.5423
    8.5025    8.4586    8.4108    8.3591    8.3033
    8.2436    8.1798    8.1121    8.0404    7.9647
    7.8851    7.8014    7.7138    7.6222    7.5266
    7.4270    7.3234    7.2159    7.1043    6.9888
    6.8693    6.7458    6.6185    6.4993    6.3766
    6.2503    6.1203    5.9867    5.8494    5.7086
    5.5641    5.4160    5.2643    5.1090    4.9500
    4.7875    4.6430    4.5026    4.3591

     0     1


 ROT OUTPUT  FORMAT:   1   0   0
 EJAY,EJAYF
    0.0000    0.4069    0.4292    0.4625    0.5069
    0.5625    0.6291    0.7069    0.7958    0.8958
    1.0069    1.1291    1.2624    1.4068    1.5623
    1.7290    1.9067    2.0956    2.2956    2.5067
    2.7288    2.9621    3.2066    3.4621    3.7287
    4.0064    4.2953    4.5952    4.9063    5.2285
    5.5618    5.9062    6.2597    6.6137    6.9783
    7.3538    7.7400    8.1369    8.5445    8.9629
    9.3921    9.8319   10.2825   10.7439   11.2159
   11.6988   12.1771   12.6654   13.1641

     0     1

    9.5561    9.5629    9.5766    9.5971    9.6245
    9.6587    9.6997    9.7475    9.8022    9.8638
    9.9321   10.0073   10.0894   10.1782   10.2739
   10.3765   10.4859   10.6021   10.7252   10.8551
   10.9918   11.1353   11.2858   11.4430   11.6071
   11.7780   11.9557   12.1403   12.3317   12.5300
   12.7351   12.9470   13.1659   13.3924   13.6256
   13.8658   14.1128   14.3667   14.6274   14.8950
   15.1695   15.4508   15.7389   16.0340   16.3359
   16.6446   16.9746   17.3122   17.6570

     0     1

 BARRIER
    9.5561    9.1560    9.1475    9.1346    9.1175
    9.0962    9.0705    9.0406    9.0064    8.9680
    8.9253    8.8783    8.8270    8.7714    8.7116
    8.6475    8.5791    8.5065    8.4296    8.3484
    8.2629    8.1732    8.0792    7.9809    7.8784
    7.7715    7.6604    7.5451    7.4254    7.3015
    7.1733    7.0408    6.9062    6.7787    6.6473
    6.5120    6.3728    6.2298    6.0829    5.9321
    5.7774    5.6188    5.4564    5.2901    5.1199
    4.9459    4.7975    4.6468    4.4929

     0     1

 ROT OUTPUT  YRSMO,YRSMOF
    0.0000    0.0109    0.0327    0.0653    0.1089
    0.1633    0.2286    0.3048    0.3919    0.4898
    0.5987    0.7184    0.8490    0.9905    1.1429
    1.3062    1.4804    1.6654    1.8614    2.0682
    2.2859    2.5145    2.7539    3.0043    3.2655
    3.5377    3.8207    4.1146    4.4194    4.7350
    5.0616    5.3990    5.7455    6.0927    6.4505
    6.8189    7.1977    7.5871    7.9871    8.3975
    8.8185    9.2501    9.6922   10.1448   10.6079
   11.0816   11.5521   12.0325   12.5231

     0     1

    8.6792    8.6860    8.6997    8.7202    8.7475
    8.7817    8.8227    8.8706    8.9253    8.9868
    9.0552    9.1304    9.2124    9.3013    9.3970
    9.4995    9.6089    9.7251    9.8482    9.9781
   10.1148   10.2584   10.4088   10.5660   10.7301
   10.9010   11.0788   11.2634   11.4548   11.6530
   11.8581   12.0701   12.2890   12.5154   12.7487
   12.9888   13.2358   13.4897   13.7504   14.0180
   14.2925   14.5738   14.8620   15.1570   15.4589
   15.7677   16.0977   16.4352   16.7800

     0     1

 BARRIER
    8.6792    8.6751    8.6670    8.6549    8.6387
    8.6184    8.5941    8.5658    8.5334    8.4970
    8.4565    8.4119    8.3634    8.3107    8.2541
    8.1933    8.1285    8.0597    7.9868    7.9099
    7.8289    7.7439    7.6549    7.5617    7.4646
    7.3634    7.2581    7.1488    7.0354    6.9180
    6.7966    6.6710    6.5435    6.4227    6.2982
    6.1700    6.0381    5.9026    5.7634    5.6205
    5.4740    5.3237    5.1698    5.0123    4.8510
    4.6861    4.5455    4.4028    4.2569

     0     1


 ROT OUTPUT  FORMAT:   1   0   0
 EJAY,EJAYF
    0.0000    0.2531    0.2753    0.3087    0.3532
    0.4088    0.4756    0.5535    0.6425    0.7426
    0.8539    0.9763    1.1098    1.2544    1.4102
    1.5771    1.7551    1.9443    2.1445    2.3559
    2.5784    2.8121    3.0569    3.3128    3.5798
    3.8580    4.1472    4.4476    4.7592    5.0818
    5.4156    5.7605    6.1127    6.4673    6.8326
    7.2087    7.5955    7.9931    8.4015    8.8206
    9.2505    9.6911   10.1425   10.6047   11.0776
   11.5584   12.0376   12.5271   13.0272

     0     1

    9.1752    9.1821    9.1958    9.2164    9.2439
    9.2782    9.3194    9.3675    9.4224    9.4842
    9.5529    9.6284    9.7108    9.8001    9.8962
    9.9992   10.1090   10.2258   10.3494   10.4798
   10.6172   10.7614   10.9124   11.0703   11.2351
   11.4068   11.5853   11.7707   11.9630   12.1621
   12.3681   12.5809   12.8010   13.0287   13.2633
   13.5048   13.7532   14.0085   14.2707   14.5398
   14.8158   15.0987   15.3885   15.6852   15.9888
   16.3020   16.6341   16.9734   17.3199

     0     1

 BARRIER
    9.1752    8.9290    8.9205    8.9077    8.8907
    8.8694    8.8438    8.8140    8.7799    8.7416
    8.6990    8.6521    8.6010    8.5456    8.4860
    8.4221    8.3539    8.2815    8.2048    8.1239
    8.0387    7.9493    7.8555    7.7576    7.6553
    7.5488    7.4381    7.3231    7.2038    7.0803
    6.9525    6.8204    6.6883    6.5614    6.4307
    6.2961    6.1577    6.0154    5.8692    5.7192
    5.5653    5.4075    5.2459    5.0805    4.9112
    4.7436    4.5965    4.4463    4.2928

     0     1

 ROT OUTPUT  YRSMO,YRSMOF
    0.0000    0.0110    0.0329    0.0659    0.1098
    0.1647    0.2306    0.3075    0.3953    0.4941
    0.6040    0.7247    0.8565    0.9993    1.1530
    1.3177    1.4934    1.6801    1.8778    2.0864
    2.3060    2.5366    2.7782    3.0308    3.2943
    3.5688    3.8543    4.1508    4.4583    4.7767
    5.1062    5.4466    5.7942    6.1445    6.5054
    6.8769    7.2590    7.6518    8.0551    8.4692
    8.8938    9.3290    9.7749   10.2314   10.6986
   11.1737   11.6478   12.1323   12.6271

     0     1

    8.6289    8.6357    8.6495    8.6701    8.6975
    8.7319    8.7731    8.8211    8.8760    8.9378
    9.0065    9.0820    9.1644    9.2537    9.3498
    9.4528    9.5627    9.6794    9.8030    9.9335
   10.0708   10.2150   10.3660   10.5240   10.6888
   10.8604   11.0389   11.2243   11.4166   11.6157
   11.8217   12.0346   12.2546   12.4823   12.7169
   12.9584   13.2068   13.4621   13.7243   13.9934
   14.2694   14.5523   14.8421   15.1388   15.4424
   15.7556   16.0877   16.4271   16.7736

     0     1

 BARRIER
    8.6289    8.6247    8.6165    8.6042    8.5877
    8.5671    8.5425    8.5137    8.4807    8.4437
    8.4026    8.3573    8.3079    8.2544    8.1968
    8.1351    8.0693    7.9993    7.9253    7.8471
    7.7648    7.6784    7.5879    7.4932    7.3945
    7.2916    7.1846    7.0735    6.9583    6.8390
    6.7155    6.5880    6.4604    6.3378    6.2116
    6.0816    5.9478    5.8104    5.6692    5.5243
    5.3756    5.2233    5.0672    4.9074    4.7438
    4.5820    4.4399    4.2948    4.1465

     0     1


 ROT OUTPUT  FORMAT:   1   0   0
 EJAY,EJAYF
    0.0000    2.0029    2.0253    2.0588    2.1035
    2.1593    2.2264    2.3046    2.3939    2.4945
    2.6062    2.7291    2.8631    3.0084    3.1648
    3.3323    3.5111    3.7010    3.9021    4.1143
    4.3377    4.5723    4.8181    5.0750    5.3432
    5.6224    5.9129    6.2145    6.5273    6.8513
    7.1864    7.5327    7.8902    8.2522    8.6190
    8.9967    9.3851    9.7844   10.1944   10.6153
   11.0470   11.4895   11.9427   12.4068   12.8817
   13.3673   13.8623   14.3501   14.8483

     0     1

   13.1824   13.1891   13.2025   13.2226   13.2495
   13.2830   13.3233   13.3703   13.4239   13.4843
   13.5514   13.6253   13.7058   13.7930   13.8869
   13.9876   14.0950   14.2090   14.3298   14.4573
   14.5915   14.7324   14.8800   15.0344   15.1954
   15.3632   15.5376   15.7188   15.9067   16.1013
   16.3026   16.5106   16.7253   16.9460   17.1728
   17.4062   17.6463   17.8931   18.1466   18.4067
   18.6735   18.9469   19.2270   19.5138   19.8073
   20.1074   20.4156   20.7464   21.0843

     0     1

 BARRIER
   13.1824   11.1862   11.1772   11.1638   11.1460
   11.1237   11.0969   11.0657   11.0300   10.9899
   10.9452   10.8962   10.8426   10.7846   10.7222
   10.6553   10.5839   10.5081   10.4278   10.3430
   10.2538   10.1601   10.0619    9.9593    9.8523
    9.7407    9.6247    9.5043    9.3794    9.2500
    9.1162    8.9779    8.8351    8.6939    8.5538
    8.4096    8.2612    8.1087    7.9521    7.7914
    7.6265    7.4575    7.2843    7.1070    6.9256
    6.7401    6.5533    6.3963    6.2360

     0     1

 ROT OUTPUT  YRSMO,YRSMOF
    0.0000    0.0104    0.0313    0.0626    0.1043
    0.1565    0.2190    0.2920    0.3755    0.4694
    0.5737    0.6884    0.8135    0.9491    1.0952
    1.2516    1.4185    1.5958    1.7835    1.9817
    2.1903    2.4094    2.6388    2.8787    3.1290
    3.3898    3.6610    3.9426    4.2346    4.5371
    4.8500    5.1733    5.5071    5.8456    6.1892
    6.5428    6.9067    7.2806    7.6646    8.0588
    8.4631    8.8775    9.3020    9.7366   10.1813
   10.6362   11.1001   11.5618   12.0334

     0     1

    9.3314    9.3381    9.3515    9.3717    9.3985
    9.4321    9.4723    9.5193    9.5730    9.6334
    9.7005    9.7743    9.8548    9.9420   10.0360
   10.1366   10.2440   10.3581   10.4788   10.6063
   10.7405   10.8814   11.0291   11.1834   11.3444
   11.5122   11.6867   11.8678   12.0557   12.2503
   12.4516   12.6596   12.8744   13.0951   13.3218
   13.5553   13.7954   14.0421   14.2956   14.5557
   14.8225   15.0959   15.3761   15.6629   15.9563
   16.2565   16.5646   16.8955   17.2333

     0     1

 BARRIER
    9.3314    9.3277    9.3202    9.3091    9.2942
    9.2756    9.2533    9.2272    9.1975    9.1640
    9.1268    9.0859    9.0412    8.9929    8.9408
    8.8850    8.8255    8.7622    8.6953    8.6246
    8.5502    8.4721    8.3902    8.3047    8.2154
    8.1224    8.0257    7.9252    7.8211    7.7132
    7.6016    7.4863    7.3673    7.2495    7.1327
    7.0124    6.8887    6.7615    6.6309    6.4969
    6.3594    6.2185    6.0741    5.9263    5.7750
    5.6203    5.4645    5.3337    5.2000

     0     1


 ROT OUTPUT  FORMAT:   1   0   0
 EJAY,EJAYF
    0.0000    1.5388    1.5610    1.5944    1.6388
    1.6944    1.7610    1.8388    1.9277    2.0277
    2.1388    2.2610    2.3943    2.5387    2.6942
    2.8609    3.0387    3.2275    3.4275    3.6386
    3.8608    4.0941    4.3385    4.5940    4.8607
    5.1384    5.4273    5.7272    6.0383    6.3605
    6.6938    7.0382    7.3937    7.7520    8.1169
    8.4927    8.8792    9.2764    9.6844   10.1031
   10.5326   10.9728   11.4238   11.8855   12.3579
   12.8411   13.3299   13.8163   14.3130

     0     1

   12.2955   12.3022   12.3157   12.3360   12.3630
   12.3967   12.4372   12.4844   12.5384   12.5992
   12.6666   12.7409   12.8218   12.9096   13.0040
   13.1052   13.2132   13.3279   13.4494   13.5776
   13.7125   13.8543   14.0027   14.1579   14.3199
   14.4885   14.6640   14.8462   15.0351   15.2308
   15.4332   15.6424   15.8584   16.0802   16.3084
   16.5433   16.7849   17.0332   17.2883   17.5500
   17.8185   18.0937   18.3756   18.6642   18.9595
   19.2615   19.5751   19.9080   20.2479

     0     1

 BARRIER
   12.2955   10.7634   10.7547   10.7416   10.7242
   10.7024   10.6762   10.6457   10.6108   10.5715
   10.5279   10.4799   10.4276   10.3708   10.3098
   10.2443   10.1746   10.1004   10.0219    9.9390
    9.8518    9.7602    9.6642    9.5639    9.4592
    9.3501    9.2367    9.1189    8.9968    8.8703
    8.7394    8.6042    8.4646    8.3283    8.1915
    8.0506    7.9058    7.7569    7.6039    7.4469
    7.2859    7.1209    6.9518    6.7787    6.6016
    6.4204    6.2452    6.0917    5.9349

     0     1

 ROT OUTPUT  YRSMO,YRSMOF
    0.0000    0.0105    0.0316    0.0631    0.1052
    0.1578    0.2209    0.2946    0.3787    0.4734
    0.5786    0.6943    0.8205    0.9573    1.1046
    1.2624    1.4307    1.6095    1.7989    1.9988
    2.2091    2.4301    2.6615    2.9035    3.1559
    3.4189    3.6924    3.9765    4.2710    4.5761
    4.8917    5.2178    5.5544    5.8942    6.2407
    6.5974    6.9643    7.3413    7.7286    8.1261
    8.5338    8.9517    9.3798    9.8181   10.2666
   10.7253   11.1904   11.6560   12.1315

     0     1

    9.3110    9.3178    9.3313    9.3515    9.3785
    9.4122    9.4527    9.5000    9.5540    9.6147
    9.6822    9.7564    9.8374    9.9251   10.0196
   10.1208   10.2287   10.3435   10.4649   10.5931
   10.7281   10.8698   11.0182   11.1734   11.3354
   11.5041   11.6795   11.8617   12.0507   12.2463
   12.4488   12.6580   12.8739   13.0958   13.3239
   13.5588   13.8005   14.0488   14.3038   14.5656
   14.8340   15.1092   15.3911   15.6797   15.9750
   16.2770   16.5907   16.9235   17.2634

     0     1

 BARRIER
    9.3110    9.3073    9.2997    9.2884    9.2733
    9.2545    9.2318    9.2054    9.1752    9.1413
    9.1036    9.0621    9.0168    8.9678    8.9150
    8.8584    8.7981    8.7339    8.6660    8.5944
    8.5189    8.4397    8.3567    8.2700    8.1795
    8.0852    7.9871    7.8852    7.7796    7.6703
    7.5571    7.4402    7.3195    7.2015    7.0833
    6.9615    6.8362    6.7074    6.5752    6.4394
    6.3002    6.1575    6.0113    5.8616    5.7084
    5.5518    5.4003    5.2676    5.1320

     0     1


 ROT OUTPUT  FORMAT:   1   0   0
 EJAY,EJAYF
    0.0000    1.4319    1.4543    1.4878    1.5326
    1.5885    1.6555    1.7338    1.8232    1.9239
    2.0357    2.1586    2.2928    2.4381    2.5947
    2.7624    2.9412    3.1313    3.3325    3.5450
    3.7686    4.0033    4.2493    4.5064    4.7748
    5.0543    5.3449    5.6468    5.9599    6.2841
    6.6195    6.9661    7.3238    7.6825    8.0497
    8.4278    8.8167    9.2164    9.6269   10.0482
   10.4804   10.9233   11.3771   11.8416   12.3170
   12.8032   13.2914   13.7810   14.2809

     0     1

   12.0819   12.0887   12.1023   12.1226   12.1498
   12.1837   12.2245   12.2720   12.3263   12.3874
   12.4553   12.5300   12.6115   12.6997   12.7948
   12.8966   13.0052   13.1206   13.2428   13.3718
   13.5076   13.6502   13.7995   13.9557   14.1186
   14.2884   14.4649   14.6482   14.8383   15.0352
   15.2388   15.4493   15.6666   15.8897   16.1195
   16.3560   16.5992   16.8492   17.1060   17.3695
   17.6398   17.9169   18.2007   18.4912   18.7885
   19.0926   19.4119   19.7469   20.0890

     0     1

 BARRIER
   12.0819   10.6568   10.6480   10.6348   10.6172
   10.5953   10.5689   10.5382   10.5031   10.4636
   10.4196   10.3713   10.3187   10.2616   10.2001
   10.1342   10.0640    9.9893    9.9103    9.8269
    9.7391    9.6468    9.5502    9.4493    9.3439
    9.2341    9.1199    9.0014    8.8784    8.7511
    8.6194    8.4833    8.3427    8.2073    8.0697
    7.9282    7.7825    7.6329    7.4791    7.3213
    7.1595    6.9935    6.8236    6.6496    6.4715
    6.2894    6.1205    5.9659    5.8080

     0     1

 ROT OUTPUT  YRSMO,YRSMOF
    0.0000    0.0106    0.0318    0.0637    0.1061
    0.1592    0.2228    0.2971    0.3820    0.4775
    0.5836    0.7003    0.8276    0.9656    1.1141
    1.2733    1.4430    1.6234    1.8144    2.0160
    2.2282    2.4511    2.6845    2.9285    3.1832
    3.4484    3.7243    4.0108    4.3079    4.6156
    4.9339    5.2629    5.6024    5.9435    6.2929
    6.6526    7.0226    7.4029    7.7935    8.1943
    8.6055    9.0269    9.4586    9.9006   10.3529
   10.8155   11.2818   11.7513   12.2308

     0     1

    9.2785    9.2853    9.2989    9.3193    9.3464
    9.3804    9.4211    9.4686    9.5229    9.5840
    9.6519    9.7266    9.8081    9.8963    9.9914
   10.0932   10.2019   10.3173   10.4395   10.5685
   10.7042   10.8468   10.9962   11.1523   11.3153
   11.4850   11.6615   11.8448   12.0349   12.2318
   12.4355   12.6459   12.8632   13.0864   13.3161
   13.5526   13.7958   14.0459   14.3026   14.5662
   14.8364   15.1135   15.3973   15.6878   15.9852
   16.2892   16.6085   16.9435   17.2856

     0     1

 BARRIER
    9.2785    9.2747    9.2671    9.2556    9.2403
    9.2212    9.1983    9.1715    9.1410    9.1066
    9.0683    9.0263    8.9805    8.9308    8.8773
    8.8200    8.7588    8.6938    8.6251    8.5525
    8.4760    8.3958    8.3117    8.2238    8.1321
    8.0366    7.9372    7.8340    7.7270    7.6162
    7.5015    7.3831    7.2608    7.1429    7.0232
    6.9000    6.7732    6.6430    6.5092    6.3718
    6.2310    6.0866    5.9386    5.7872    5.6322
    5.4737    5.3267    5.1922    5.0548

     0     1


 ROT OUTPUT  FORMAT:   1   0   0
 EJAY,EJAYF
    0.0000    0.9954    1.0176    1.0510    1.0954
    1.1510    1.2176    1.2954    1.3843    1.4843
    1.5954    1.7177    1.8510    1.9955    2.1511
    2.3177    2.4955    2.6844    2.8844    3.0956
    3.3178    3.5512    3.7956    4.0512    4.3179
    4.5957    4.8846    5.1846    5.4958    5.8180
    6.1514    6.4959    6.8514    7.2063    7.5715
    7.9474    8.3341    8.7316    9.1398    9.5588
    9.9885   10.4290   10.8802   11.3421   11.8149
   12.2983   12.7808   13.2687   13.7670

     0     1

   11.1968   11.2036   11.2173   11.2378   11.2651
   11.2993   11.3403   11.3881   11.4428   11.5043
   11.5726   11.6478   11.7298   11.8186   11.9143
   12.0168   12.1261   12.2423   12.3653   12.4952
   12.6318   12.7753   12.9257   13.0828   13.2468
   13.4177   13.5953   13.7798   13.9712   14.1693
   14.3743   14.5862   14.8048   15.0295   15.2608
   15.4990   15.7440   15.9959   16.2545   16.5199
   16.7921   17.0712   17.3570   17.6497   17.9491
   18.2554   18.5804   18.9177   19.2621

     0     1

 BARRIER
   11.1968   10.2082   10.1997   10.1868   10.1697
   10.1483   10.1227   10.0927   10.0585   10.0200
    9.9772    9.9301    9.8788    9.8232    9.7633
    9.6991    9.6306    9.5579    9.4809    9.3996
    9.3140    9.2242    9.1300    9.0316    8.9289
    8.8220    8.7107    8.5952    8.4754    8.3513
    8.2230    8.0903    7.9534    7.8232    7.6894
    7.5516    7.4099    7.2643    7.1147    6.9611
    6.8036    6.6422    6.4768    6.3075    6.1342
    5.9570    5.7996    5.6490    5.4951

     0     1

 ROT OUTPUT  YRSMO,YRSMOF
    0.0000    0.0107    0.0321    0.0642    0.1070
    0.1605    0.2248    0.2997    0.3853    0.4816
    0.5886    0.7064    0.8348    0.9739    1.1238
    1.2843    1.4556    1.6375    1.8302    2.0335
    2.2476    2.4723    2.7078    2.9539    3.2108
    3.4784    3.7567    4.0456    4.3453    4.6557
    4.9768    5.3085    5.6510    5.9934    6.3458
    6.7086    7.0817    7.4652    7.8592    8.2634
    8.6781    9.1031    9.5385    9.9843   10.4404
   10.9070   11.3744   11.8478   12.3314

     0     1

    9.2355    9.2424    9.2560    9.2765    9.3039
    9.3380    9.3790    9.4269    9.4815    9.5430
    9.6114    9.6865    9.7685    9.8574    9.9531
   10.0556   10.1649   10.2811   10.4041   10.5339
   10.6706   10.8141   10.9644   11.1216   11.2856
   11.4564   11.6341   11.8186   12.0099   12.2081
   12.4131   12.6249   12.8436   13.0682   13.2996
   13.5378   13.7828   14.0346   14.2932   14.5586
   14.8309   15.1099   15.3957   15.6884   15.9879
   16.2941   16.6191   16.9564   17.3008

     0     1

 BARRIER
    9.2355    9.2317    9.2239    9.2123    9.1969
    9.1775    9.1543    9.1272    9.0962    9.0614
    9.0227    8.9802    8.9337    8.8834    8.8293
    8.7712    8.7093    8.6435    8.5739    8.5004
    8.4230    8.3417    8.2566    8.1676    8.0748
    7.9780    7.8774    7.7729    7.6646    7.5524
    7.4363    7.3164    7.1925    7.0748    6.9538
    6.8292    6.7011    6.5693    6.4341    6.2952
    6.1528    6.0068    5.8572    5.7041    5.5474
    5.3872    5.2448    5.1086    4.9694

     0     1


 ROT OUTPUT  FORMAT:   1   0   0
 EJAY,EJAYF
    0.0000    0.9662    0.9886    1.0222    1.0671
    1.1231    1.1904    1.2688    1.3585    1.4593
    1.5714    1.6947    1.8292    1.9749    2.1318
    2.2999    2.4793    2.6698    2.8716    3.0845
    3.3087    3.5440    3.7906    4.0484    4.3174
    4.5976    4.8890    5.1916    5.5054    5.8305
    6.1667    6.5141    6.8714    7.2288    7.5971
    7.9762    8.3661    8.7670    9.1786    9.6011
   10.0345   10.4786   10.9337   11.3995   11.8762
   12.3638   12.8468   13.3388   13.8413

     0     1

   11.1012   11.1081   11.1218   11.1425   11.1700
   11.2044   11.2457   11.2939   11.3489   11.4109
   11.4797   11.5554   11.6379   11.7274   11.8237
   11.9270   12.0371   12.1541   12.2779   12.4087
   12.5463   12.6908   12.8422   13.0005   13.1656
   13.3377   13.5166   13.7024   13.8951   14.0946
   14.3011   14.5144   14.7345   14.9608   15.1940
   15.4340   15.6809   15.9347   16.1953   16.4627
   16.7371   17.0183   17.3063   17.6012   17.9030
   18.2116   18.5425   18.8822   19.2291

     0     1

 BARRIER
   11.1012   10.1419   10.1332   10.1202   10.1029
   10.0813   10.0554   10.0251    9.9905    9.9515
    9.9082    9.8607    9.8087    9.7525    9.6919
    9.6270    9.5578    9.4842    9.4064    9.3242
    9.2376    9.1468    9.0516    8.9521    8.8482
    8.7401    8.6276    8.5108    8.3896    8.2642
    8.1344    8.0002    7.8631    7.7320    7.5969
    7.4578    7.3148    7.1677    7.0167    6.8616
    6.7026    6.5396    6.3726    6.2017    6.0267
    5.8478    5.6957    5.5434    5.3878

     0     1

 ROT OUTPUT  YRSMO,YRSMOF
    0.0000    0.0108    0.0324    0.0648    0.1080
    0.1619    0.2267    0.3023    0.3887    0.4858
    0.5938    0.7125    0.8421    0.9824    1.1336
    1.2955    1.4683    1.6518    1.8461    2.0513
    2.2672    2.4939    2.7314    2.9797    3.2388
    3.5087    3.7894    4.0809    4.3832    4.6963
    5.0202    5.3549    5.6990    6.0440    6.3994
    6.7653    7.1416    7.5284    7.9257    8.3334
    8.7516    9.1803    9.6194   10.0690   10.5291
   10.9996   11.4681   11.9456   12.4333

     0     1

    9.1803    9.1872    9.2010    9.2216    9.2491
    9.2835    9.3248    9.3730    9.4281    9.4900
    9.5588    9.6345    9.7171    9.8065    9.9029
   10.0061   10.1162   10.2332   10.3570   10.4878
   10.6254   10.7699   10.9213   11.0796   11.2448
   11.4168   11.5957   11.7815   11.9742   12.1737
   12.3802   12.5935   12.8136   13.0399   13.2731
   13.5131   13.7600   14.0138   14.2744   14.5419
   14.8162   15.0974   15.3854   15.6803   15.9821
   16.2907   16.6217   16.9613   17.3082

     0     1

 BARRIER
    9.1803    9.1764    9.1686    9.1568    9.1412
    9.1216    9.0981    9.0707    9.0394    9.0042
    8.9650    8.9220    8.8750    8.8241    8.7693
    8.7106    8.6479    8.5814    8.5109    8.4365
    8.3582    8.2760    8.1899    8.0999    8.0059
    7.9081    7.8063    7.7006    7.5910    7.4774
    7.3600    7.2387    7.1146    6.9960    6.8737
    6.7479    6.6184    6.4854    6.3487    6.2084
    6.0646    5.9171    5.7660    5.6113    5.4530
    5.2911    5.1535    5.0157    4.8749

     0     1


 ROT OUTPUT  FORMAT:   1   0   0
 EJAY,EJAYF
    0.0000    0.5872    0.6095    0.6429    0.6875
    0.7433    0.8102    0.8882    0.9774    1.0778
    1.1893    1.3119    1.4457    1.5906    1.7467
    1.9140    2.0924    2.2819    2.4826    2.6945
    2.9175    3.1516    3.3969    3.6534    3.9209
    4.1997    4.4896    4.7906    5.1028    5.4262
    5.7607    6.1063    6.4599    6.8157    7.1822
    7.5595    7.9477    8.3466    8.7563    9.1768
    9.6081   10.0502   10.5031   10.9668   11.4413
   11.9246   12.4048   12.8955   13.3967

     0     1

   10.3109   10.3178   10.3317   10.3524   10.3801
   10.4147   10.4563   10.5047   10.5601   10.6224
   10.6916   10.7678   10.8508   10.9408   11.0377
   11.1416   11.2523   11.3700   11.4946   11.6261
   11.7646   11.9099   12.0622   12.2214   12.3875
   12.5606   12.7406   12.9275   13.1213   13.3220
   13.5297   13.7443   13.9657   14.1935   14.4282
   14.6699   14.9184   15.1739   15.4363   15.7055
   15.9817   16.2648   16.5548   16.8517   17.1554
   17.4682   17.8027   18.1445   18.4936

     0     1

 BARRIER
   10.3109    9.7307    9.7222    9.7095    9.6926
    9.6715    9.6461    9.6165    9.5827    9.5446
    9.5024    9.4559    9.4051    9.3502    9.2910
    9.2276    9.1599    9.0881    9.0120    8.9316
    8.8471    8.7583    8.6653    8.5681    8.4666
    8.3609    8.2510    8.1368    8.0185    7.8959
    7.7690    7.6380    7.5057    7.3778    7.2460
    7.1103    6.9708    6.8273    6.6799    6.5287
    6.3736    6.2145    6.0516    5.8849    5.7142
    5.5436    5.3979    5.2490    5.0969

     0     1

 ROT OUTPUT  YRSMO,YRSMOF
    0.0000    0.0109    0.0327    0.0653    0.1089
    0.1634    0.2287    0.3049    0.3921    0.4901
    0.5990    0.7188    0.8495    0.9911    1.1435
    1.3069    1.4811    1.6663    1.8623    2.0692
    2.2871    2.5158    2.7554    3.0058    3.2672
    3.5395    3.8227    4.1167    4.4216    4.7375
    5.0642    5.4018    5.7473    6.0952    6.4537
    6.8227    7.2023    7.5924    7.9931    8.4044
    8.8262    9.2585    9.7014   10.1549   10.6189
   11.0918   11.5631   12.0447   12.5365

     0     1

    9.1384    9.1453    9.1592    9.1800    9.2076
    9.2423    9.2838    9.3322    9.3876    9.4499
    9.5191    9.5953    9.6783    9.7683    9.8652
    9.9691   10.0798   10.1975   10.3221   10.4536
   10.5921   10.7374   10.8897   11.0489   11.2151
   11.3881   11.5681   11.7550   11.9488   12.1496
   12.3572   12.5718   12.7932   13.0210   13.2558
   13.4974   13.7460   14.0014   14.2638   14.5331
   14.8092   15.0923   15.3823   15.6792   15.9830
   16.2957   16.6303   16.9721   17.3211

     0     1

 BARRIER
    9.1384    9.1344    9.1265    9.1146    9.0987
    9.0789    9.0551    9.0273    8.9955    8.9598
    8.9201    8.8765    8.8289    8.7773    8.7217
    8.6622    8.5987    8.5312    8.4598    8.3844
    8.3050    8.2217    8.1344    8.0431    7.9478
    7.8486    7.7454    7.6383    7.5272    7.4121
    7.2930    7.1700    7.0459    6.9258    6.8021
    6.6747    6.5437    6.4090    6.2707    6.1287
    5.9831    5.8338    5.6809    5.5243    5.3641
    5.2039    5.0671    4.9274    4.7846

     0     1


 ROT OUTPUT  FORMAT:   1   0   0
 EJAY,EJAYF
    0.0000    0.5782    0.6007    0.6345    0.6795
    0.7358    0.8033    0.8821    0.9721    1.0734
    1.1859    1.3097    1.4448    1.5911    1.7487
    1.9175    2.0976    2.2889    2.4915    2.7053
    2.9304    3.1668    3.4144    3.6732    3.9433
    4.2247    4.5173    4.8212    5.1363    5.4627
    5.8003    6.1492    6.5043    6.8633    7.2332
    7.6140    8.0057    8.4083    8.8217    9.2461
    9.6814   10.1275   10.5845   11.0525   11.5313
   12.0157   12.5003   12.9954   13.5011

     0     1

   10.2900   10.2969   10.3108   10.3317   10.3595
   10.3942   10.4359   10.4846   10.5402   10.6028
   10.6723   10.7488   10.8322   10.9226   11.0199
   11.1242   11.2354   11.3536   11.4787   11.6108
   11.7498   11.8958   12.0487   12.2086   12.3754
   12.5492   12.7300   12.9177   13.1123   13.3139
   13.5225   13.7380   13.9603   14.1893   14.4253
   14.6682   14.9181   15.1748   15.4386   15.7093
   15.9869   16.2715   16.5630   16.8614   17.1668
   17.4847   17.8210   18.1645   18.5154

     0     1

 BARRIER
   10.2900    9.7187    9.7101    9.6972    9.6800
    9.6585    9.6327    9.6025    9.5681    9.5294
    9.4864    9.4390    9.3874    9.3314    9.2712
    9.2067    9.1378    9.0647    8.9872    8.9055
    8.8194    8.7290    8.6344    8.5354    8.4321
    8.3246    8.2127    8.0965    7.9760    7.8512
    7.7221    7.5887    7.4560    7.3260    7.1921
    7.0542    6.9124    6.7666    6.6168    6.4632
    6.3055    6.1439    5.9784    5.8089    5.6355
    5.4690    5.3207    5.1692    5.0143

     0     1

 ROT OUTPUT  YRSMO,YRSMOF
    0.0000    0.0110    0.0330    0.0659    0.1099
    0.1648    0.2307    0.3076    0.3955    0.4944
    0.6043    0.7251    0.8570    0.9998    1.1536
    1.3184    1.4942    1.6810    1.8787    2.0875
    2.3072    2.5379    2.7796    3.0323    3.2960
    3.5707    3.8563    4.1530    4.4606    4.7792
    5.1088    5.4494    5.7962    6.1472    6.5087
    6.8809    7.2638    7.6573    8.0615    8.4763
    8.9017    9.3378    9.7845   10.2419   10.7099
   11.1839   11.6593   12.1450   12.6410

     0     1

    9.1178    9.1248    9.1387    9.1595    9.1873
    9.2221    9.2638    9.3124    9.3681    9.4306
    9.5001    9.5766    9.6600    9.7504    9.8477
    9.9520   10.0632   10.1814   10.3065   10.4386
   10.5776   10.7236   10.8766   11.0364   11.2033
   11.3771   11.5578   11.7455   11.9402   12.1418
   12.3503   12.5658   12.7881   13.0171   13.2531
   13.4960   13.7459   14.0027   14.2664   14.5371
   14.8147   15.0993   15.3908   15.6892   15.9946
   16.3126   16.6488   16.9924   17.3432

     0     1

 BARRIER
    9.1178    9.1138    9.1057    9.0936    9.0775
    9.0573    9.0331    9.0048    8.9725    8.9362
    8.8959    8.8515    8.8031    8.7506    8.6941
    8.6336    8.5690    8.5004    8.4278    8.3511
    8.2704    8.1857    8.0969    8.0041    7.9073
    7.8064    7.7015    7.5925    7.4795    7.3625
    7.2415    7.1164    6.9919    6.8700    6.7444
    6.6151    6.4821    6.3454    6.2050    6.0609
    5.9130    5.7615    5.6063    5.4474    5.2847
    5.1286    4.9895    4.8474    4.7022

     0     1


 ROT OUTPUT  FORMAT:   1   0   0
 EJAY,EJAYF
    0.0000    0.5004    0.5230    0.5570    0.6023
    0.6589    0.7269    0.8062    0.8968    0.9987
    1.1120    1.2366    1.3725    1.5198    1.6784
    1.8483    2.0295    2.2221    2.4259    2.6411
    2.8677    3.1056    3.3547    3.6153    3.8871
    4.1703    4.4648    4.7706    5.0878    5.4162
    5.7561    6.1072    6.4627    6.8240    7.1962
    7.5794    7.9736    8.3787    8.7948    9.2219
    9.6599   10.1089   10.5688   11.0397   11.5216
   12.0057   12.4935   12.9919   13.5010

     0     1

   10.1135   10.1205   10.1345   10.1554   10.1834
   10.2183   10.2602   10.3091   10.3649   10.4278
   10.4976   10.5744   10.6582   10.7490   10.8468
   10.9515   11.0633   11.1820   11.3077   11.4404
   11.5800   11.7267   11.8803   12.0409   12.2085
   12.3831   12.5647   12.7532   12.9488   13.1513
   13.3608   13.5773   13.8007   14.0310   14.2683
   14.5126   14.7638   15.0221   15.2873   15.5595
   15.8387   16.1248   16.4179   16.7181   17.0251
   17.3484   17.6865   18.0319   18.3846

     0     1

 BARRIER
   10.1135    9.6202    9.6115    9.5984    9.5811
    9.5593    9.5333    9.5029    9.4681    9.4290
    9.3856    9.3378    9.2857    9.2292    9.1684
    9.1033    9.0338    8.9599    8.8818    8.7992
    8.7124    8.6211    8.5256    8.4257    8.3214
    8.2128    8.0999    7.9826    7.8610    7.7351
    7.6048    7.4701    7.3380    7.2070    7.0721
    6.9331    6.7902    6.6433    6.4924    6.3376
    6.1787    6.0159    5.8491    5.6783    5.5036
    5.3427    5.1929    5.0399    4.8836

     0     1

 ROT OUTPUT  YRSMO,YRSMOF
    0.0000    0.0111    0.0333    0.0665    0.1108
    0.1663    0.2328    0.3104    0.3990    0.4988
    0.6096    0.7315    0.8646    1.0086    1.1638
    1.3301    1.5074    1.6959    1.8954    2.1060
    2.3277    2.5604    2.8043    3.0592    3.3252
    3.6023    3.8905    4.1898    4.5001    4.8216
    5.1541    5.4977    5.8458    6.1998    6.5645
    6.9399    7.3261    7.7230    8.1307    8.5491
    8.9782    9.4181    9.8687   10.3300   10.8021
   11.2773   11.7567   12.2466   12.7469

     0     1

    9.0864    9.0933    9.1073    9.1283    9.1562
    9.1911    9.2330    9.2819    9.3378    9.4006
    9.4704    9.5473    9.6311    9.7219    9.8196
    9.9244   10.0361   10.1548   10.2805   10.4132
   10.5529   10.6995   10.8532   11.0138   11.1814
   11.3560   11.5375   11.7261   11.9216   12.1241
   12.3336   12.5501   12.7735   13.0038   13.2411
   13.4854   13.7367   13.9949   14.2601   14.5323
   14.8115   15.0976   15.3908   15.6909   15.9980
   16.3213   16.6593   17.0047   17.3574

     0     1

 BARRIER
    9.0864    9.0823    9.0741    9.0618    9.0454
    9.0249    9.0002    8.9715    8.9387    8.9018
    8.8608    8.8157    8.7665    8.7132    8.6558
    8.5943    8.5287    8.4590    8.3851    8.3072
    8.2252    8.1391    8.0489    7.9546    7.8562
    7.7536    7.6470    7.5363    7.4215    7.3026
    7.1795    7.0524    6.9277    6.8041    6.6767
    6.5455    6.4106    6.2719    6.1294    5.9832
    5.8333    5.6796    5.5221    5.3609    5.1959
    5.0440    4.9026    4.7581    4.6105

     0     1


 ROT OUTPUT  FORMAT:   1   0   0
 EJAY,EJAYF
    0.0000    0.2769    0.2995    0.3335    0.3788
    0.4354    0.5033    0.5826    0.6731    0.7750
    0.8882    1.0128    1.1486    1.2958    1.4543
    1.6241    1.8053    1.9977    2.2015    2.4166
    2.6431    2.8808    3.1299    3.3903    3.6620
    3.9450    4.2394    4.5451    4.8621    5.1904
    5.5300    5.8810    6.2346    6.5958    6.9680
    7.3511    7.7452    8.1503    8.5663    8.9933
    9.4312    9.8801   10.3399   10.8107   11.2925
   11.7737   12.2620   12.7610   13.2706

     0     1

    9.6088    9.6158    9.6299    9.6509    9.6790
    9.7141    9.7562    9.8053    9.8615    9.9246
    9.9948   10.0720   10.1562   10.2475   10.3457
   10.4510   10.5633   10.6826   10.8089   10.9423
   11.0827   11.2300   11.3845   11.5459   11.7143
   11.8898   12.0723   12.2617   12.4583   12.6618
   12.8723   13.0899   13.3146   13.5463   13.7850
   14.0308   14.2836   14.5434   14.8102   15.0840
   15.3649   15.6528   15.9477   16.2496   16.5586
   16.8873   17.2273   17.5746   17.9293

     0     1

 BARRIER
    9.6088    9.3389    9.3303    9.3174    9.3002
    9.2787    9.2529    9.2228    9.1883    9.1496
    9.1066    9.0592    9.0076    8.9517    8.8914
    8.8269    8.7580    8.6849    8.6074    8.5257
    8.4396    8.3492    8.2546    8.1556    8.0523
    7.9448    7.8329    7.7167    7.5962    7.4714
    7.3423    7.2089    7.0800    6.9505    6.8171
    6.6797    6.5384    6.3931    6.2439    6.0908
    5.9337    5.7727    5.6078    5.4389    5.2661
    5.1136    4.9652    4.8136    4.6587

     0     1

 ROT OUTPUT  YRSMO,YRSMOF
    0.0000    0.0112    0.0335    0.0671    0.1118
    0.1677    0.2348    0.3131    0.4026    0.5032
    0.6151    0.7381    0.8723    1.0176    1.1742
    1.3419    1.5209    1.7110    1.9123    2.1247
    2.3484    2.5832    2.8292    3.0864    3.3548
    3.6344    3.9251    4.2271    4.5402    4.8645
    5.2000    5.5466    5.8961    6.2531    6.6210
    6.9997    7.3892    7.7896    8.2008    8.6229
    9.0558    9.4995    9.9540   10.4194   10.8956
   11.3718   11.8554   12.3495   12.8541

     0     1

    9.0421    9.0492    9.0632    9.0843    9.1123
    9.1474    9.1895    9.2387    9.2948    9.3580
    9.4282    9.5054    9.5896    9.6808    9.7791
    9.8843    9.9966   10.1160   10.2423   10.3756
   10.5160   10.6634   10.8178   10.9792   11.1477
   11.3231   11.5056   11.6951   11.8916   12.0951
   12.3057   12.5233   12.7479   12.9796   13.2184
   13.4641   13.7169   13.9767   14.2435   14.5174
   14.7982   15.0861   15.3810   15.6830   15.9919
   16.3207   16.6606   17.0080   17.3627

     0     1

 BARRIER
    9.0421    9.0380    9.0296    9.0172    9.0005
    8.9797    8.9547    8.9255    8.8922    8.8547
    8.8131    8.7673    8.7173    8.6632    8.6049
    8.5424    8.4758    8.4050    8.3300    8.2509
    8.1676    8.0802    7.9886    7.8928    7.7928
    7.6887    7.5804    7.4680    7.3514    7.2306
    7.1057    6.9766    6.8519    6.7265    6.5974
    6.4644    6.3277    6.1871    6.0427    5.8945
    5.7425    5.5867    5.4270    5.2636    5.0964
    4.9488    4.8052    4.6585    4.5086

     0     1


 ROT OUTPUT  FORMAT:   1   0   0
 EJAY,EJAYF
    0.0000    0.3409    0.3639    0.3983    0.4441
    0.5014    0.5702    0.6505    0.7422    0.8454
    0.9600    1.0861    1.2237    1.3727    1.5332
    1.7052    1.8886    2.0835    2.2899    2.5077
    2.7370    2.9777    3.2299    3.4936    3.7687
    4.0553    4.3534    4.6630    4.9840    5.3164
    5.6603    6.0157    6.3718    6.7374    7.1141
    7.5019    7.9008    8.3108    8.7319    9.1641
    9.6074   10.0617   10.5272   11.0037   11.4914
   11.9748   12.4689   12.9736   13.4892

     0     1

    9.7100    9.7170    9.7311    9.7523    9.7805
    9.8158    9.8581    9.9074    9.9639   10.0273
   10.0978   10.1754   10.2600   10.3517   10.4504
   10.5562   10.6691   10.7889   10.9159   11.0499
   11.1909   11.3390   11.4941   11.6563   11.8256
   12.0019   12.1852   12.3756   12.5731   12.7776
   12.9892   13.2078   13.4338   13.6669   13.9070
   14.1542   14.4085   14.6698   14.9383   15.2137
   15.4962   15.7858   16.0825   16.3862   16.6970
   17.0312   17.3730   17.7222   18.0789

     0     1

 BARRIER
    9.7100    9.3761    9.3673    9.3540    9.3364
    9.3143    9.2879    9.2570    9.2217    9.1820
    9.1378    9.0893    9.0364    8.9790    8.9172
    8.8511    8.7805    8.7054    8.6260    8.5422
    8.4540    8.3613    8.2642    8.1627    8.0569
    7.9465    7.8318    7.7127    7.5892    7.4612
    7.3288    7.1921    7.0620    6.9295    6.7929
    6.6523    6.5077    6.3590    6.2063    6.0496
    5.8889    5.7241    5.5553    5.3825    5.2056
    5.0563    4.9041    4.7486    4.5897

     0     1

 ROT OUTPUT  YRSMO,YRSMOF
    0.0000    0.0113    0.0338    0.0677    0.1128
    0.1692    0.2369    0.3159    0.4062    0.5077
    0.6206    0.7447    0.8801    1.0267    1.1847
    1.3539    1.5345    1.7263    1.9294    2.1437
    2.3694    2.6063    2.8546    3.1141    3.3849
    3.6669    3.9603    4.2649    4.5808    4.9080
    5.2465    5.5963    5.9470    6.3071    6.6782
    7.0603    7.4532    7.8571    8.2719    8.6977
    9.1343    9.5819   10.0404   10.5099   10.9902
   11.4676   11.9554   12.4537   12.9627

     0     1

    8.9948    9.0019    9.0160    9.0372    9.0654
    9.1006    9.1429    9.1923    9.2487    9.3122
    9.3827    9.4603    9.5449    9.6366    9.7353
    9.8411    9.9539   10.0738   10.2007   10.3347
   10.4758   10.6239   10.7790   10.9412   11.1105
   11.2868   11.4701   11.6605   11.8580   12.0625
   12.2740   12.4926   12.7186   12.9517   13.1919
   13.4391   13.6934   13.9547   14.2231   14.4986
   14.7811   15.0707   15.3674   15.6711   15.9819
   16.3160   16.6578   17.0071   17.3638

     0     1

 BARRIER
    8.9948    8.9906    8.9822    8.9695    8.9525
    8.9314    8.9060    8.8764    8.8425    8.8045
    8.7622    8.7156    8.6648    8.6098    8.5506
    8.4871    8.4195    8.3475    8.2714    8.1910
    8.1064    8.0175    7.9244    7.8271    7.7256
    7.6198    7.5098    7.3956    7.2771    7.1544
    7.0275    6.8964    6.7717    6.6446    6.5136
    6.3788    6.2401    6.0976    5.9512    5.8009
    5.6468    5.4888    5.3269    5.1612    4.9916
    4.8484    4.7025    4.5534    4.4010

     0     1


