1	0	0	8.071
1	1	0	7.289
2	1	0	13.136
3	1	0	14.95
4	1	0	25.928
5	1	0	36.834
6	1	0	41.864
3	2	0	14.931
4	2	0	2.425
5	2	0	11.386
6	2	0	17.594
7	2	0	26.11
8	2	0	31.598
9	2	0	40.818
10	2	0	48.81
4	3	0	25.32
5	3	0	11.679
6	3	0	14.086
7	3	0	14.908
8	3	0	20.946
9	3	0	24.954
10	3	0	33.05
11	3	0	40.796
12	3	0	50.096
5	4	0	37.996
6	4	0	18.374
7	4	0	15.769
8	4	0	4.942
9	4	0	11.348
10	4	0	12.607
11	4	0	20.174
12	4	0	25.076
13	4	0	33.658
14	4	0	39.882
7	5	0	27.868
8	5	0	22.921
9	5	0	12.416
10	5	0	12.051
11	5	0	8.668
12	5	0	13.369
13	5	0	16.562
14	5	0	23.664
15	5	0	28.967
16	5	0	37.082
17	5	0	43.716
18	5	0	52.322
19	5	0	59.364
8	6	0	35.094
9	6	0	28.914
10	6	0	15.699
11	6	0	10.651
12	6	0	0
13	6	0	3.125
14	6	0	3.02
15	6	0	9.873
16	6	0	13.694
17	6	0	21.037
18	6	0	24.924
19	6	0	32.833
20	6	0	37.56
21	6	0	45.96
22	6	0	52.583
10	7	0	39.699
11	7	0	24.961
12	7	0	17.338
13	7	0	5.345
14	7	0	2.863
15	7	0	0.101
16	7	0	5.683
17	7	0	7.871
18	7	0	13.117
19	7	0	15.86
20	7	0	21.766
21	7	0	25.232
22	7	0	32.081
23	7	0	37.735
24	7	0	47.04
12	8	0	32.048
13	8	0	23.111
14	8	0	8.006
15	8	0	2.855
16	8	-4.84	-4.737
17	8	-0.17	-0.809
18	8	-2.62	-0.782
19	8	2.56	3.334
20	8	2.57	3.797
21	8	8.2	8.062
22	8	10.41	9.284
23	8	17.72	14.616
24	8	22.14	18.974
25	8	30.93	27.144
26	8	36.75	35.164
27	8	46.58	0
28	8	53.73	0
29	8	65.03	0
30	8	72.83	0
31	8	82.3	0
32	8	91.32	0
33	8	104.63	0
34	8	113.7	0
14	9	0	33.608
15	9	0	16.777
16	9		10.68
17	9	1.9	1.952
18	9	1.21	0.873
19	9	-3.08	-1.487
20	9	0.1	-0.017
21	9	-0.68	-0.048
22	9	3.08	2.794
23	9	4.24	3.33
24	9	9.32	7.545
25	9	12.81	11.266
26	9	19.94	18.288
27	9	24.99	25.05
28	9	33.22	33.226
29	9	39.88	40.296
30	9	49.32	0
31	9	53.55	0
32	9	63.38	0
33	9	72.02	0
34	9	83.79	0
35	9	93.12	0
36	9	104	0
37	9	110.24	0
38	9	124.51	0
16	10	0	23.992
17	10	0	16.485
18	10	3.21	5.307
19	10	0.47	1.751
20	10	-7.72	-7.042
21	10	-5.87	-5.732
22	10	-8.69	-8.024
23	10	-5.01	-5.154
24	10	-5.98	-5.948
25	10	-0.98	-2.059
26	10	1.02	0.43
27	10	7.25	7.094
28	10	10.02	11.279
29	10	17.83	18.021
30	10	22.44	22.237
31	10	29.13	30.842
32	10	33.32	37.176
33	10	42.96	0
34	10	49.56	0
35	10	60.85	0
36	10	68.78	0
37	10	79.59	0
38	10	84.85	0
39	10	98.86	0
40	10	107.82	0
41	10	118.93	0
18	11	0	25.318
19	11	11.47	12.929
20	11	6.16	6.845
21	11	-2.82	-2.184
22	11	-4.93	-5.182
23	11	-9.82	-9.529
24	11	-7.43	-8.418
25	11	-8.97	-9.357
26	11	-5.89	-6.902
27	11	-5.18	-5.581
28	11	-0.73	-1.034
29	11	2.48	2.619
30	11	8.21	8.594
31	11	12.25	12.664
32	11	18.44	18.304
33	11	23.14	25.51
34	11	30	32.509
35	11	36.19	41.153
36	11	45.38	0
37	11	52.41	0
38	11	61.44	0
39	11	68.78	0
40	11	80.14	0
41	11	88.51	0
42	11	99.15	0
43	11	107.71	0
44	11	118.77	0
20	12	16.07	17.571
21	12	9.86	10.912
22	12	-1.5	-0.397
23	12	-5.84	-5.473
24	12	-14.08	-13.933
25	12	-12.52	-13.193
26	12	-16.39	-16.214
27	12	-12.54	-14.587
28	12	-14.5	-15.019
29	12	-9.34	-10.661
30	12	-9.14	-8.882
31	12	-3.55	-3.215
32	12	-1.42	-0.796
33	12	5.36	5.204
34	12	7.89	8.451
35	12	14.92	17.39
36	12	19.16	20.912
37	12	27.56	29.1
38	12	32.74	0
39	12	41.12	0
40	12	45.42	0
41	12	58.18	0
42	12	65.52	0
43	12	76.28	0
44	12	78.06	0
45	12	95.37	0
46	12	101.1	0
47	12	115.53	0
21	13	26.48	26.119
22	13	18.04	18.183
23	13	6.45	6.767
24	13	0.4	-0.055
25	13	-8.45	-8.916
26	13	-10.77	-12.21
27	13	-16.9	-17.197
28	13	-15.48	-16.851
29	13	-16.44	-18.216
30	13	-14.48	-15.872
31	13	-14.4	-14.954
32	13	-10.76	-11.062
33	13	-9.07	-8.505
34	13	-4.21	-2.862
35	13	-1.54	-0.058
36	13	4.39	5.916
37	13	8.29	9.604
38	13	15.18	15.742
39	13	20.06	20.4
40	13	28.15	0
41	13	30.43	0
42	13	41.11	0
43	13	49.47	0
44	13	58.38	0
45	13	61.22	0
46	13	76.24	0
47	13	84.7	0
48	13	95.83	0
49	13	105.02	0
50	13	115.13	0
51	13	123.86	0
22	14	33.17	32.164
23	14	23.6	23.772
24	14	9.82	10.755
25	14	3.2	3.825
26	14	-8.35	-7.145
27	14	-12.73	-12.384
28	14	-21.1	-21.493
29	14	-20.38	-21.895
30	14	-22.48	-24.433
31	14	-20.51	-22.949
32	14	-22.3	-24.081
33	14	-19.29	-20.492
34	14	-19.51	-19.957
35	14	-14.76	-14.36
36	14	-13.37	-12.401
37	14	-7.95	-6.524
38	14	-5.73	-3.745
39	14	0.88	2.142
40	14	4.82	5.403
41	14	9.78	11.83
42	14	12.87	14.997
43	14	22.62	0
44	14	29.17	0
45	14	38.44	0
46	14	42.28	0
47	14	55.21	0
48	14	62.62	0
49	14	73.26	0
50	14	81.03	0
51	14	92	0
52	14	99.17	0
53	14	109.51	0
54	14	117.75	0
23	15	45.66	0
24	15	33.78	31.997
25	15	20.52	18.872
26	15	11.39	10.973
27	15	1.05	-0.753
28	15	-6.5	-7.161
29	15	-15.89	-16.952
30	15	-17.43	-20.201
31	15	-21.94	-24.441
32	15	-21.75	-24.305
33	15	-24	-26.338
34	15	-22.78	-24.558
35	15	-23.46	-24.858
36	15	-20.42	-20.251
37	15	-19.44	-18.995
38	15	-15.19	-14.466
39	15	-13.41	-12.65
40	15	-8.35	-8.337
41	15	-5.48	-4.844
42	15	0.62	0.084
43	15	3.19	3.083
44	15	11.64	9.203
45	15	17.18	14.103
46	15	24.86	22.197
47	15	29.18	0
48	15	39.81	0
49	15	46.6	0
50	15	56.55	0
51	15	64.34	0
52	15	73.74	0
53	15	81.71	0
54	15	91.06	0
55	15	98.86	0
56	15	109.64	0
57	15	118.58	0
24	16	55.74	0
25	16	43.4	0
26	16	27.74	25.97
27	16	17.22	17.507
28	16	3.88	4.073
29	16	-2.7	-3.159
30	16	-12.3	-14.063
31	16	-16.59	-19.045
32	16	-23.75	-26.016
33	16	-24.37	-26.586
34	16	-28.32	-29.932
35	16	-27.57	-28.846
36	16	-29.95	-30.664
37	16	-27.26	-26.896
38	16	-27.78	-26.861
39	16	-24.3	-23.161
40	16	-23.88	-22.85
41	16	-19.2	-18.602
42	16	-17.79	-17.242
43	16	-12.15	-12.482
44	16	-9.38	-10.88
45	16	-2.64	-4.825
46	16	1.72	-0.401
47	16	9.22	7.098
48	16	14.05	12.1
49	16	22.25	20.502
50	16	27.65	0
51	16	37.67	0
52	16	44.48	0
53	16	53.87	0
54	16	60.74	0
55	16	70.61	0
56	16	77.62	0
57	16	87.57	0
58	16	95.55	0
59	16	108.22	0
60	16	117.2	0
25	17	70.02	0
26	17	54.31	0
27	17	39.29	0
28	17	28.26	26.557
29	17	14.83	13.143
30	17	4.91	4.443
31	17	-5.38	-7.064
32	17	-11.47	-13.331
33	17	-19.01	-21.004
34	17	-23.12	-24.441
35	17	-28.11	-29.014
36	17	-28.4	-29.522
37	17	-31.19	-31.762
38	17	-30.27	-29.798
39	17	-31.12	-29.801
40	17	-28.68	-27.558
41	17	-28.57	-27.339
42	17	-25.27	-24.987
43	17	-24.05	-24.029
44	17	-19.91	-19.991
45	17	-18.31	-18.909
46	17	-12.63	-14.792
47	17	-8.64	-11.225
48	17	-2.06	-4.797
49	17	2.62	-0.102
50	17	9.89	7.2
51	17	15.29	12.603
52	17	23.56	0
53	17	30.24	0
54	17	38.73	0
55	17	45.9	0
56	17	54.66	0
57	17	61.71	0
58	17	69.42	0
59	17	76.33	0
60	17	85.75	0
61	17	92.41	0
62	17	102.6	0
63	17	111.67	0
27	18	64.71	0
28	18	45.81	0
29	18	35.41	0
30	18	19.95	20.083
31	18	10.79	11.296
32	18	-2.12	-2.179
33	18	-7.76	-9.381
34	18	-17.03	-18.378
35	18	-22.48	-23.048
36	18	-29.56	-30.23
37	18	-30.96	-30.948
38	18	-35.38	-34.715
39	18	-34.77	-33.242
40	18	-36.53	-35.04
41	18	-34.39	-33.067
42	18	-35.62	-34.422
43	18	-32.88	-31.978
44	18	-33.3	-32.262
45	18	-30.03	-29.719
46	18	-28.99	-29.721
47	18	-24.03	-25.908
48	18	-21.24	-23.222
49	18	-14.88	-16.599
50	18	-11.47	-13.097
51	18	-4.48	-6.297
52	18	-0.29	-1.705
53	18	7.56	5.8
54	18	12.86	0
55	18	20.22	0
56	18	24.98	0
57	18	34.13	0
58	18	40.49	0
59	18	49.31	0
60	18	55.56	0
61	18	64.38	0
62	18	70.32	0
63	18	80.57	0
64	18	88.39	0
65	18	99.44	0
66	18	108.94	0
67	18	119.56	0
29	19	61.63	0
30	19	48.08	0
31	19	32.16	0
32	19	20.62	20.418
33	19	7.4	6.763
34	19	-0.99	-1.481
35	19	-10.68	-11.167
36	19	-16.91	-17.425
37	19	-24.93	-24.799
38	19	-28.87	-28.802
39	19	-34.39	-33.807
40	19	-35.36	-33.535
41	19	-37.78	-35.559
42	19	-36.97	-35.021
43	19	-38.55	-36.593
44	19	-37.32	-35.81
45	19	-38.06	-36.608
46	19	-35.71	-35.419
47	19	-35.44	-35.697
48	19	-31.61	-32.124
49	19	-28.86	-30.32
50	19	-23.51	-25.353
51	19	-19.78	-22.002
52	19	-13.77	-16.199
53	19	-9.53	-11.998
54	19	-2.68	-5.598
55	19	2.52	-0.57
56	19	8.92	0
57	19	14.11	0
58	19	21.93	0
59	19	27.01	0
60	19	34.92	0
61	19	40.78	0
62	19	48.96	0
63	19	55.59	0
64	19	66.21	0
65	19	72.98	0
66	19	82.44	0
67	19	89.86	0
68	19	99.39	0
69	19	107	0
70	19	117.43	0
30	20	72.94	0
31	20	58.76	0
32	20	40.83	0
33	20	28.78	0
34	20	13.66	13.153
35	20	4.9	4.439
36	20	-6.51	-6.439
37	20	-13.13	-13.161
38	20	-22.88	-22.059
39	20	-27.99	-27.276
40	20	-35.44	-34.846
41	20	-36.65	-35.137
42	20	-40.86	-38.547
43	20	-40.4	-38.408
44	20	-43.48	-41.469
45	20	-42.47	-40.813
46	20	-44.7	-43.135
47	20	-43.06	-42.34
48	20	-43.79	-44.215
49	20	-40.3	-41.29
50	20	-38.65	-39.571
51	20	-33.55	-35.887
52	20	-31.07	-32.509
53	20	-25.39	-27.898
54	20	-22.46	-23.585
55	20	-16.25	-18.118
56	20	-12.82	-13.237
57	20	-5.29	-7.12
58	20	-1.99	0
59	20	5.59	0
60	20	10.47	0
61	20	17.78	0
62	20	23.1	0
63	20	31.94	0
64	20	37.53	0
65	20	46.38	0
66	20	52.43	0
67	20	61.47	0
68	20	67.9	0
69	20	77.27	0
70	20	83.65	0
71	20	94.58	0
72	20	102.73	0
73	20	113.66	0
32	21	70.75	0
33	21	54.23	0
34	21	40.37	0
35	21	25.05	0
36	21	14.67	13.898
37	21	2.91	2.841
38	21	-5.46	-4.937
39	21	-15.45	-14.168
40	21	-22.21	-20.526
41	21	-29.89	-28.642
42	21	-33.58	-32.121
43	21	-38.7	-36.188
44	21	-39.83	-37.816
45	21	-43.29	-41.069
46	21	-43.77	-41.759
47	21	-46.43	-44.332
48	21	-45.66	-44.493
49	21	-46.89	-46.552
50	21	-44.53	-44.538
51	21	-43.4	-43.219
52	21	-39.36	-40.38
53	21	-36.84	-38.964
54	21	-32.03	-34.465
55	21	-29.17	-28.504
56	21	-23.84	-25.467
57	21	-20.44	-21.387
58	21	-14.59	-15.77
59	21	-10.99	-11.14
60	21	-4.83	0
61	21	-1.02	0
62	21	6.67	0
63	21	11.68	0
64	21	18.97	0
65	21	24.37	0
66	21	32.16	0
67	21	37.96	0
68	21	46.09	0
69	21	52.34	0
70	21	60.76	0
71	21	67.62	0
72	21	77.04	0
73	21	84.94	0
74	21	94.9	0
75	21	103.72	0
76	21	114.94	0
34	22	63.45	0
35	22	49.64	0
36	22	33.53	0
37	22	22.63	0
38	22	9.21	9.101
39	22	0.58	1.232
40	22	-10.4	-8.85
41	22	-17.48	-15.713
42	22	-26.9	-25.121
43	22	-31.52	-29.32
44	22	-38.83	-37.548
45	22	-40.25	-39.007
46	22	-45.1	-44.125
47	22	-45.86	-44.932
48	22	-49.89	-48.487
49	22	-50.13	-48.558
50	22	-52.3	-51.426
51	22	-50.34	-49.727
52	22	-50.22	-49.464
53	22	-46.56	-46.825
54	22	-45.53	-45.764
55	22	-41.2	-41.805
56	22	-39.58	-39.132
57	22	-34.26	-33.254
58	22	-32.12	-31.568
59	22	-26.47	-26.119
60	22	-23.95	-22.691
61	22	-18	-16.75
62	22	-14.68	0
63	22	-7.55	0
64	22	-4.07	0
65	22	3.59	0
66	22	7.75	0
67	22	15.43	0
68	22	20.41	0
69	22	28.39	0
70	22	33.65	0
71	22	41.82	0
72	22	47.47	0
73	22	57.16	0
74	22	64.43	0
75	22	74.62	0
76	22	82.79	0
77	22	93.69	0
78	22	102.38	0
79	22	111.73	0
80	22	120.75	0
36	23	62.54	0
37	23	45.71	0
38	23	33.84	0
39	23	19.86	0
40	23	10.22	10.33
41	23	-0.89	-0.242
42	23	-9.43	-8.169
43	23	-19.2	-18.024
44	23	-25.27	-23.846
45	23	-32.96	-31.874
46	23	-36.43	-37.074
47	23	-42.36	-42.004
48	23	-45.59	-44.475
49	23	-48.85	-47.956
50	23	-50.49	-49.218
51	23	-52.84	-52.197
52	23	-52.14	-51.437
53	23	-52.25	-51.845
54	23	-49.73	-49.887
55	23	-49.21	-49.147
56	23	-45.76	-46.239
57	23	-44.44	-44.376
58	23	-40.31	-40.38
59	23	-38.49	-37.912
60	23	-33.56	-33.068
61	23	-31.18	-30.357
62	23	-26.17	-25.02
63	23	-23.29	-21.657
64	23	-16.89	0
65	23	-13.49	0
66	23	-7.82	0
67	23	-3.08	0
68	23	3.4	0
69	23	8.08	0
70	23	15.15	0
71	23	20.46	0
72	23	27.63	0
73	23	33.32	0
74	23	42.08	0
75	23	49.41	0
76	23	58.85	0
77	23	66.68	0
78	23	76.33	0
79	23	84.45	0
80	23	94.33	0
81	23	102.91	0
82	23	113.18	0
83	23	122.23	0
38	24	55.65	0
39	24	43.31	0
40	24	28.04	0
41	24	17.7	0
42	24	5.44	5.99
43	24	-3.49	-2.136
44	24	-14.66	-13.535
45	24	-21.08	-19.412
46	24	-30.12	-29.471
47	24	-34.64	-34.552
48	24	-42.51	-42.815
49	24	-46.29	-45.325
50	24	-50.6	-50.254
51	24	-52.76	-51.445
52	24	-56.35	-55.413
53	24	-55.99	-55.281
54	24	-57.47	-56.928
55	24	-55.16	-55.103
56	24	-55.8	-55.289
57	24	-52.64	-52.393
58	24	-52.48	-51.931
59	24	-48.68	-47.851
60	24	-47.91	-46.826
61	24	-42.7	-42.765
62	24	-41.18	-41.172
63	24	-36.03	-35.527
64	24	-34.95	-33.347
65	24	-28.74	-27.6
66	24	-26.33	0
67	24	-20.5	0
68	24	-17.34	0
69	24	-11.09	0
70	24	-7.36	0
71	24	-0.33	0
72	24	4.13	0
73	24	11.23	0
74	24	16.02	0
75	24	24.73	0
76	24	31.21	0
77	24	40.44	0
78	24	47.29	0
79	24	56.85	0
80	24	65.14	0
81	24	74.81	0
82	24	82.57	0
83	24	92.36	0
84	24	100.53	0
85	24	110.96	0
86	24	119.45	0
40	25	56.06	0
41	25	40.12	0
42	25	28.84	0
43	25	15.02	0
44	25	5.47	6.399
45	25	-5.92	-5.114
46	25	-13.8	-12.37
47	25	-23.16	-22.263
48	25	-30.03	-28.997
49	25	-38.58	-37.611
50	25	-42.74	-42.621
51	25	-49.11	-48.237
52	25	-51.49	-50.701
53	25	-55.42	-54.684
54	25	-56.16	-55.551
55	25	-57.7	-57.706
56	25	-56.57	-56.906
57	25	-57.42	-57.485
58	25	-55.5	-55.902
59	25	-55.57	-55.473
60	25	-52.95	-52.914
61	25	-52.15	-51.735
62	25	-48.42	-48.466
63	25	-47.19	-46.752
64	25	-42.98	-43.1
65	25	-40.95	-40.893
66	25	-36.25	-36.496
67	25	-34.48	-33.701
68	25	-29.29	0
69	25	-26.39	0
70	25	-20.94	0
71	25	-17.44	0
72	25	-11.52	0
73	25	-7.38	0
74	25	-1.26	0
75	25	3.38	0
76	25	11.38	0
77	25	17.99	0
78	25	26.46	0
79	25	33.35	0
80	25	42.24	0
81	25	49.42	0
82	25	59.16	0
83	25	67	0
84	25	76.19	0
85	25	83.85	0
86	25	93.54	0
87	25	101.79	0
88	25	111.75	0
89	25	119.89	0
42	26	49.4	0
43	26	37.99	0
44	26	23.62	0
45	26	12.91	13.563
46	26	-0.02	0.755
47	26	-8.12	-6.623
48	26	-18.93	-18.108
49	26	-25.08	-24.582
50	26	-34.6	-34.472
51	26	-40.82	-40.217
52	26	-48.35	-48.329
53	26	-51.93	-50.941
54	26	-57.08	-56.248
55	26	-58.12	-57.475
56	26	-60.72	-60.601
57	26	-60.01	-60.176
58	26	-61.98	-62.149
59	26	-60.19	-60.658
60	26	-61.49	-61.407
61	26	-59.16	-58.917
62	26	-59.41	-58.898
63	26	-56.02	-55.779
64	26	-55.99	-55.079
65	26	-52.41	-51.288
66	26	-51.52	-50.319
67	26	-46.53	-46.575
68	26	-45.36	-44.237
69	26	-40.23	-39.402
70	26	-38.25	0
71	26	-33.08	0
72	26	-30.56	0
73	26	-24.74	0
74	26	-21.61	0
75	26	-15.59	0
76	26	-11.98	0
77	26	-3.97	0
78	26	1.85	0
79	26	10.08	0
80	26	16.55	0
81	26	25.49	0
82	26	31.98	0
83	26	41.16	0
84	26	48.57	0
85	26	57.77	0
86	26	64.45	0
87	26	74.04	0
88	26	81.63	0
89	26	91.22	0
90	26	98.68	0
91	26	109.43	0
92	26	116.36	0
44	27	50.51	0
45	27	34.72	0
46	27	23.33	0
47	27	9.58	0
48	27	0.26	1.639
49	27	-11.21	-9.576
50	27	-18.71	-17.195
51	27	-28.68	-27.274
52	27	-35.08	-33.916
53	27	-43.78	-42.639
54	27	-48.21	-48.005
55	27	-54.92	-54.024
56	27	-56.56	-56.035
57	27	-59.8	-59.34
58	27	-59.9	-59.841
59	27	-61.97	-62.224
60	27	-61.39	-61.644
61	27	-62.7	-62.895
62	27	-61.17	-61.428
63	27	-61.8	-61.837
64	27	-59.49	-59.789
65	27	-59.61	-59.164
66	27	-56.92	-56.052
67	27	-56.24	-55.321
68	27	-52.58	-51.828
69	27	-51.44	-51.046
70	27	-47.38	-46.752
71	27	-45.5	-44.963
72	27	-41.22	-40.604
73	27	-38.83	0
74	27	-34.02	0
75	27	-31.17	0
76	27	-26.07	0
77	27	-22.48	0
78	27	-15.36	0
79	27	-9.68	0
80	27	-2.05	0
81	27	4.18	0
82	27	12.34	0
83	27	18.72	0
84	27	27.49	0
85	27	34.78	0
86	27	43.11	0
87	27	49.91	0
88	27	58.6	0
89	27	65.96	0
90	27	74.96	0
91	27	82.19	0
92	27	92.22	0
93	27	100.32	0
94	27	109.53	0
95	27	117.79	0
96	27	127.66	0
46	28	44.73	0
47	28	32.2	0
48	28	17.59	0
49	28	7.83	0
50	28	-4.66	-3.791
51	28	-12.38	-11.439
52	28	-23.57	-22.654
53	28	-30.4	-29.379
54	28	-40.4	-39.206
55	28	-46.39	-45.33
56	28	-54.4	-53.9
57	28	-56.88	-56.075
58	28	-60.84	-60.223
59	28	-61.3	-61.151
60	28	-64.64	-64.468
61	28	-64.18	-64.217
62	28	-66.44	-66.743
63	28	-65.26	-65.509
64	28	-66.96	-67.096
65	28	-65.23	-65.123
66	28	-66.27	-66.029
67	28	-64.12	-63.742
68	28	-64.31	-63.486
69	28	-60.41	-60.378
70	28	-60.47	-59.485
71	28	-56.32	-55.89
72	28	-55.19	-54.679
73	28	-51.09	-50.226
74	28	-49.52	-48.522
75	28	-45.13	-43.808
76	28	-43.12	-41.61
77	28	-38.13	-36.487
78	28	-36.04	-33.72
79	28	-28.49	0
80	28	-24.12	0
81	28	-16.22	0
82	28	-11.16	0
83	28	-2.51	0
84	28	3.21	0
85	28	11.68	0
86	28	18.35	0
87	28	26.81	0
88	28	32.82	0
89	28	41.43	0
90	28	47.92	0
91	28	56.83	0
92	28	63.58	0
93	28	73.09	0
94	28	80.57	0
95	28	90.14	0
96	28	97.41	0
97	28	107.1	0
98	28	114.88	0
99	28	124.74	0
48	29	44.97	0
49	29	29.68	0
50	29	19.13	0
51	29	5.94	0
52	29	-2.78	-2.627
53	29	-14.28	-13.46
54	29	-21.97	-21.694
55	29	-32.2	-31.624
56	29	-38.65	-38.601
57	29	-47.74	-47.305
58	29	-50.88	-51.66
59	29	-56.15	-56.352
60	29	-57.63	-58.341
61	29	-61.22	-61.98
62	29	-61.95	-62.795
63	29	-64.63	-65.576
64	29	-64.43	-65.421
65	29	-66.51	-67.26
66	29	-65.57	-66.254
67	29	-66.94	-67.3
68	29	-65.24	-65.542
69	29	-65.73	-65.74
70	29	-63.26	-62.96
71	29	-63.22	-62.764
72	29	-60.38	-60.063
73	29	-59.74	-59.159
74	29	-56.49	-55.703
75	29	-55.25	-54.306
76	29	-51.52	-50.31
77	29	-49.68	-48.484
78	29	-45.52	-43.957
79	29	-42.95	-41.656
80	29	-36.82	-35.499
81	29	-32.14	0
82	29	-25.29	0
83	29	-20.33	0
84	29	-13.11	0
85	29	-7.67	0
86	29	0.04	0
87	29	6.55	0
88	29	14.26	0
89	29	19.9	0
90	29	27.81	0
91	29	34.4	0
92	29	42.49	0
93	29	49.19	0
94	29	58.21	0
95	29	65.67	0
96	29	74.64	0
97	29	81.89	0
98	29	90.96	0
99	29	98.51	0
100	29	108.34	0
101	29	116.71	0
102	29	126.4	0
51	30	29.04	0
52	30	15.18	0
53	30	6.18	0
54	30	-6.7	-6.567
55	30	-14.62	-14.923
56	30	-25.95	-25.728
57	30	-32.89	-32.686
58	30	-42.47	-42.293
59	30	-46.8	-47.257
60	30	-53.6	-54.183
61	30	-55.53	-56.342
62	30	-60.33	-61.167
63	30	-61.27	-62.209
64	30	-65.07	-66
65	30	-65.32	-65.908
66	30	-68.34	-68.896
67	30	-67.72	-67.877
68	30	-69.95	-70.004
69	30	-68.37	-68.415
70	30	-69.92	-69.559
71	30	-67.56	-67.322
72	30	-68.54	-68.128
73	30	-65.88	-65.41
74	30	-66.56	-65.709
75	30	-63.43	-62.468
76	30	-63.13	-62.043
77	30	-59.44	-58.604
78	30	-58.51	-57.222
79	30	-54.28	-53.938
80	30	-52.62	-51.777
81	30	-46.7	-46.128
82	30	-42.79	-42.066
83	30	-36.26	0
84	30	-32.18	0
85	30	-25.27	0
86	30	-20.72	0
87	30	-13	0
88	30	-7.58	0
89	30	0.25	0
90	30	5.25	0
91	30	13.3	0
92	30	19.1	0
93	30	26.89	0
94	30	32.87	0
95	30	41.66	0
96	30	48.48	0
97	30	57.33	0
98	30	63.84	0
99	30	72.48	0
100	30	79.38	0
101	30	89.41	0
102	30	97.17	0
103	30	106.79	0
104	30	114.54	0
105	30	124.36	0
53	31	27.9	0
54	31	17.64	0
55	31	4.68	0
56	31	-4.4	-4.741
57	31	-15.73	-15.901
58	31	-23.83	-23.986
59	31	-33.78	-34.121
60	31	-39.03	-39.998
61	31	-46.22	-47.348
62	31	-49.83	-51.996
63	31	-55.42	-56.689
64	31	-57.65	-58.835
65	31	-61.74	-62.653
66	31	-62.96	-63.721
67	31	-65.92	-66.877
68	31	-66.38	-67.083
69	31	-68.75	-69.321
70	31	-68.35	-68.905
71	31	-69.94	-70.137
72	31	-68.64	-68.587
73	31	-69.71	-69.704
74	31	-68.34	-68.054
75	31	-68.85	-68.464
76	31	-66.61	-66.203
77	31	-66.48	-65.874
78	31	-63.76	-63.662
79	31	-62.96	-62.488
80	31	-59.74	-59.068
81	31	-57.9	-57.983
82	31	-53.08	-52.946
83	31	-49.16	-49.49
84	31	-43.55	-44.395
85	31	-39.58	0
86	31	-33.38	0
87	31	-28.95	0
88	31	-22.29	0
89	31	-17.26	0
90	31	-10.18	0
91	31	-5.34	0
92	31	1.79	0
93	31	7.27	0
94	31	14.77	0
95	31	20.93	0
96	31	29.16	0
97	31	35.53	0
98	31	43.59	0
99	31	50.06	0
100	31	58.15	0
101	31	64.9	0
102	31	73.89	0
103	31	81.5	0
104	31	90.57	0
105	31	98.18	0
106	31	107.28	0
107	31	114.25	0
108	31	123.36	0
55	32	27.47	0
56	32	13.35	0
57	32	4.02	0
58	32	-8.37	-8.374
59	32	-16.59	-17
60	32	-27.38	-27.768
61	32	-33.22	-33.729
62	32	-41.36	-42.243
63	32	-45.86	-46.91
64	32	-53.04	-54.425
65	32	-55.58	-56.411
66	32	-60.78	-61.621
67	32	-62.12	-62.654
68	32	-66.48	-66.977
69	32	-66.83	-67.094
70	32	-70.17	-70.56
71	32	-69.95	-69.905
72	32	-72.51	-72.586
73	32	-71.5	-71.297
74	32	-73.34	-73.422
75	32	-71.72	-71.856
76	32	-73.6	-73.213
77	32	-71.53	-71.214
78	32	-72.36	-71.862
79	32	-69.79	-69.488
80	32	-69.82	-69.448
81	32	-66.48	-66.303
82	32	-65.49	-65.623
83	32	-60.78	-61.004
84	32	-58.06	-58.395
85	32	-52.47	-53.384
86	32	-49.33	-50.049
87	32	-43.32	0
88	32	-39.65	0
89	32	-33.2	0
90	32	-29.07	0
91	32	-22.19	0
92	32	-17.83	0
93	32	-11.03	0
94	32	-6.22	0
95	32	1.29	0
96	32	6.61	0
97	32	14.51	0
98	32	20	0
99	32	27.85	0
100	32	33.52	0
101	32	41.52	0
102	32	47.71	0
103	32	56.6	0
104	32	63.54	0
105	32	72.41	0
106	32	79.39	0
107	32	88.52	0
108	32	95.77	0
109	32	104.3	0
110	32	111.82	0
111	32	121.12	0
112	32	128.93	0
57	33	25.99	0
58	33	15.47	0
59	33	2.86	0
60	33	-6.25	-6.399
61	33	-17.27	-18.052
62	33	-24.05	-24.964
63	33	-32.72	-33.823
64	33	-38.35	-39.521
65	33	-45.88	-47.056
66	33	-49.97	-52.071
67	33	-55.96	-56.644
68	33	-58.46	-58.877
69	33	-63.03	-63.081
70	33	-64.33	-64.34
71	33	-67.78	-67.892
72	33	-68.58	-68.229
73	33	-71.23	-70.956
74	33	-71.24	-70.86
75	33	-73.23	-73.032
76	33	-72.51	-72.29
77	33	-74.36	-73.916
78	33	-73.23	-72.816
79	33	-74.26	-73.636
80	33	-72.63	-72.118
81	33	-72.7	-72.533
82	33	-70.52	-70.323
83	33	-69.58	-69.88
84	33	-65.67	-66.08
85	33	-63.05	-63.519
86	33	-58.2	-59.401
87	33	-55.12	-56.281
88	33	-49.89	-51.642
89	33	-46.38	-47.292
90	33	-40.77	0
91	33	-36.82	0
92	33	-30.76	0
93	33	-26.46	0
94	33	-20.33	0
95	33	-15.69	0
96	33	-8.95	0
97	33	-3.72	0
98	33	3.21	0
99	33	8.52	0
100	33	15.55	0
101	33	21.35	0
102	33	28.69	0
103	33	34.64	0
104	33	42.81	0
105	33	49.55	0
106	33	57.86	0
107	33	64.73	0
108	33	73.08	0
109	33	80.34	0
110	33	88.59	0
111	33	96.14	0
112	33	104.78	0
113	33	112.34	0
114	33	119.06	0
115	33	126.63	0
59	34	25.08	0
60	34	11.39	0
61	34	2.03	0
62	34	-9.77	0
63	34	-16.93	0
64	34	-26.65	0
65	34	-32.56	-32.919
66	34	-41.17	-41.722
67	34	-46.05	-46.491
68	34	-53.55	-54.148
69	34	-56.33	-56.297
70	34	-61.87	-61.94
71	34	-63.39	-63.464
72	34	-67.77	-67.894
73	34	-68.56	-68.216
74	34	-72.32	-72.213
75	34	-72.5	-72.169
76	34	-75.49	-75.252
77	34	-74.93	-74.599
78	34	-77.46	-77.026
79	34	-76.51	-75.917
80	34	-78.45	-77.759
81	34	-77.01	-76.389
82	34	-78.11	-77.593
83	34	-75.72	-75.34
84	34	-75.68	-75.95
85	34	-71.78	-72.429
86	34	-70.18	-70.541
87	34	-65.41	-66.582
88	34	-63.17	-63.878
89	34	-58.14	-59.597
90	34	-55.44	-56.43
91	34	-49.91	-50.888
92	34	-46.82	-47.199
93	34	-40.94	0
94	34	-37.5	0
95	34	-31.51	0
96	34	-27.56	0
97	34	-20.95	0
98	34	-16.44	0
99	34	-9.67	0
100	34	-5.36	0
101	34	1.57	0
102	34	6.7	0
103	34	13.9	0
104	34	19.27	0
105	34	27.3	0
106	34	33.43	0
107	34	41.62	0
108	34	47.78	0
109	34	56.23	0
110	34	62.9	0
111	34	71.29	0
112	34	77.7	0
113	34	86.49	0
114	34	93.49	0
115	34	100.31	0
116	34	107.45	0
117	34	117.57	0
118	34	126.43	0
61	35	23.96	0
62	35	14.19	0
63	35	1.58	0
64	35	-6.6	0
65	35	-16.71	0
66	35	-23.58	0
67	35	-32.48	-32.798
68	35	-38.43	-38.892
69	35	-46.35	-46.409
70	35	-50.58	-51.59
71	35	-56.79	-56.592
72	35	-59.45	-59.153
73	35	-63.81	-63.533
74	35	-65.91	-65.306
75	35	-69.4	-69.139
76	35	-70.62	-70.289
77	35	-73.73	-73.234
78	35	-74.12	-73.452
79	35	-76.2	-76.068
80	35	-76.48	-75.889
81	35	-78.66	-77.974
82	35	-78.15	-77.496
83	35	-79.44	-79.009
84	35	-77.86	-77.776
85	35	-78.22	-78.611
86	35	-75.1	-75.64
87	35	-73.51	-73.857
88	35	-69.62	-70.732
89	35	-67.23	-68.57
90	35	-63.01	-64.613
91	35	-60.52	-61.511
92	35	-55.83	-56.583
93	35	-52.82	-53.002
94	35	-48.04	-47.804
95	35	-44.71	0
96	35	-39.51	0
97	35	-35.72	0
98	35	-29.83	0
99	35	-25.46	0
100	35	-19.38	0
101	35	-14.98	0
102	35	-8.72	0
103	35	-3.87	0
104	35	2.81	0
105	35	8.15	0
106	35	15.48	0
107	35	21.5	0
108	35	29.12	0
109	35	35.41	0
110	35	44.34	0
111	35	50.96	0
112	35	57.17	0
113	35	63.75	0
114	35	71.66	0
115	35	78.54	0
116	35	84.55	0
117	35	91.52	0
118	35	101.17	0
119	35	109.96	0
120	35	120.63	0
121	35	129.85	0
63	36	23.84	0
64	36	10.2	0
65	36	1.72	0
66	36	-9.41	0
67	36	-16.44	0
68	36	-26.39	0
69	36	-32.55	-32.304
70	36	-41.5	-40.976
71	36	-46.39	-46.1
72	36	-54.03	-54.113
73	36	-56.86	-56.885
74	36	-62.87	-62.17
75	36	-64.83	-64.242
76	36	-69.56	-68.979
77	36	-69.96	-70.171
78	36	-74.16	-74.16
79	36	-74.78	-74.442
80	36	-77.5	-77.893
81	36	-77.83	-77.694
82	36	-80.88	-80.589
83	36	-80.92	-79.982
84	36	-82.86	-82.431
85	36	-81.68	-81.481
86	36	-83	-83.266
87	36	-79.93	-80.71
88	36	-79.1	-79.692
89	36	-75.24	-76.725
90	36	-73.69	-74.963
91	36	-69.61	-71.313
92	36	-67.95	-68.788
93	36	-63.33	-64.026
94	36	-61.31	-61.141
95	36	-56.71	-56.039
96	36	-54.16	-53.03
97	36	-49.11	-47.916
98	36	-46.04	0
99	36	-40.31	0
100	36	-36.71	0
101	36	-30.72	0
102	36	-26.93	0
103	36	-20.77	0
104	36	-16.76	0
105	36	-10.04	0
106	36	-5.39	0
107	36	1.82	0
108	36	7.4	0
109	36	14.91	0
110	36	21.65	0
111	36	29.64	0
112	36	35.6	0
113	36	41.5	0
114	36	47.4	0
115	36	55.2	0
116	36	61.1	0
117	36	67.64	0
118	36	73.83	0
119	36	83.49	0
120	36	91.71	0
121	36	102.13	0
122	36	110.81	0
123	36	121.1	0
124	36	130.4	0
66	37	13.7	0
67	37	2.21	0
68	37	-5.77	0
69	37	-15.92	0
70	37	-23.38	0
71	37	-32.51	-32.304
72	37	-38.3	-38.117
73	37	-46.43	-46.234
74	37	-51.16	-51.726
75	37	-57.79	-57.222
76	37	-61.01	-60.481
77	37	-65.68	-64.826
78	37	-67.65	-66.936
79	37	-70.72	-70.797
80	37	-72.22	-72.173
81	37	-75.24	-75.456
82	37	-76.36	-76.189
83	37	-79.62	-79.073
84	37	-80.23	-79.75
85	37	-82.65	-82.168
86	37	-82.43	-82.747
87	37	-83.91	-84.595
88	37	-81.65	-82.606
89	37	-80.86	-81.711
90	37	-77.7	-79.355
91	37	-76.29	-77.748
92	37	-73.11	-74.775
93	37	-71.59	-72.626
94	37	-67.89	-68.551
95	37	-66.04	-65.839
96	37	-62.26	-61.214
97	37	-59.9	-58.365
98	37	-55.58	-54.303
99	37	-52.61	-50.84
100	37	-47.65	-46.696
101	37	-44.13	-43.598
102	37	-38.86	-37.996
103	37	-35.12	0
104	37	-29.56	0
105	37	-25.65	0
106	37	-19.74	0
107	37	-14.99	0
108	37	-8.65	0
109	37	-3.19	0
110	37	4.03	0
111	37	10.57	0
112	37	18.01	0
113	37	22.26	0
114	37	29.11	0
115	37	34.8	0
116	37	42.01	0
117	37	47.79	0
118	37	53.74	0
119	37	59.72	0
120	37	68.9	0
121	37	76.97	0
122	37	86.94	0
123	37	95.4	0
124	37	105.34	0
125	37	114.48	0
126	37	125.42	0
127	37	133.43	0
128	37	143.15	0
68	38	10.57	0
69	38	2.43	0
70	38	-8.72	0
71	38	-15.85	0
72	38	-26.07	0
73	38	-32.38	-31.699
74	38	-41.62	-40.697
75	38	-47.04	-46.649
76	38	-54.97	-54.39
77	38	-58.35	-57.975
78	38	-64.06	-63.175
79	38	-66.15	-65.477
80	38	-68.84	-70.305
81	38	-70.65	-71.527
82	38	-75.5	-76.009
83	38	-76.77	-76.797
84	38	-80.88	-80.644
85	38	-81.61	-81.103
86	38	-85.02	-84.522
87	38	-85.01	-84.878
88	38	-87.54	-87.92
89	38	-85.21	-86.207
90	38	-85.12	-85.942
91	38	-82.05	-83.639
92	38	-81.23	-82.875
93	38	-77.99	-80.088
94	38	-77.55	-78.842
95	38	-74.19	-75.117
96	38	-73.01	-72.954
97	38	-69.31	-68.792
98	38	-67.71	-66.629
99	38	-63.46	-62.117
100	38	-61.29	-60.219
101	38	-56.47	-55.408
102	38	-53.69	-53.078
103	38	-48.51	-47.553
104	38	-45.45	-44.404
105	38	-40.04	0
106	38	-36.74	0
107	38	-30.86	0
108	38	-26.8	0
109	38	-20.32	0
110	38	-15.34	0
111	38	-8.38	0
112	38	-2.73	0
113	38	3.47	0
114	38	8.08	0
115	38	14.85	0
116	38	20.04	0
117	38	27.18	0
118	38	32.4	0
119	38	38.2	0
120	38	43.66	0
121	38	52.85	0
122	38	60.41	0
123	38	69.99	0
124	38	78.1	0
125	38	87.88	0
126	38	97.04	0
127	38	107.55	0
128	38	114.98	0
129	38	125.01	0
130	38	132.79	0
131	38	142.58	0
70	39	13.76	0
71	39	2.51	0
72	39	-5.78	0
73	39	-16.01	0
74	39	-23.35	0
75	39	-32.77	0
76	39	-39.18	0
77	39	-47.42	-46.929
78	39	-52.11	-52.629
79	39	-58.5	-58.357
80	39	-61.44	-63.358
81	39	-66.13	-66.016
82	39	-66.79	-68.193
83	39	-71.82	-72.328
84	39	-73.93	-74.158
85	39	-78.22	-77.848
86	39	-79.82	-79.282
87	39	-83.41	-83.017
88	39	-84.19	-84.297
89	39	-87.12	-87.702
90	39	-85.41	-86.488
91	39	-85.41	-86.346
92	39	-83.07	-84.815
93	39	-82.57	-84.224
94	39	-79.91	-82.35
95	39	-79.43	-81.204
96	39	-76.82	-78.341
97	39	-76.06	-76.26
98	39	-73.09	-72.452
99	39	-71.7	-70.202
100	39	-68.15	-67.294
101	39	-66.11	-64.913
102	39	-62.01	-61.893
103	39	-59.34	-58.74
104	39	-54.88	-54.539
105	39	-51.89	-51.148
106	39	-47.16	-46.37
107	39	-43.92	0
108	39	-38.78	0
109	39	-34.83	0
110	39	-28.93	0
111	39	-24.2	0
112	39	-17.43	0
113	39	-12.76	0
114	39	-6.44	0
115	39	-1.92	0
116	39	4.09	0
117	39	9.15	0
118	39	15.66	0
119	39	21.1	0
120	39	26.39	0
121	39	31.47	0
122	39	40.17	0
123	39	47.65	0
124	39	56.72	0
125	39	64.77	0
126	39	74.05	0
127	39	82.79	0
128	39	92.72	0
129	39	100.3	0
130	39	109.44	0
131	39	117.4	0
132	39	126.55	0
133	39	134.84	0
134	39	144.5	0
72	40	11.34	0
73	40	2.98	0
74	40	-8.3	0
75	40	-15.84	0
76	40	-26.07	0
77	40	-32.69	0
78	40	-41.82	0
79	40	-47.18	-47.357
80	40	-54.84	-55.377
81	40	-58.01	-58.856
82	40	-61.74	-64.193
83	40	-64.61	-66.46
84	40	-70.53	-71.492
85	40	-72.82	-73.155
86	40	-77.96	-77.805
87	40	-79.72	-79.348
88	40	-84.19	-83.624
89	40	-85.24	-84.869
90	40	-88.98	-88.768
91	40	-87.33	-87.891
92	40	-88.16	-88.455
93	40	-85.94	-87.117
94	40	-86	-87.266
95	40	-83.6	-85.658
96	40	-83.69	-85.441
97	40	-81.08	-82.949
98	40	-81.04	-81.276
99	40	-78.16	-77.769
100	40	-77.53	-76.604
101	40	-74.13	-73.458
102	40	-72.83	-71.743
103	40	-68.82	-68.374
104	40	-66.89	-66.341
105	40	-62.49	-62.364
106	40	-60.16	-59.699
107	40	-55.56	-55.089
108	40	-52.97	-51.903
109	40	-47.97	0
110	40	-44.62	0
111	40	-38.86	0
112	40	-34.87	0
113	40	-28.15	0
114	40	-24.43	0
115	40	-18.49	0
116	40	-14.52	0
117	40	-8.54	0
118	40	-4.18	0
119	40	2.25	0
120	40	7.1	0
121	40	12.36	0
122	40	16.81	0
123	40	25.5	0
124	40	32.39	0
125	40	41.44	0
126	40	48.87	0
127	40	58.56	0
128	40	66.78	0
129	40	76.38	0
130	40	83.62	0
131	40	92.47	0
132	40	100	0
133	40	109.24	0
134	40	116.91	0
135	40	126.56	0
136	40	134.49	0
137	40	144.18	0
74	41	14.39	0
75	41	3.47	0
76	41	-4.97	0
77	41	-15.46	0
78	41	-22.94	0
79	41	-32.41	0
80	41	-38.71	0
81	41	-46.55	-47.46
82	41	-51.02	-52.974
83	41	-56.89	-58.96
84	41	-59.25	-61.879
85	41	-65.35	-67.155
86	41	-68.51	-69.827
87	41	-73.8	-74.183
88	41	-76.41	-76.074
89	41	-81.03	-80.578
90	41	-82.88	-82.657
91	41	-86.62	-86.638
92	41	-86.07	-86.449
93	41	-86.97	-87.209
94	41	-85.53	-86.365
95	41	-85.8	-86.782
96	41	-84.27	-85.604
97	41	-84.44	-85.607
98	41	-82.42	-83.526
99	41	-82.39	-82.327
100	41	-80.16	-79.939
101	41	-79.73	-78.943
102	41	-77.08	-76.348
103	41	-75.94	-75.319
104	41	-72.63	-72.229
105	41	-70.76	-70.855
106	41	-67.01	-66.891
107	41	-64.76	-64.916
108	41	-60.73	-60.538
109	41	-58.24	-58.097
110	41	-53.9	-53.393
111	41	-50.71	0
112	41	-45.63	0
113	41	-41.2	0
114	41	-35.87	0
115	41	-32.22	0
116	41	-27.05	0
117	41	-23.14	0
118	41	-17.79	0
119	41	-13.49	0
120	41	-7.74	0
121	41	-2.88	0
122	41	1.44	0
123	41	6.15	0
124	41	14.14	0
125	41	20.97	0
126	41	29.51	0
127	41	36.72	0
128	41	46.2	0
129	41	54.11	0
130	41	63.08	0
131	41	70.29	0
132	41	78.69	0
133	41	86.1	0
134	41	94.85	0
135	41	102.49	0
136	41	111.56	0
137	41	119.43	0
138	41	128.59	0
139	41	136.59	0
140	41	145.83	0
77	42	3.59	0
78	42	-7.05	0
79	42	-14.1	0
80	42	-25.37	0
81	42	-31.76	0
82	42	-39.59	0
83	42	-44.99	-47.748
84	42	-51.84	-55.806
85	42	-55.75	-59.066
86	42	-62.72	-64.557
87	42	-66.03	-67.695
88	42	-72.2	-72.701
89	42	-74.96	-75.003
90	42	-80.44	-80.168
91	42	-82.42	-82.204
92	42	-87.17	-86.805
93	42	-86.59	-86.804
94	42	-88.34	-88.41
95	42	-87.03	-87.708
96	42	-88.2	-88.791
97	42	-86.64	-87.541
98	42	-87.44	-88.112
99	42	-85.47	-85.966
100	42	-85.99	-86.184
101	42	-83.71	-83.512
102	42	-83.8	-83.558
103	42	-81.27	-80.849
104	42	-80.77	-80.334
105	42	-77.66	-77.34
106	42	-76.52	-76.257
107	42	-72.86	-72.941
108	42	-71.28	-70.818
109	42	-67.36	-67.245
110	42	-65.57	-65.456
111	42	-61.31	-61.004
112	42	-58.78	-58.833
113	42	-53.14	-53.999
114	42	-50.47	0
115	42	-45.52	0
116	42	-42.55	0
117	42	-37.43	0
118	42	-34.12	0
119	42	-28.85	0
120	42	-25.19	0
121	42	-19.57	0
122	42	-15.34	0
123	42	-11.06	0
124	42	-7.17	0
125	42	0.77	0
126	42	7.16	0
127	42	15.57	0
128	42	22.39	0
129	42	32.27	0
130	42	39.15	0
131	42	48.07	0
132	42	54.83	0
133	42	63.35	0
134	42	70.24	0
135	42	78.98	0
136	42	86.12	0
137	42	95.18	0
138	42	102.5	0
139	42	111.68	0
140	42	119.2	0
141	42	128.43	0
142	42	136.03	0
143	42	145.19	0
144	42	152.83	0
79	43	4.14	0
80	43	-3.93	0
81	43	-14.12	0
82	43	-21.25	0
83	43	-30.65	0
84	43	-36.95	0
85	43	-43.89	-47.562
86	43	-49.02	-53.207
87	43	-56.54	-59.122
88	43	-60.65	-62.568
89	43	-67.02	-67.493
90	43	-70.6	-71.207
91	43	-76.22	-75.984
92	43	-79	-78.935
93	43	-83.88	-83.603
94	43	-84.06	-84.155
95	43	-85.93	-86.017
96	43	-85.38	-85.818
97	43	-86.95	-87.221
98	43	-86.04	-86.428
99	43	-86.9	-87.323
100	43	-85.64	-86.016
101	43	-86.09	-86.336
102	43	-84.53	-84.568
103	43	-84.75	-84.599
104	43	-82.73	-82.489
105	43	-82.32	-82.29
106	43	-79.8	-79.777
107	43	-78.86	-79.101
108	43	-75.89	-75.935
109	43	-73.69	-74.537
110	43	-70.46	-71.362
111	43	-68.85	-69.815
112	43	-65.21	-65.913
113	43	-63.06	-63.966
114	43	-58.89	-59.727
115	43	-56.31	-57.492
116	43	-51.97	0
117	43	-49.05	0
118	43	-44.6	0
119	43	-41.39	0
120	43	-36.69	0
121	43	-33.14	0
122	43	-28.09	0
123	43	-23.95	0
124	43	-20.28	0
125	43	-16.5	0
126	43	-9.13	0
127	43	-2.81	0
128	43	5.08	0
129	43	12.09	0
130	43	21.03	0
131	43	27.83	0
132	43	36.18	0
133	43	42.99	0
134	43	50.99	0
135	43	57.69	0
136	43	66.04	0
137	43	73.12	0
138	43	81.64	0
139	43	88.83	0
140	43	97.54	0
141	43	105.09	0
142	43	113.79	0
143	43	121.32	0
144	43	130.06	0
145	43	137.76	0
146	43	147.14	0
147	43	155.86	0
81	44	4.83	0
82	44	-6.24	0
83	44	-12.24	0
84	44	-22.44	0
85	44	-28.92	0
86	44	-38.44	0
87	44	-44.1	-47.339
88	44	-52.79	-55.498
89	44	-57.1	-59.513
90	44	-64.29	-65.409
91	44	-68.01	-68.579
92	44	-74.48	-74.408
93	44	-77.39	-77.266
94	44	-83.08	-82.568
95	44	-83.32	-83.45
96	44	-85.97	-86.072
97	44	-85.54	-86.112
98	44	-87.88	-88.224
99	44	-87.11	-87.617
100	44	-88.68	-89.219
101	44	-87.52	-87.95
102	44	-88.63	-89.098
103	44	-87.06	-87.259
104	44	-87.82	-88.091
105	44	-85.79	-85.93
106	44	-86.01	-86.324
107	44	-83.58	-83.921
108	44	-83.26	-83.655
109	44	-80.43	-80.852
110	44	-79.41	-80.14
111	44	-76.3	-76.792
112	44	-75.35	-75.617
113	44	-71.81	-72.154
114	44	-70.32	-70.894
115	44	-66.24	-66.779
116	44	-64.29	-65.056
117	44	-60.04	-60.743
118	44	-57.81	-58.656
119	44	-53.41	0
120	44	-50.84	0
121	44	-46.31	0
122	44	-43.37	0
123	44	-38.45	0
124	44	-35.8	0
125	44	-31.63	0
126	44	-28.43	0
127	44	-21.08	0
128	44	-15.33	0
129	44	-7.5	0
130	44	-1.35	0
131	44	7.72	0
132	44	14.21	0
133	44	22.49	0
134	44	28.94	0
135	44	37.01	0
136	44	43.25	0
137	44	51.56	0
138	44	58.11	0
139	44	66.58	0
140	44	73.29	0
141	44	81.92	0
142	44	88.92	0
143	44	97.67	0
144	44	104.75	0
145	44	113.57	0
146	44	120.76	0
147	44	130.18	0
148	44	138.22	0
149	44	148.07	0
150	44	156.12	0
83	45	4.91	0
84	45	-2.38	0
85	45	-12.71	0
86	45	-19.93	0
87	45	-29.66	0
88	45	-36.11	0
89	45	-44.99	-47.152
90	45	-50.43	-53.216
91	45	-58.13	-59.103
92	45	-62.58	-63.36
93	45	-69.2	-69.173
94	45	-72.87	-72.938
95	45	-78.68	-78.34
96	45	-79.82	-79.626
97	45	-82.7	-82.589
98	45	-83.22	-83.167
99	45	-85.33	-85.574
100	45	-85.33	-85.589
101	45	-86.99	-87.408
102	45	-86.53	-86.775
103	45	-87.73	-88.022
104	45	-86.68	-86.95
105	45	-87.35	-87.847
106	45	-86.18	-86.364
107	45	-86.33	-86.861
108	45	-84.72	-85.017
109	45	-84.01	-85.012
110	45	-81.95	-82.95
111	45	-81.6	-82.288
112	45	-79.15	-80.137
113	45	-78.31	-78.786
114	45	-75.4	-76.994
115	45	-74.03	-74.403
116	45	-70.57	-71.961
117	45	-68.76	-69.536
118	45	-65.1	-65.736
119	45	-62.94	-63.938
120	45	-59.19	-59.821
121	45	-56.79	-57.678
122	45	-52.83	0
123	45	-50.05	0
124	45	-45.71	0
125	45	-43.16	0
126	45	-39.55	0
127	45	-36.5	0
128	45	-29.62	0
129	45	-24.02	0
130	45	-16.76	0
131	45	-10.17	0
132	45	-2.1	0
133	45	4.26	0
134	45	12.03	0
135	45	18.37	0
136	45	26.07	0
137	45	32.2	0
138	45	39.88	0
139	45	46.47	0
140	45	54.41	0
141	45	61.01	0
142	45	69.14	0
143	45	76.08	0
144	45	84.24	0
145	45	91.33	0
146	45	99.71	0
147	45	106.96	0
148	45	115.86	0
149	45	123.93	0
150	45	133.12	0
151	45	141.15	0
152	45	150.34	0
153	45	158.34	0
86	46	-4.96	0
87	46	-12.35	0
88	46	-22.89	0
89	46	-29.51	0
90	46	-39.23	0
91	46	-45.16	-47.059
92	46	-54.03	-55.498
93	46	-58.68	-59.699
94	46	-66.27	-66.35
95	46	-69.98	-70.151
96	46	-76.69	-76.176
97	46	-77.84	-77.799
98	46	-81.55	-81.3
99	46	-81.83	-82.188
100	46	-84.88	-85.227
101	46	-85.03	-85.428
102	46	-87.43	-87.926
103	46	-87.01	-87.479
104	46	-88.89	-89.391
105	46	-87.94	-88.414
106	46	-89.3	-89.905
107	46	-88.05	-88.372
108	46	-88.95	-89.522
109	46	-87.39	-87.604
110	46	-87.91	-88.35
111	46	-85.46	-86.029
112	46	-85.8	-86.337
113	46	-83.45	-83.693
114	46	-83.28	-83.494
115	46	-80.41	-80.403
116	46	-79.75	-79.961
117	46	-76.35	-76.532
118	46	-75.2	-75.466
119	46	-71.67	-72.023
120	46	-70.31	-70.766
121	46	-66.6	-66.9
122	46	-64.83	-65.391
123	46	-60.85	-61.236
124	46	-59.04	0
125	46	-55.16	0
126	46	-53.37	0
127	46	-49.45	0
128	46	-46.84	0
129	46	-40.23	0
130	46	-35.2	0
131	46	-27.93	0
132	46	-22.4	0
133	46	-13.92	0
134	46	-7.99	0
135	46	-0.12	0
136	46	5.6	0
137	46	13.43	0
138	46	19.12	0
139	46	26.76	0
140	46	32.69	0
141	46	40.67	0
142	46	46.84	0
143	46	54.95	0
144	46	61.39	0
145	46	69.58	0
146	46	76.17	0
147	46	84.62	0
148	46	91.41	0
149	46	100.25	0
150	46	107.69	0
151	46	116.86	0
152	46	124.4	0
153	46	133.57	0
154	46	141.03	0
155	46	150.23	0
156	46	157.78	0
88	47	-2.49	0
89	47	-13.22	0
90	47	-20.66	0
91	47	-30.54	0
92	47	-37.2	0
93	47	-46.25	0
94	47	-52.02	-53.3
95	47	-59.94	-60.1
96	47	-64.56	-64.571
97	47	-71.14	-70.794
98	47	-73.37	-72.88
99	47	-77.08	-76.758
100	47	-78.31	-78.181
101	47	-81.33	-81.224
102	47	-82.28	-81.971
103	47	-84.66	-84.792
104	47	-84.85	-85.112
105	47	-86.82	-87.068
106	47	-86.54	-86.94
107	47	-87.92	-88.405
108	47	-87.21	-87.604
109	47	-88.21	-88.72
110	47	-87.15	-87.458
111	47	-87.79	-88.217
112	47	-86.17	-86.625
113	47	-86.56	-87.033
114	47	-84.89	-84.945
115	47	-84.82	-84.987
116	47	-82.57	-82.568
117	47	-82.03	-82.266
118	47	-79.21	-79.566
119	47	-78.31	-78.557
120	47	-75.19	-75.648
121	47	-73.94	-74.658
122	47	-70.75	-71.427
123	47	-69.64	-69.955
124	47	-66.32	-66.574
125	47	-64.89	-64.702
126	47	-61.5	-61.013
127	47	-59.66	-58.796
128	47	-56.31	0
129	47	-53.81	0
130	47	-47.74	0
131	47	-42.78	0
132	47	-36.06	0
133	47	-30.64	0
134	47	-22.56	0
135	47	-16.97	0
136	47	-9.43	0
137	47	-3.84	0
138	47	3.71	0
139	47	9.47	0
140	47	16.57	0
141	47	22.41	0
142	47	29.9	0
143	47	36.04	0
144	47	43.62	0
145	47	50	0
146	47	57.69	0
147	47	64.22	0
148	47	72.2	0
149	47	78.97	0
150	47	87.26	0
151	47	94.56	0
152	47	103.29	0
153	47	110.72	0
154	47	119.38	0
155	47	126.76	0
156	47	135.48	0
157	47	142.97	0
158	47	151.65	0
159	47	159.27	0
160	47	168.47	0
90	48	-5.41	0
91	48	-13	0
92	48	-23.71	0
93	48	-30.6	0
94	48	-40.44	0
95	48	-46.68	0
96	48	-55.85	-56.104
97	48	-60.53	-60.603
98	48	-68.17	-67.46
99	48	-70.19	-69.853
100	48	-74.89	-74.305
101	48	-75.95	-75.748
102	48	-79.52	-79.384
103	48	-80.59	-80.65
104	48	-83.64	-83.976
105	48	-84.13	-84.33
106	48	-86.73	-87.134
107	48	-86.64	-86.988
108	48	-88.76	-89.253
109	48	-88.19	-88.505
110	48	-89.83	-90.35
111	48	-88.78	-89.254
112	48	-90.07	-90.581
113	48	-88.68	-89.05
114	48	-89.61	-90.021
115	48	-87.8	-88.091
116	48	-88.3	-88.72
117	48	-86.1	-86.426
118	48	-86.24	-86.709
119	48	-83.51	-83.907
120	48	-83.64	-83.973
121	48	-80.85	-81.058
122	48	-80.41	-80.574
123	48	-77.26	-77.311
124	48	-76.94	-76.71
125	48	-73.84	-73.358
126	48	-72.78	-72.327
127	48	-69.43	-68.526
128	48	-68.29	-67.291
129	48	-65.03	-63.099
130	48	-63.12	-61.497
131	48	-57.08	0
132	48	-52.68	0
133	48	-45.93	0
134	48	-41.01	0
135	48	-33.96	0
136	48	-28.85	0
137	48	-20.76	0
138	48	-15.43	0
139	48	-7.49	0
140	48	-2.18	0
141	48	4.9	0
142	48	10.21	0
143	48	17.69	0
144	48	23.32	0
145	48	30.91	0
146	48	36.77	0
147	48	44.44	0
148	48	50.47	0
149	48	58.38	0
150	48	64.73	0
151	48	72.92	0
152	48	79.73	0
153	48	88.36	0
154	48	95.36	0
155	48	104.01	0
156	48	110.9	0
157	48	119.53	0
158	48	126.59	0
159	48	135.28	0
160	48	142.5	0
161	48	151.61	0
162	48	159.41	0
163	48	168.36	0
92	49	-3.38	0
93	49	-14.3	0
94	49	-21.98	0
95	49	-31.99	0
96	49	-39.01	0
97	49	-48.22	0
98	49	-54.13	-53.803
99	49	-62.17	-60.91
100	49	-64.96	-64.134
101	49	-69.54	-68.409
102	49	-71.53	-70.134
103	49	-75.21	-74.6
104	49	-76.75	-76.067
105	49	-79.79	-79.481
106	49	-80.92	-80.61
107	49	-83.61	-83.562
108	49	-84.18	-84.096
109	49	-86.35	-86.485
110	49	-86.31	-86.472
111	49	-88.08	-88.389
112	49	-87.64	-87.995
113	49	-89.04	-89.366
114	49	-88.21	-88.569
115	49	-89.21	-89.537
116	49	-87.94	-88.25
117	49	-88.66	-88.943
118	49	-87.12	-87.23
119	49	-87.52	-87.704
120	49	-85.68	-85.733
121	49	-85.77	-85.838
122	49	-83.58	-83.576
123	49	-83.43	-83.426
124	49	-80.97	-80.876
125	49	-80.63	-80.48
126	49	-77.99	-77.813
127	49	-77.4	-76.994
128	49	-74.6	-74.361
129	49	-73.62	-72.975
130	49	-70.56	-69.997
131	49	-68.69	-68.216
132	49	-63.32	-62.486
133	49	-59.03	-57.436
134	49	-52.73	-51.549
135	49	-47.92	0
136	49	-41.35	0
137	49	-36.23	0
138	49	-28.82	0
139	49	-23.75	0
140	49	-16.63	0
141	49	-10.59	0
142	49	-3.98	0
143	49	1.39	0
144	49	8.41	0
145	49	13.94	0
146	49	21.03	0
147	49	26.88	0
148	49	34.04	0
149	49	40.04	0
150	49	47.43	0
151	49	53.74	0
152	49	61.52	0
153	49	68.24	0
154	49	76.26	0
155	49	83.04	0
156	49	91.24	0
157	49	98.17	0
158	49	106.39	0
159	49	113.36	0
160	49	121.89	0
161	49	129.26	0
162	49	137.89	0
163	49	145.11	0
164	49	153.62	0
165	49	161.2	0
166	49	169.87	0
94	50	-6.7	0
95	50	-14.52	0
96	50	-25.33	0
97	50	-32.52	0
98	50	-42.58	0
99	50	-48.73	0
100	50	-57.87	-56.864
101	50	-60.99	-59.56
102	50	-66.38	-64.748
103	50	-68.34	-66.946
104	50	-72.7	-71.552
105	50	-74.2	-73.224
106	50	-78	-77.425
107	50	-78.85	-78.556
108	50	-82.21	-82.004
109	50	-82.72	-82.636
110	50	-85.83	-85.835
111	50	-85.95	-85.944
112	50	-88.5	-88.659
113	50	-88.04	-88.33
114	50	-90.3	-90.558
115	50	-89.57	-90.033
116	50	-91.26	-91.525
117	50	-90.18	-90.398
118	50	-91.43	-91.653
119	50	-89.91	-90.067
120	50	-90.92	-91.103
121	50	-89.31	-89.203
122	50	-90.01	-89.945
123	50	-88	-87.819
124	50	-88.49	-88.236
125	50	-86.19	-85.898
126	50	-86.36	-86.02
127	50	-83.84	-83.508
128	50	-83.71	-83.336
129	50	-80.92	-80.63
130	50	-80.55	-80.246
131	50	-77.56	-77.389
132	50	-76.41	-76.621
133	50	-70.99	-70.967
134	50	-67.2	-66.636
135	50	-61	-60.799
136	50	-56.67	-56.504
137	50	-50.21	-50.496
138	50	-45.7	0
139	50	-38.92	0
140	50	-34.2	0
141	50	-26.77	0
142	50	-21.9	0
143	50	-14.24	0
144	50	-9.49	0
145	50	-2.5	0
146	50	2.6	0
147	50	9.66	0
148	50	15.08	0
149	50	22.2	0
150	50	27.71	0
151	50	35.1	0
152	50	40.91	0
153	50	48.61	0
154	50	54.87	0
155	50	62.9	0
156	50	69.25	0
157	50	77.42	0
158	50	84.04	0
159	50	92.18	0
160	50	98.71	0
161	50	107.28	0
162	50	113.94	0
163	50	122.46	0
164	50	129.33	0
165	50	137.91	0
166	50	144.77	0
167	50	153.39	0
168	50	160.55	0
169	50	169.28	0
97	51	-12.31	0
98	51	-20.22	0
99	51	-30.29	0
100	51	-37.33	0
101	51	-46.6	0
102	51	-50.66	0
103	51	-56.49	-55.778
104	51	-59.35	-59.348
105	51	-63.92	-63.781
106	51	-66.33	-66.897
107	51	-70.32	-70.654
108	51	-72.14	-72.507
109	51	-75.68	-76.256
110	51	-77.08	-76.817
111	51	-80.07	-81.474
112	51	-80.92	-81.604
113	51	-83.52	-84.414
114	51	-83.94	-84.677
115	51	-86.25	-87.003
116	51	-86.32	-86.818
117	51	-88.25	-88.641
118	51	-87.9	-87.996
119	51	-89.34	-89.473
120	51	-88.55	-88.423
121	51	-89.61	-89.593
122	51	-88.41	-88.329
123	51	-89.18	-89.222
124	51	-87.71	-87.619
125	51	-88.26	-88.261
126	51	-86.45	-86.398
127	51	-86.85	-86.709
128	51	-84.85	-84.61
129	51	-85.12	-84.626
130	51	-82.83	-82.394
131	51	-82.64	-82.021
132	51	-80.12	-79.724
133	51	-78.97	-78.957
134	51	-74.29	-74.006
135	51	-70.44	-69.706
136	51	-64.92	-64.59
137	51	-60.69	-60.258
138	51	-54.09	-54.995
139	51	-49.88	-50.571
140	51	-43.73	0
141	51	-39.25	0
142	51	-32.36	0
143	51	-27.86	0
144	51	-21.64	0
145	51	-16.91	0
146	51	-10.61	0
147	51	-5.62	0
148	51	1.01	0
149	51	6.28	0
150	51	12.99	0
151	51	18.51	0
152	51	25.41	0
153	51	31.19	0
154	51	38.38	0
155	51	44.58	0
156	51	52.09	0
157	51	58.44	0
158	51	66.18	0
159	51	72.77	0
160	51	80.48	0
161	51	87.15	0
162	51	95.16	0
163	51	101.88	0
164	51	109.92	0
165	51	116.68	0
166	51	124.86	0
167	51	131.61	0
168	51	139.89	0
169	51	147.02	0
170	51	155.59	0
171	51	163.2	0
172	51	171.46	0
99	52	-10.02	0
100	52	-21.09	0
101	52	-27.92	0
102	52	-38.03	0
103	52	-42.42	0
104	52	-49.33	0
105	52	-52.26	0
106	52	-57.94	-58.03
107	52	-60.36	-60.513
108	52	-65.25	-65.683
109	52	-67.26	-67.574
110	52	-71.54	-72.277
111	52	-73.04	-73.476
112	52	-76.8	-77.257
113	52	-77.93	-78.755
114	52	-81.15	-81.508
115	52	-81.95	-82.364
116	52	-84.72	-85.306
117	52	-84.61	-85.107
118	52	-87.18	-87.723
119	52	-86.97	-87.18
120	52	-89.07	-89.405
121	52	-88.43	-88.557
122	52	-90.01	-90.311
123	52	-88.92	-89.169
124	52	-90.29	-90.523
125	52	-88.87	-89.028
126	52	-89.96	-90.07
127	52	-88.25	-88.29
128	52	-89.23	-88.994
129	52	-87.54	-87.006
130	52	-88.03	-87.353
131	52	-85.9	-85.211
132	52	-86.26	-85.21
133	52	-83.86	-82.96
134	52	-83.3	-82.399
135	52	-78.63	-77.826
136	52	-75.5	-74.423
137	52	-69.96	-69.56
138	52	-66.31	-65.931
139	52	-59.97	-60.799
140	52	-56.23	-57.101
141	52	-50.11	-51.8
142	52	-46.36	-47.972
143	52	-40.39	0
144	52	-36.51	0
145	52	-30.43	0
146	52	-26.21	0
147	52	-19.97	0
148	52	-15.5	0
149	52	-9.02	0
150	52	-4.24	0
151	52	2.49	0
152	52	7.53	0
153	52	14.37	0
154	52	19.62	0
155	52	26.66	0
156	52	32.41	0
157	52	39.93	0
158	52	45.85	0
159	52	53.57	0
160	52	59.71	0
161	52	67.45	0
162	52	73.69	0
163	52	81.56	0
164	52	87.91	0
165	52	96.07	0
166	52	102.4	0
167	52	110.5	0
168	52	117.15	0
169	52	125.08	0
170	52	131.85	0
171	52	140.56	0
172	52	147.23	0
173	52	155.8	0
174	52	162.51	0
175	52	170.64	0
176	52	177.49	0
101	53	-8.07	0
102	53	-15.83	0
103	53	-25.6	0
104	53	-31.23	0
105	53	-38.44	0
106	53	-42.45	0
107	53	-48.52	0
108	53	-51.95	-52.824
109	53	-57.01	-57.574
110	53	-59.87	-60.888
111	53	-64.31	-64.947
112	53	-66.69	-67.096
113	53	-70.55	-71.125
114	53	-72.53	-72.796
115	53	-75.85	-76.459
116	53	-77.28	-77.561
117	53	-80.16	-80.437
118	53	-81.06	-80.69
119	53	-83.52	-83.666
120	53	-83.97	-83.79
121	53	-85.78	-86.288
122	53	-85.76	-86.077
123	53	-87.4	-87.935
124	53	-86.9	-87.363
125	53	-88.2	-88.842
126	53	-87.41	-87.915
127	53	-88.41	-88.987
128	53	-87.38	-87.742
129	53	-88.19	-88.504
130	53	-86.88	-86.933
131	53	-87.55	-87.445
132	53	-86.08	-85.703
133	53	-86.57	-85.878
134	53	-84.68	-83.949
135	53	-84.28	-83.788
136	53	-80.21	-79.498
137	53	-77.15	-76.501
138	53	-71.5	-72.299
139	53	-68.25	-68.844
140	53	-63.15	-64.077
141	53	-59.69	-60.705
142	53	-54.35	-55.722
143	53	-50.77	-52.098
144	53	-45.37	-46.938
145	53	-41.55	0
146	53	-36.14	0
147	53	-31.97	0
148	53	-26.3	0
149	53	-21.91	0
150	53	-15.91	0
151	53	-11.24	0
152	53	-5.16	0
153	53	-0.18	0
154	53	6.12	0
155	53	11.34	0
156	53	17.78	0
157	53	23.47	0
158	53	30.54	0
159	53	36.41	0
160	53	43.63	0
161	53	49.67	0
162	53	57.01	0
163	53	63.16	0
164	53	70.68	0
165	53	77.16	0
166	53	84.81	0
167	53	91.25	0
168	53	98.83	0
169	53	105.5	0
170	53	113.35	0
171	53	119.75	0
172	53	128	0
173	53	134.85	0
174	53	142.97	0
175	53	149.8	0
176	53	157.41	0
177	53	164.26	0
178	53	172.08	0
179	53	179.34	0
103	54	-5.29	0
104	54	-15.87	0
105	54	-21.52	0
106	54	-29.5	0
107	54	-34.24	0
108	54	-41.38	0
109	54	-45.02	0
110	54	-50.91	-51.721
111	54	-53.86	-54.369
112	54	-59.2	-59.927
113	54	-61.76	-62.053
114	54	-66.46	-66.932
115	54	-68.54	-68.019
116	54	-72.61	-73.221
117	54	-74.07	-73.994
118	54	-77.67	-77.714
119	54	-78.66	-78.661
120	54	-81.79	-81.83
121	54	-82.3	-82.543
122	54	-84.95	-85.187
123	54	-85.04	-85.259
124	54	-87.1	-87.658
125	54	-86.77	-87.189
126	54	-88.42	-89.173
127	54	-87.65	-88.325
128	54	-89.08	-89.861
129	54	-88.02	-88.697
130	54	-89.24	-89.882
131	54	-87.98	-88.416
132	54	-89.2	-89.28
133	54	-87.92	-87.648
134	54	-88.75	-88.124
135	54	-86.99	-86.436
136	54	-87.16	-86.424
137	54	-83.23	-82.379
138	54	-80.61	-80.119
139	54	-75.52	-75.65
140	54	-72.75	-72.996
141	54	-67.98	-68.329
142	54	-65.22	-65.481
143	54	-60.19	-60.65
144	54	-57.05	-57.538
145	54	-51.75	-52.471
146	54	-48.66	-49.09
147	54	-43.39	-43.771
148	54	-39.79	0
149	54	-34.15	0
150	54	-30.24	0
151	54	-24.43	0
152	54	-20.26	0
153	54	-14.27	0
154	54	-9.91	0
155	54	-3.76	0
156	54	0.92	0
157	54	7.48	0
158	54	12.69	0
159	54	19.7	0
160	54	25.14	0
161	54	32.32	0
162	54	37.9	0
163	54	45.23	0
164	54	50.99	0
165	54	58.5	0
166	54	64.39	0
167	54	72.07	0
168	54	78.24	0
169	54	85.94	0
170	54	92.01	0
171	54	100.01	0
172	54	106.28	0
173	54	114.25	0
174	54	120.75	0
175	54	128.77	0
176	54	135.08	0
177	54	142.86	0
178	54	149.35	0
179	54	157.03	0
180	54	164.04	0
181	54	174.4	0
182	54	183.49	0
106	55	-9.41	0
107	55	-17.67	0
108	55	-23.33	0
109	55	-30.69	0
110	55	-35.75	0
111	55	-42.19	0
112	55	-45.81	-46.266
113	55	-51.16	-51.665
114	55	-54.42	-55.106
115	55	-59.48	-59.672
116	55	-62.19	-62.49
117	55	-66.42	-66.472
118	55	-68.53	-68.414
119	55	-72.2	-72.311
120	55	-73.86	-73.888
121	55	-77.1	-77.143
122	55	-78.3	-78.132
123	55	-80.98	-81.049
124	55	-81.73	-81.743
125	55	-83.72	-84.091
126	55	-83.98	-84.349
127	55	-85.68	-86.24
128	55	-85.48	-85.932
129	55	-86.88	-87.501
130	55	-86.38	-86.903
131	55	-87.43	-88.063
132	55	-86.6	-87.16
133	55	-87.67	-88.076
134	55	-86.75	-86.896
135	55	-87.95	-87.587
136	55	-86.81	-86.344
137	55	-87.03	-86.551
138	55	-83.75	-82.893
139	55	-81.11	-80.707
140	55	-76.57	-77.056
141	55	-74.21	-74.479
142	55	-70.26	-70.521
143	55	-67.6	-67.691
144	55	-63.32	-63.316
145	55	-60.28	-60.185
146	55	-55.51	-55.739
147	55	-52.51	-52.29
148	55	-47.8	-47.6
149	55	-44.23	-44.041
150	55	-39.19	-39.151
151	55	-35.35	-35.397
152	55	-30.17	0
153	55	-26.1	0
154	55	-20.61	0
155	55	-16.37	0
156	55	-10.76	0
157	55	-6.15	0
158	55	-0.09	0
159	55	5.07	0
160	55	11.66	0
161	55	16.99	0
162	55	23.72	0
163	55	29.27	0
164	55	36.17	0
165	55	41.91	0
166	55	48.99	0
167	55	54.79	0
168	55	62.08	0
169	55	68.18	0
170	55	75.5	0
171	55	81.68	0
172	55	89.03	0
173	55	95.35	0
174	55	102.74	0
175	55	109.59	0
176	55	117.18	0
177	55	123.5	0
178	55	130.82	0
179	55	137.28	0
180	55	144.6	0
181	55	151.48	0
182	55	161.46	0
183	55	170.38	0
184	55	180.69	0
185	55	189.7	0
108	56	-7.99	0
109	56	-13.81	0
110	56	-22.22	0
111	56	-27.53	0
112	56	-34.7	0
113	56	-38.58	0
114	56	-44.94	-45.698
115	56	-48.5	-48.708
116	56	-54.38	-54.325
117	56	-57.23	-58.032
118	56	-62.13	-62
119	56	-64.36	-64.225
120	56	-68.68	-68.888
121	56	-70.41	-70.341
122	56	-74.31	-74.277
123	56	-75.6	-75.591
124	56	-78.94	-79.095
125	56	-79.75	-79.531
126	56	-82.49	-82.676
127	56	-82.75	-82.79
128	56	-84.9	-85.41
129	56	-84.75	-85.07
130	56	-86.57	-87.271
131	56	-86.07	-86.693
132	56	-87.63	-88.44
133	56	-86.8	-87.558
134	56	-88.38	-88.955
135	56	-87.45	-87.856
136	56	-89.18	-88.892
137	56	-88.09	-87.727
138	56	-88.92	-88.267
139	56	-85.6	-84.919
140	56	-83.76	-83.276
141	56	-79.29	-79.73
142	56	-77.6	-77.828
143	56	-73.83	-73.945
144	56	-71.92	-71.78
145	56	-67.67	-68.07
146	56	-65.2	-65.105
147	56	-60.74	-61.486
148	56	-58.3	-58.048
149	56	-53.78	-53.598
150	56	-50.82	-50.655
151	56	-45.94	-45.923
152	56	-42.6	-42.7
153	56	-37.44	-37.623
154	56	-33.9	0
155	56	-28.51	0
156	56	-24.74	0
157	56	-19.21	0
158	56	-15.16	0
159	56	-9.1	0
160	56	-4.45	0
161	56	2.06	0
162	56	6.95	0
163	56	13.66	0
164	56	18.78	0
165	56	25.62	0
166	56	30.96	0
167	56	38.01	0
168	56	43.45	0
169	56	50.54	0
170	56	56.29	0
171	56	63.62	0
172	56	69.4	0
173	56	76.64	0
174	56	82.69	0
175	56	90.11	0
176	56	96.61	0
177	56	104.03	0
178	56	110.13	0
179	56	117.45	0
180	56	123.51	0
181	56	130.71	0
182	56	137.38	0
183	56	147.29	0
184	56	155.59	0
185	56	165.93	0
186	56	174.64	0
187	56	184.2	0
188	56	192.49	0
189	56	201.88	0
110	57	-2.1	0
111	57	-10.61	0
112	57	-16.45	0
113	57	-24.34	0
114	57	-29.4	0
115	57	-36.14	0
116	57	-40.53	0
117	57	-46.59	-46.565
118	57	-50.1	-49.77
119	57	-55.15	-54.967
120	57	-57.92	-57.687
121	57	-62.31	-62.401
122	57	-64.68	-64.543
123	57	-68.64	-68.707
124	57	-70.5	-70.3
125	57	-73.89	-73.895
126	57	-75.27	-75.106
127	57	-78.02	-78.096
128	57	-78.84	-78.76
129	57	-81	-81.35
130	57	-81.38	-81.673
131	57	-83.21	-83.733
132	57	-83.24	-83.732
133	57	-84.84	-85.328
134	57	-84.57	-85.241
135	57	-85.97	-86.656
136	57	-85.58	-86.022
137	57	-87.39	-87.127
138	57	-86.84	-86.529
139	57	-87.78	-87.236
140	57	-84.92	-84.326
141	57	-83.26	-82.943
142	57	-79.31	-80.039
143	57	-77.87	-78.191
144	57	-74.78	-74.9
145	57	-73.05	-72.993
146	57	-69.24	-69.21
147	57	-66.98	-67.236
148	57	-63.41	-63.163
149	57	-61.12	-61.134
150	57	-57.23	-57.222
151	57	-54.36	-54.437
152	57	-50.01	-50.198
153	57	-46.78	-47.087
154	57	-42.14	-42.476
155	57	-38.63	-39.002
156	57	-33.72	0
157	57	-30.01	0
158	57	-24.98	0
159	57	-21.02	0
160	57	-15.38	0
161	57	-10.77	0
162	57	-4.7	0
163	57	0.18	0
164	57	6.41	0
165	57	11.51	0
166	57	17.98	0
167	57	23.25	0
168	57	29.79	0
169	57	35.2	0
170	57	41.81	0
171	57	47.53	0
172	57	54.42	0
173	57	60.19	0
174	57	67	0
175	57	73.03	0
176	57	80.05	0
177	57	86.75	0
178	57	93.62	0
179	57	99.69	0
180	57	106.52	0
181	57	112.62	0
182	57	119.49	0
183	57	126.04	0
184	57	135.32	0
185	57	143.79	0
186	57	153.73	0
187	57	162.31	0
188	57	171.38	0
189	57	179.7	0
190	57	188.78	0
191	57	197.28	0
192	57	206.6	0
113	58	-7.19	0
114	58	-15.56	0
115	58	-21.22	0
116	58	-29.21	0
117	58	-33.8	0
118	58	-40.57	0
119	58	-44.27	-44.004
120	58	-50.01	-49.705
121	58	-52.95	-52.471
122	58	-57.99	-57.743
123	58	-60.41	-60.072
124	58	-64.93	-64.72
125	58	-66.87	-66.565
126	58	-70.82	-70.7
127	58	-72.24	-71.958
128	58	-75.54	-75.572
129	58	-76.39	-75.75
130	58	-79.17	-79.792
131	58	-79.43	-79.713
132	58	-81.89	-82.447
133	58	-81.96	-82.391
134	58	-84.02	-84.741
135	58	-83.76	-84.63
136	58	-85.67	-86.495
137	58	-85.32	-85.905
138	58	-87.62	-87.574
139	58	-87.15	-86.958
140	58	-88.68	-88.088
141	58	-85.88	-85.445
142	58	-84.78	-84.543
143	58	-81.04	-81.616
144	58	-80.23	-80.441
145	58	-77.19	-77.102
146	58	-76	-75.74
147	58	-72.33	-72.181
148	58	-70.83	-70.426
149	58	-67.49	-66.798
150	58	-65.8	-64.994
151	58	-62.05	-61.441
152	58	-59.78	-59.262
153	58	-55.56	-55.349
154	58	-52.9	-52.797
155	58	-48.38	-48.4
156	58	-45.4	-45.401
157	58	-40.55	-40.669
158	58	-37.29	0
159	58	-32.32	0
160	58	-28.7	0
161	58	-23.23	0
162	58	-19.01	0
163	58	-13.04	0
164	58	-8.62	0
165	58	-2.43	0
166	58	2.23	0
167	58	8.61	0
168	58	13.43	0
169	58	20.03	0
170	58	25	0
171	58	31.56	0
172	58	36.82	0
173	58	43.72	0
174	58	49.07	0
175	58	55.93	0
176	58	61.53	0
177	58	68.9	0
178	58	74.94	0
179	58	81.87	0
180	58	87.48	0
181	58	94.39	0
182	58	99.94	0
183	58	106.82	0
184	58	112.9	0
185	58	122.33	0
186	58	130.13	0
187	58	140.24	0
188	58	148.27	0
189	58	157.28	0
190	58	165.15	0
191	58	174.31	0
192	58	182.8	0
193	58	191.68	0
194	58	199.33	0
195	58	208.78	0
115	59	-4.41	0
116	59	-10.87	0
117	59	-19.11	0
118	59	-24.69	0
119	59	-31.87	0
120	59	-36.33	0
121	59	-42.19	-41.579
122	59	-45.75	-45.038
123	59	-50.83	-50.338
124	59	-53.85	-53.132
125	59	-58.42	-57.911
126	59	-60.93	-60.258
127	59	-64.94	-64.431
128	59	-66.9	-66.322
129	59	-70.28	-69.992
130	59	-71.62	-71.371
131	59	-74.36	-74.463
132	59	-75.26	-75.339
133	59	-77.64	-78.059
134	59	-78.1	-78.551
135	59	-80.13	-80.91
136	59	-80.46	-81.369
137	59	-82.35	-83.203
138	59	-82.54	-83.137
139	59	-84.83	-84.829
140	59	-84.88	-84.7
141	59	-86.53	-86.026
142	59	-84.3	-83.797
143	59	-83.28	-83.078
144	59	-80.25	-80.76
145	59	-79.41	-79.636
146	59	-76.97	-76.766
147	59	-75.79	-75.471
148	59	-72.98	-72.486
149	59	-71.86	-70.988
150	59	-69.09	-68.004
151	59	-67.47	-66.855
152	59	-64.31	-63.714
153	59	-62.17	-61.805
154	59	-58.51	-58.321
155	59	-55.93	-55.899
156	59	-51.91	-52.052
157	59	-48.99	-49.211
158	59	-44.64	-44.917
159	59	-41.53	-41.703
160	59	-36.93	0
161	59	-33.35	0
162	59	-28.36	0
163	59	-24.3	0
164	59	-18.68	0
165	59	-14.34	0
166	59	-8.58	0
167	59	-3.95	0
168	59	2.04	0
169	59	6.85	0
170	59	13	0
171	59	17.96	0
172	59	24.18	0
173	59	29.23	0
174	59	35.7	0
175	59	41.05	0
176	59	47.5	0
177	59	53.07	0
178	59	60.01	0
179	59	66.04	0
180	59	72.6	0
181	59	78.28	0
182	59	84.66	0
183	59	90.22	0
184	59	96.72	0
185	59	102.75	0
186	59	111.73	0
187	59	119.62	0
188	59	129.22	0
189	59	137.07	0
190	59	145.58	0
191	59	153.46	0
192	59	162.71	0
193	59	170.7	0
194	59	179.17	0
195	59	186.87	0
196	59	195.76	0
197	59	203.76	0
198	59	212.89	0
118	60	-10.69	0
119	60	-16.66	0
120	60	-24.83	0
121	60	-29.4	0
122	60	-35.9	0
123	60	-39.56	0
124	60	-45.3	0
125	60	-48.36	0
126	60	-53.54	-53.03
127	60	-56.13	-55.424
128	60	-60.75	-60.184
129	60	-62.8	-62.173
130	60	-66.76	-66.341
131	60	-68.17	-67.903
132	60	-71.49	-71.613
133	60	-72.2	-72.461
134	60	-75.13	-75.781
135	60	-75.73	-76.159
136	60	-78.32	-79.158
137	60	-78.62	-79.513
138	60	-81.01	-81.117
139	60	-81.3	-82.042
140	60	-84.1	-84.477
141	60	-84.29	-84.203
142	60	-86.48	-85.96
143	60	-84.33	-84.012
144	60	-83.82	-83.757
145	60	-80.85	-81.442
146	60	-80.52	-80.936
147	60	-78.22	-78.156
148	60	-77.71	-77.418
149	60	-75.16	-74.385
150	60	-74.7	-73.694
151	60	-72.02	-70.957
152	60	-71.02	-70.158
153	60	-67.89	-67.352
154	60	-66.4	-65.686
155	60	-62.8	-62.755
156	60	-60.82	-60.361
157	60	-56.9	-56.57
158	60	-54.54	-54.148
159	60	-50.28	-49.937
160	60	-47.66	-47.143
161	60	-43.19	-42.541
162	60	-40.19	0
163	60	-35.2	0
164	60	-31.54	0
165	60	-25.93	0
166	60	-21.93	0
167	60	-16.24	0
168	60	-12.08	0
169	60	-6.12	0
170	60	-1.75	0
171	60	4.34	0
172	60	8.84	0
173	60	15.04	0
174	60	19.68	0
175	60	26.15	0
176	60	31.07	0
177	60	37.7	0
178	60	42.76	0
179	60	50.26	0
180	60	55.31	0
181	60	61.95	0
182	60	67.17	0
183	60	73.55	0
184	60	78.66	0
185	60	85.13	0
186	60	90.81	0
187	60	99.77	0
188	60	107.12	0
189	60	116.69	0
190	60	124.06	0
191	60	132.73	0
192	60	140.25	0
193	60	149.41	0
194	60	156.9	0
195	60	165.55	0
196	60	172.75	0
197	60	181.49	0
198	60	189.06	0
199	60	198.12	0
200	60	205.85	0
201	60	215.01	0
120	61	-5.91	0
121	61	-14.24	0
122	61	-19.75	0
123	61	-26.63	0
124	61	-30.93	0
125	61	-36.77	0
126	61	-40.49	0
127	61	-45.73	0
128	61	-48.91	-48.195
129	61	-53.6	-52.946
130	61	-56.27	-55.47
131	61	-60.3	-59.802
132	61	-62.37	-61.711
133	61	-65.72	-65.465
134	61	-67.06	-66.611
135	61	-69.88	-70.219
136	61	-71.07	-71.308
137	61	-73.61	-73.856
138	61	-74.29	-74.117
139	61	-76.71	-77.538
140	61	-77.48	-78.43
141	61	-80.31	-80.475
142	61	-81.01	-81.086
143	61	-83.33	-82.97
144	61	-81.75	-81.426
145	61	-81.31	-81.279
146	61	-78.92	-79.464
147	61	-78.78	-79.052
148	61	-77.1	-76.878
149	61	-76.77	-76.076
150	61	-74.78	-73.607
151	61	-74.42	-73.399
152	61	-72.29	-71.268
153	61	-71.4	-70.688
154	61	-68.87	-68.421
155	61	-67.47	-66.977
156	61	-64.44	-64.217
157	61	-62.61	-62.224
158	61	-59.24	-58.973
159	61	-57.02	-56.7
160	61	-53.31	-53.104
161	61	-50.77	-50.431
162	61	-46.78	-46.305
163	61	-43.86	-43.296
164	61	-39.34	0
165	61	-35.76	0
166	61	-30.61	0
167	61	-26.65	0
168	61	-21.28	0
169	61	-17.19	0
170	61	-11.7	0
171	61	-7.32	0
172	61	-1.6	0
173	61	2.89	0
174	61	8.66	0
175	61	13.28	0
176	61	19.33	0
177	61	24.22	0
178	61	30.49	0
179	61	35.47	0
180	61	42.49	0
181	61	47.54	0
182	61	53.71	0
183	61	59	0
184	61	65.05	0
185	61	70.05	0
186	61	76.1	0
187	61	81.76	0
188	61	90.31	0
189	61	97.64	0
190	61	106.53	0
191	61	113.82	0
192	61	122.34	0
193	61	129.78	0
194	61	138.62	0
195	61	145.94	0
196	61	154.04	0
197	61	161.31	0
198	61	169.65	0
199	61	177.2	0
200	61	185.84	0
201	61	193.52	0
202	61	202.32	0
203	61	209.86	0
204	61	218.65	0
205	61	226.49	0
123	62	-11.09	0
124	62	-18.86	0
125	62	-23.29	0
126	62	-29.69	0
127	62	-33.54	0
128	62	-39.44	0
129	62	-42.68	0
130	62	-48.05	-47.851
131	62	-50.77	-50.403
132	62	-55.56	-55.126
133	62	-57.62	-57.073
134	62	-61.59	-61.46
135	62	-63.07	-63.016
136	62	-66.52	-66.788
137	62	-67.74	-67.956
138	62	-70.83	-71.222
139	62	-71.55	-72.375
140	62	-74.51	-75.459
141	62	-75.34	-75.946
142	62	-78.66	-78.997
143	62	-79.44	-79.528
144	62	-82.32	-81.976
145	62	-80.79	-80.662
146	62	-80.9	-81.006
147	62	-78.62	-79.276
148	62	-78.94	-79.347
149	62	-77.22	-77.147
150	62	-77.47	-77.061
151	62	-75.5	-74.586
152	62	-75.77	-74.773
153	62	-73.72	-72.569
154	62	-73.38	-72.465
155	62	-70.9	-70.201
156	62	-70.09	-69.372
157	62	-67.13	-66.737
158	62	-65.82	-65.216
159	62	-62.62	-62.224
160	62	-60.95	-60.417
161	62	-57.38	-56.979
162	62	-55.36	-54.753
163	62	-51.45	-50.897
164	62	-49.05	-48.177
165	62	-44.58	-43.799
166	62	-41.38	0
167	62	-36.32	0
168	62	-32.98	0
169	62	-27.77	0
170	62	-24.17	0
171	62	-18.73	0
172	62	-14.83	0
173	62	-9.19	0
174	62	-5.15	0
175	62	0.59	0
176	62	4.76	0
177	62	10.77	0
178	62	15.33	0
179	62	21.65	0
180	62	26.21	0
181	62	33.19	0
182	62	37.81	0
183	62	44.06	0
184	62	48.88	0
185	62	54.94	0
186	62	59.57	0
187	62	65.65	0
188	62	70.9	0
189	62	79.42	0
190	62	86.32	0
191	62	95.18	0
192	62	102.04	0
193	62	110.64	0
194	62	117.72	0
195	62	126.42	0
196	62	133.39	0
197	62	141.42	0
198	62	148.21	0
199	62	156.66	0
200	62	163.8	0
201	62	172.34	0
202	62	179.75	0
203	62	188.41	0
204	62	195.92	0
205	62	204.27	0
206	62	211.71	0
207	62	220.34	0
208	62	228.05	0
125	63	-7.59	0
126	63	-12.81	0
127	63	-19.7	0
128	63	-24.24	0
129	63	-30.3	0
130	63	-34.22	0
131	63	-39.75	0
132	63	-43.16	-42.7
133	63	-48.03	-47.599
134	63	-50.66	-50.003
135	63	-54.73	-54.287
136	63	-56.74	-56.355
137	63	-60.23	-60.351
138	63	-62.01	-61.991
139	63	-65.27	-66.295
140	63	-66.4	-66.989
141	63	-69.3	-69.968
142	63	-70.65	-71.352
143	63	-73.96	-74.253
144	63	-75.19	-75.661
145	63	-78.19	-78.002
146	63	-77.11	-77.128
147	63	-77.41	-77.555
148	63	-75.78	-76.239
149	63	-76.29	-76.451
150	63	-75.08	-74.801
151	63	-75.42	-74.663
152	63	-74.03	-72.898
153	63	-74.28	-73.377
154	63	-72.71	-71.748
155	63	-72.46	-71.828
156	63	-70.47	-70.094
157	63	-69.7	-69.471
158	63	-67.34	-67.215
159	63	-66.15	-66.057
160	63	-63.48	-63.844
161	63	-61.95	-61.777
162	63	-58.87	-58.647
163	63	-56.95	-56.626
164	63	-53.56	-53.104
165	63	-51.25	-50.561
166	63	-47.34	-46.603
167	63	-44.37	-43.734
168	63	-39.87	0
169	63	-36.46	0
170	63	-31.73	0
171	63	-28.21	0
172	63	-23.22	0
173	63	-19.35	0
174	63	-14.11	0
175	63	-10.05	0
176	63	-4.74	0
177	63	-0.56	0
178	63	4.97	0
179	63	9.51	0
180	63	15.38	0
181	63	20	0
182	63	26.42	0
183	63	31	0
184	63	36.86	0
185	63	41.71	0
186	63	47.39	0
187	63	52.11	0
188	63	57.69	0
189	63	62.91	0
190	63	71.03	0
191	63	77.92	0
192	63	86.18	0
193	63	93	0
194	63	101.43	0
195	63	108.4	0
196	63	116.71	0
197	63	123.55	0
198	63	131.24	0
199	63	138.07	0
200	63	146.06	0
201	63	153.18	0
202	63	161.38	0
203	63	168.63	0
204	63	176.91	0
205	63	184.01	0
206	63	192.37	0
207	63	199.79	0
208	63	208	0
209	63	215.57	0
210	63	224.44	0
211	63	232.48	0
128	64	-11.35	0
129	64	-16.06	0
130	64	-22.81	0
131	64	-26.88	0
132	64	-33.15	0
133	64	-36.68	0
134	64	-42.2	0
135	64	-44.94	0
136	64	-49.6	-49.304
137	64	-51.71	-51.558
138	64	-55.99	-55.918
139	64	-57.68	-57.678
140	64	-61.56	-62.189
141	64	-62.03	-63.146
142	64	-66.21	-67.152
143	64	-67.64	-68.243
144	64	-71.33	-71.361
145	64	-72.78	-72.948
146	64	-76.25	-76.098
147	64	-75.24	-75.368
148	64	-76.07	-76.28
149	64	-74.49	-75.138
150	64	-75.43	-75.772
151	64	-74.22	-74.199
152	64	-75.1	-74.717
153	64	-73.68	-72.893
154	64	-74.46	-73.716
155	64	-72.92	-72.08
156	64	-73.18	-72.545
157	64	-71.24	-70.834
158	64	-71.02	-70.7
159	64	-68.74	-68.572
160	64	-68.12	-67.952
161	64	-65.5	-65.516
162	64	-64.51	-64.291
163	64	-61.54	-61.488
164	64	-60.18	-59.746
165	64	-56.87	-56.467
166	64	-55.03	-54.399
167	64	-51.24	-50.701
168	64	-48.79	-48.102
169	64	-44.4	-43.901
170	64	-41.71	0
171	64	-37.12	0
172	64	-34.1	0
173	64	-29.19	0
174	64	-25.83	0
175	64	-20.64	0
176	64	-17.05	0
177	64	-11.76	0
178	64	-8	0
179	64	-2.46	0
180	64	1.67	0
181	64	7.49	0
182	64	11.8	0
183	64	18.13	0
184	64	22.27	0
185	64	28.15	0
186	64	32.6	0
187	64	38.32	0
188	64	42.68	0
189	64	48.26	0
190	64	53.09	0
191	64	61.18	0
192	64	67.64	0
193	64	75.96	0
194	64	82.4	0
195	64	90.76	0
196	64	97.33	0
197	64	105.5	0
198	64	112.08	0
199	64	119.79	0
200	64	126.15	0
201	64	134.18	0
202	64	140.88	0
203	64	149.05	0
204	64	155.87	0
205	64	164.12	0
206	64	170.89	0
207	64	179.21	0
208	64	186.13	0
209	64	194.48	0
210	64	201.74	0
211	64	210.42	0
212	64	218.04	0
213	64	227.25	0
214	64	235.17	0
130	65	-5.6	0
131	65	-12.75	0
132	65	-17.52	0
133	65	-23.89	0
134	65	-28.11	0
135	65	-33.76	0
136	65	-37.11	0
137	65	-41.8	0
138	65	-44.47	-43.901
139	65	-48.65	-48.41
140	65	-51.14	-50.889
141	65	-54.99	-54.809
142	65	-55.96	-56.752
143	65	-60.09	-60.78
144	65	-62.05	-62.848
145	65	-65.74	-66.248
146	65	-67.5	-67.831
147	65	-71.18	-70.759
148	65	-70.56	-70.515
149	65	-71.59	-71.5
150	65	-70.67	-71.116
151	65	-71.76	-71.634
152	65	-71.13	-70.727
153	65	-72.06	-71.324
154	65	-71.16	-70.154
155	65	-71.97	-71.259
156	65	-70.92	-70.101
157	65	-71.21	-70.774
158	65	-69.77	-69.48
159	65	-69.64	-69.542
160	65	-67.83	-67.846
161	65	-67.35	-67.472
162	65	-65.21	-65.684
163	65	-64.4	-64.605
164	65	-61.92	-62.087
165	65	-60.63	-60.659
166	65	-57.82	-57.706
167	65	-56.13	-55.843
168	65	-52.84	-52.499
169	65	-50.53	-50.096
170	65	-46.72	-46.342
171	65	-44.13	-43.501
172	65	-40.03	0
173	65	-37.08	0
174	65	-32.66	0
175	65	-29.33	0
176	65	-24.56	0
177	65	-20.92	0
178	65	-16.17	0
179	65	-12.39	0
180	65	-7.33	0
181	65	-3.19	0
182	65	2.26	0
183	65	6.59	0
184	65	12.41	0
185	65	16.52	0
186	65	21.96	0
187	65	26.43	0
188	65	31.85	0
189	65	36.2	0
190	65	41.57	0
191	65	46.17	0
192	65	53.98	0
193	65	60.47	0
194	65	68.28	0
195	65	74.75	0
196	65	82.56	0
197	65	89.07	0
198	65	96.85	0
199	65	105.54	0
200	65	110.69	0
201	65	117.04	0
202	65	124.66	0
203	65	131.3	0
204	65	139.11	0
205	65	145.85	0
206	65	153.73	0
207	65	160.72	0
208	65	168.42	0
209	65	175.25	0
210	65	183.29	0
211	65	190.54	0
212	65	198.95	0
213	65	206.54	0
214	65	215.34	0
215	65	223.18	0
216	65	231.88	0
217	65	239.82	0
218	65	248.91	0
133	66	-9.38	0
134	66	-16.42	0
135	66	-20.71	0
136	66	-27.02	0
137	66	-30.48	0
138	66	-35.79	0
139	66	-38.62	0
140	66	-43.46	-43.044
141	66	-45.83	-45.466
142	66	-50.28	-49.652
143	66	-51.27	-52.322
144	66	-56.03	-56.756
145	66	-58.06	-58.728
146	66	-62.21	-62.671
147	66	-64.25	-64.386
148	66	-68.31	-67.833
149	66	-67.96	-67.688
150	66	-69.43	-69.322
151	66	-68.41	-68.763
152	66	-69.93	-70.129
153	66	-69.27	-69.153
154	66	-70.72	-70.4
155	66	-69.84	-69.164
156	66	-71.11	-70.534
157	66	-70.09	-69.432
158	66	-70.91	-70.417
159	66	-69.49	-69.177
160	66	-69.9	-69.682
161	66	-68.16	-68.065
162	66	-68.24	-68.19
163	66	-66.17	-66.39
164	66	-65.91	-65.977
165	66	-63.52	-63.621
166	66	-62.78	-62.593
167	66	-60.06	-59.943
168	66	-58.9	-58.47
169	66	-55.76	-55.607
170	66	-53.96	-53.403
171	66	-50.28	-49.854
172	66	-48.22	-47.404
173	66	-44.24	-43.37
174	66	-41.85	0
175	66	-37.49	0
176	66	-34.67	0
177	66	-30	0
178	66	-26.92	0
179	66	-22.08	0
180	66	-18.77	0
181	66	-13.7	0
182	66	-10.01	0
183	66	-4.55	0
184	66	-0.64	0
185	66	5.13	0
186	66	8.79	0
187	66	14.27	0
188	66	18.33	0
189	66	23.73	0
190	66	27.69	0
191	66	32.98	0
192	66	37.3	0
193	66	45.08	0
194	66	50.95	0
195	66	58.94	0
196	66	65.18	0
197	66	73.01	0
198	66	79.1	0
199	66	86.85	0
200	66	92.93	0
201	66	100.31	0
202	66	106.25	0
203	66	113.87	0
204	66	120.12	0
205	66	127.87	0
206	66	134.21	0
207	66	142.12	0
208	66	148.64	0
209	66	156.62	0
210	66	162.96	0
211	66	170.96	0
212	66	177.7	0
213	66	186.08	0
214	66	193.32	0
215	66	201.99	0
216	66	209.43	0
217	66	218.09	0
218	66	225.61	0
219	66	234.8	0
220	66	242.69	0
221	66	252.07	0
136	67	-11.27	0
137	67	-17.71	0
138	67	-21.75	0
139	67	-27.16	0
140	67	-30.52	0
141	67	-35.28	0
142	67	-38.43	-37.39
143	67	-42.85	-42.206
144	67	-44.24	-45.047
145	67	-48.99	-49.481
146	67	-51.57	-52.071
147	67	-55.76	-56.039
148	67	-58	-58.433
149	67	-62.17	-61.674
150	67	-62.24	-62.633
151	67	-63.96	-63.639
152	67	-63.64	-63.583
153	67	-65.25	-65.023
154	67	-65.08	-64.649
155	67	-66.64	-66.062
156	67	-66.29	-66.134
157	67	-67.58	-66.892
158	67	-67.03	-66.187
159	67	-67.85	-67.339
160	67	-66.98	-66.392
161	67	-67.47	-67.206
162	67	-66.26	-66.05
163	67	-66.43	-66.387
164	67	-64.89	-64.99
165	67	-64.72	-64.907
166	67	-62.88	-63.08
167	67	-62.21	-62.293
168	67	-60.02	-60.085
169	67	-59	-58.807
170	67	-56.34	-56.248
171	67	-54.66	-54.529
172	67	-51.53	-51.4
173	67	-49.61	-49.099
174	67	-46.19	-45.503
175	67	-43.84	-42.802
176	67	-39.95	0
177	67	-37.17	0
178	67	-32.97	0
179	67	-29.86	0
180	67	-25.5	0
181	67	-22.19	0
182	67	-17.56	0
183	67	-13.88	0
184	67	-8.9	0
185	67	-4.86	0
186	67	0.4	0
187	67	4.02	0
188	67	9.15	0
189	67	13.16	0
190	67	18.14	0
191	67	22.1	0
192	67	27.13	0
193	67	31.35	0
194	67	38.71	0
195	67	44.62	0
196	67	52.39	0
197	67	58.51	0
198	67	65.85	0
199	67	71.88	0
200	67	79.23	0
201	67	85.22	0
202	67	92.22	0
203	67	98.17	0
204	67	105.38	0
205	67	111.59	0
206	67	118.96	0
207	67	125.27	0
208	67	132.77	0
209	67	139.37	0
210	67	146.87	0
211	67	153.22	0
212	67	160.84	0
213	67	167.7	0
214	67	175.62	0
215	67	182.73	0
216	67	190.97	0
217	67	198.31	0
218	67	206.55	0
219	67	214.01	0
220	67	222.69	0
221	67	230.64	0
222	67	239.6	0
223	67	247.63	0
224	67	256.62	0
138	68	-9.87	0
139	68	-14.06	0
140	68	-19.98	0
141	68	-23.5	0
142	68	-28.87	0
143	68	-31.96	0
144	68	-36.92	-36.71
145	68	-38.51	-39.626
146	68	-43.84	-44.6
147	68	-46.49	-47.217
148	68	-51.23	-51.754
149	68	-53.58	-53.3
150	68	-58.27	-58.525
151	68	-58.42	-58.256
152	68	-60.67	-60.474
153	68	-60.48	-60.46
154	68	-62.46	-62.618
155	68	-62.24	-62.22
156	68	-64.22	-64.259
157	68	-63.86	-63.392
158	68	-65.56	-65.287
159	68	-65.07	-64.57
160	68	-66.48	-66.063
161	68	-65.62	-65.203
162	68	-66.64	-66.346
163	68	-65.5	-65.177
164	68	-66.18	-65.953
165	68	-64.76	-64.531
166	68	-65.1	-64.934
167	68	-63.35	-63.299
168	68	-63.24	-62.999
169	68	-61.15	-60.931
170	68	-60.58	-60.118
171	68	-58.06	-57.729
172	68	-56.93	-56.493
173	68	-53.92	-53.654
174	68	-52.52	-51.847
175	68	-49.21	-48.503
176	68	-47.4	-46.305
177	68	-43.61	-42.504
178	68	-41.31	0
179	68	-37.23	0
180	68	-34.62	0
181	68	-30.33	0
182	68	-27.49	0
183	68	-22.87	0
184	68	-19.63	0
185	68	-14.68	0
186	68	-11.05	0
187	68	-5.88	0
188	68	-2.68	0
189	68	2.44	0
190	68	6.02	0
191	68	10.98	0
192	68	14.54	0
193	68	19.43	0
194	68	23.39	0
195	68	30.73	0
196	68	36.14	0
197	68	43.95	0
198	68	49.71	0
199	68	57.18	0
200	68	62.81	0
201	68	70.14	0
202	68	75.77	0
203	68	82.86	0
204	68	88.44	0
205	68	95.64	0
206	68	101.46	0
207	68	108.84	0
208	68	114.77	0
209	68	122.22	0
210	68	128.4	0
211	68	136.06	0
212	68	142.2	0
213	68	149.63	0
214	68	155.96	0
215	68	163.9	0
216	68	170.58	0
217	68	178.75	0
218	68	185.64	0
219	68	193.84	0
220	68	200.9	0
221	68	209.6	0
222	68	217.05	0
223	68	225.94	0
224	68	233.52	0
225	68	242.53	0
226	68	250.21	0
227	68	259.2	0
141	69	-10.36	0
142	69	-14.38	0
143	69	-19.78	0
144	69	-23.6	0
145	69	-28.63	0
146	69	-30.62	-31.21
147	69	-36	-36.253
148	69	-39.22	-39.542
149	69	-44.02	-44.106
150	69	-46.62	-46.882
151	69	-51.3	-50.828
152	69	-52.02	-51.884
153	69	-54.31	-54.001
154	69	-54.76	-55.114
155	69	-56.82	-56.643
156	69	-57.16	-56.815
157	69	-59.18	-58.911
158	69	-59.3	-58.687
159	69	-61.04	-60.725
160	69	-60.91	-60.463
161	69	-62.4	-62.039
162	69	-62.06	-61.506
163	69	-63.12	-62.738
164	69	-62.53	-61.99
165	69	-63.27	-62.939
166	69	-62.35	-61.895
167	69	-62.79	-62.551
168	69	-61.58	-61.32
169	69	-61.53	-61.282
170	69	-59.94	-59.804
171	69	-59.49	-59.219
172	69	-57.44	-57.384
173	69	-56.45	-56.262
174	69	-53.96	-53.873
175	69	-52.7	-52.319
176	69	-49.97	-49.377
177	69	-48.21	-47.469
178	69	-44.93	-44.116
179	69	-42.72	-41.601
180	69	-39.08	0
181	69	-36.52	0
182	69	-32.67	0
183	69	-29.86	0
184	69	-25.68	0
185	69	-22.52	0
186	69	-17.98	0
187	69	-14.37	0
188	69	-9.57	0
189	69	-6.44	0
190	69	-1.72	0
191	69	1.85	0
192	69	6.36	0
193	69	9.92	0
194	69	14.42	0
195	69	18.28	0
196	69	25.28	0
197	69	30.66	0
198	69	38.11	0
199	69	44.02	0
200	69	50.8	0
201	69	56.47	0
202	69	63.45	0
203	69	69.08	0
204	69	75.8	0
205	69	81.4	0
206	69	88.19	0
207	69	93.98	0
208	69	100.96	0
209	69	106.86	0
210	69	113.92	0
211	69	120.07	0
212	69	127.28	0
213	69	133.39	0
214	69	140.79	0
215	69	146.9	0
216	69	154.32	0
217	69	161.04	0
218	69	168.81	0
219	69	175.67	0
220	69	183.49	0
221	69	190.51	0
222	69	198.8	0
223	69	206.21	0
224	69	214.66	0
225	69	222.23	0
226	69	230.79	0
227	69	238.42	0
228	69	247.05	0
229	69	254.75	0
230	69	263.47	0
143	70	-6.29	0
144	70	-12.28	0
145	70	-16.12	0
146	70	-20.17	0
147	70	-23.95	0
148	70	-29.94	-30.963
149	70	-33.21	-34.018
150	70	-38.62	-39.132
151	70	-41.28	-42.236
152	70	-46.54	-46.419
153	70	-47.3	-47.311
154	70	-50.13	-50.626
155	70	-50.26	-50.494
156	70	-53.05	-53.238
157	70	-53.45	-53.413
158	70	-55.81	-56.022
159	70	-55.93	-55.746
160	70	-58.14	-58.163
161	70	-58.01	-58.351
162	70	-59.9	-59.848
163	70	-59.64	-59.368
164	70	-61.25	-60.994
165	70	-60.65	-60.177
166	70	-61.95	-61.591
167	70	-61.03	-60.597
168	70	-61.99	-61.577
169	70	-60.8	-60.373
170	70	-61.29	-60.772
171	70	-59.73	-59.315
172	70	-59.8	-59.264
173	70	-57.83	-57.56
174	70	-57.35	-56.953
175	70	-55.06	-54.704
176	70	-54.29	-53.497
177	70	-51.65	-50.993
178	70	-50.48	-49.701
179	70	-47.29	-46.416
180	70	-45.61	-44.404
181	70	-42.08	-40.846
182	70	-40.1	0
183	70	-36.19	0
184	70	-33.97	0
185	70	-29.9	0
186	70	-27.12	0
187	70	-22.65	0
188	70	-19.54	0
189	70	-14.73	0
190	70	-12.04	0
191	70	-7.39	0
192	70	-4.28	0
193	70	0.16	0
194	70	3.29	0
195	70	7.75	0
196	70	11.25	0
197	70	18.05	0
198	70	23.13	0
199	70	30.69	0
200	70	36.13	0
201	70	43.01	0
202	70	48.33	0
203	70	55.18	0
204	70	60.62	0
205	70	67.44	0
206	70	72.68	0
207	70	79.47	0
208	70	84.88	0
209	70	91.84	0
210	70	97.36	0
211	70	104.46	0
212	70	110.18	0
213	70	117.37	0
214	70	123.25	0
215	70	130.49	0
216	70	136.26	0
217	70	143.78	0
218	70	150.02	0
219	70	157.71	0
220	70	164.18	0
221	70	171.98	0
222	70	178.63	0
223	70	186.91	0
224	70	193.94	0
225	70	202.36	0
226	70	209.5	0
227	70	217.99	0
228	70	225.24	0
229	70	233.72	0
230	70	240.99	0
231	70	249.63	0
232	70	257.1	0
233	70	266.35	0
234	70	274.47	0
146	71	-6.43	0
147	71	-10.8	0
148	71	-15.08	0
149	71	-21.14	0
150	71	-24.92	-25.46
151	71	-30.34	-30.602
152	71	-33.53	-33.897
153	71	-38.84	-38.48
154	71	-40.15	-39.961
155	71	-43.04	-43.183
156	71	-43.79	-43.866
157	71	-46.59	-46.48
158	71	-47.49	-47.899
159	71	-49.92	-49.728
160	71	-50.52	-50.283
161	71	-52.72	-53.051
162	71	-53.04	-52.888
163	71	-54.9	-54.768
164	71	-55.04	-54.758
165	71	-56.78	-56.257
166	71	-56.65	-56.111
167	71	-57.91	-57.467
168	71	-57.46	-57.102
169	71	-58.49	-58.08
170	71	-57.73	-57.313
171	71	-58.29	-57.837
172	71	-57.23	-56.745
173	71	-57.32	-56.889
174	71	-55.9	-55.579
175	71	-55.53	-55.174
176	71	-53.72	-53.391
177	71	-53.15	-52.392
178	71	-51.01	-50.346
179	71	-49.94	-49.067
180	71	-47.24	-46.687
181	71	-45.69	-44.74
182	71	-42.67	-41.722
183	71	-40.68	-39.523
184	71	-37.52	-36.17
185	71	-35.2	0
186	71	-31.63	0
187	71	-28.98	0
188	71	-24.99	0
189	71	-21.91	0
190	71	-17.38	0
191	71	-14.75	0
192	71	-10.56	0
193	71	-7.5	0
194	71	-3.52	0
195	71	-0.41	0
196	71	3.69	0
197	71	7.21	0
198	71	13.47	0
199	71	18.53	0
200	71	25.61	0
201	71	31.13	0
202	71	37.62	0
203	71	42.93	0
204	71	49.43	0
205	71	54.84	0
206	71	61.28	0
207	71	66.56	0
208	71	73.04	0
209	71	78.38	0
210	71	84.94	0
211	71	90.45	0
212	71	97.17	0
213	71	102.84	0
214	71	109.68	0
215	71	115.52	0
216	71	122.41	0
217	71	128.44	0
218	71	135.59	0
219	71	141.46	0
220	71	148.82	0
221	71	155.24	0
222	71	162.66	0
223	71	169.27	0
224	71	177.17	0
225	71	184.14	0
226	71	192.2	0
227	71	199.32	0
228	71	207.44	0
229	71	214.61	0
230	71	222.71	0
231	71	229.91	0
232	71	238.15	0
233	71	245.56	0
234	71	254.49	0
235	71	262.42	0
236	71	271.52	0
237	71	279.64	0
149	72	-7.26	0
150	72	-13.98	0
151	72	-17.85	0
152	72	-23.9	0
153	72	-27.26	0
154	72	-33.25	-33.301
155	72	-34.53	-34.689
156	72	-37.99	-37.961
157	72	-38.82	-39.004
158	72	-41.8	-42.797
159	72	-42.83	-42.846
160	72	-45.74	-45.91
161	72	-46.32	-46.267
162	72	-48.98	-49.18
163	72	-49.32	-49.316
164	72	-51.63	-51.77
165	72	-51.73	-51.661
166	72	-53.82	-53.794
167	72	-53.74	-53.468
168	72	-55.55	-55.303
169	72	-55.11	-54.81
170	72	-56.58	-56.216
171	72	-55.85	-55.433
172	72	-56.89	-56.395
173	72	-55.82	-55.284
174	72	-56.47	-55.852
175	72	-55.09	-54.49
176	72	-55.26	-54.584
177	72	-53.54	-52.89
178	72	-53.45	-52.445
179	72	-51.4	-50.473
180	72	-50.79	-49.79
181	72	-48.17	-47.414
182	72	-47.16	-46.06
183	72	-44.23	-43.286
184	72	-42.82	-41.5
185	72	-39.5	-38.396
186	72	-37.92	-36.403
187	72	-34.42	0
188	72	-32.29	0
189	72	-28.3	0
190	72	-26.01	0
191	72	-21.47	0
192	72	-19.31	0
193	72	-15.22	0
194	72	-12.77	0
195	72	-8.74	0
196	72	-6.09	0
197	72	-2	0
198	72	1.06	0
199	72	7.3	0
200	72	11.93	0
201	72	18.79	0
202	72	23.98	0
203	72	30.78	0
204	72	35.71	0
205	72	42.34	0
206	72	47.18	0
207	72	53.89	0
208	72	58.81	0
209	72	65.27	0
210	72	70.3	0
211	72	76.86	0
212	72	81.96	0
213	72	88.67	0
214	72	93.99	0
215	72	100.81	0
216	72	106.25	0
217	72	113.18	0
218	72	118.82	0
219	72	125.97	0
220	72	131.77	0
221	72	138.85	0
222	72	144.85	0
223	72	152.32	0
224	72	158.48	0
225	72	166.48	0
226	72	173.01	0
227	72	181.33	0
228	72	187.99	0
229	72	196.02	0
230	72	202.56	0
231	72	210.6	0
232	72	217.4	0
233	72	225.59	0
234	72	232.6	0
235	72	241.44	0
236	72	249.11	0
237	72	258.02	0
238	72	265.78	0
239	72	274.82	0
240	72	284.42	0
151	73	-4.33	0
152	73	-8.78	0
153	73	-14.92	0
154	73	-18.78	0
155	73	-24.87	0
156	73	-26.64	-26.371
157	73	-30.22	-29.673
158	73	-31.44	-31.328
159	73	-34.62	-35.096
160	73	-36.09	-35.995
161	73	-38.97	-38.775
162	73	-40.09	-40.467
163	73	-42.75	-42.554
164	73	-43.55	-43.249
165	73	-45.88	-45.813
166	73	-46.42	-46.137
167	73	-48.52	-48.463
168	73	-48.8	-48.636
169	73	-50.67	-50.375
170	73	-50.69	-50.217
171	73	-52.19	-51.735
172	73	-51.89	-51.475
173	73	-52.97	-52.594
174	73	-52.32	-52.007
175	73	-53.04	-52.49
176	73	-52.14	-51.474
177	73	-52.39	-51.724
178	73	-51.13	-50.533
179	73	-51.21	-50.362
180	73	-49.59	-48.935
181	73	-49.09	-48.441
182	73	-47	-46.433
183	73	-46	-45.296
184	73	-43.64	-42.84
185	73	-42.33	-41.396
186	73	-39.64	-38.61
187	73	-38.15	-36.878
188	73	-35.03	-33.804
189	73	-33.03	0
190	73	-29.53	0
191	73	-27.47	0
192	73	-23.15	0
193	73	-21.05	0
194	73	-17.44	0
195	73	-15.07	0
196	73	-11.47	0
197	73	-8.86	0
198	73	-5.17	0
199	73	-2.12	0
200	73	3.69	0
201	73	8.27	0
202	73	14.81	0
203	73	19.88	0
204	73	26.22	0
205	73	31.21	0
206	73	37.4	0
207	73	42.29	0
208	73	48.66	0
209	73	53.58	0
210	73	59.71	0
211	73	64.78	0
212	73	70.91	0
213	73	76.01	0
214	73	82.34	0
215	73	87.64	0
216	73	94.14	0
217	73	99.55	0
218	73	106.22	0
219	73	111.83	0
220	73	118.56	0
221	73	124.34	0
222	73	131.25	0
223	73	137.23	0
224	73	144.36	0
225	73	150.26	0
226	73	158.12	0
227	73	164.57	0
228	73	172.37	0
229	73	178.98	0
230	73	186.62	0
231	73	193.28	0
232	73	200.78	0
233	73	207.51	0
234	73	215.35	0
235	73	222.3	0
236	73	230.76	0
237	73	238.24	0
238	73	246.86	0
239	73	254.57	0
240	73	263.86	0
241	73	272.55	0
242	73	281.49	0
243	73	289.21	0
154	74	-7.65	0
155	74	-11.7	0
156	74	-18.17	0
157	74	-20.16	0
158	74	-24.28	-24.276
159	74	-25.42	-25.821
160	74	-29.04	-29.464
161	74	-30.43	-30.656
162	74	-33.85	-34.698
163	74	-35	-34.901
164	74	-38.11	-38.206
165	74	-38.95	-38.81
166	74	-41.74	-41.899
167	74	-42.31	-42.223
168	74	-44.83	-44.839
169	74	-45.11	-44.936
170	74	-47.4	-47.996
171	74	-47.4	-47.078
172	74	-49.31	-48.225
173	74	-49.02	-48.594
174	74	-50.55	-50.152
175	74	-49.9	-49.583
176	74	-51.14	-50.683
177	74	-50.22	-49.723
178	74	-51.05	-50.442
179	74	-49.83	-49.302
180	74	-50.41	-49.643
181	74	-48.85	-48.253
182	74	-48.84	-48.246
183	74	-46.83	-46.366
184	74	-46.39	-45.706
185	74	-44.03	-43.388
186	74	-43.33	-42.511
187	74	-40.73	-39.907
188	74	-39.6	-38.669
189	74	-36.68	-35.479
190	74	-35.11	-34.298
191	74	-32.17	0
192	74	-30.47	0
193	74	-26.17	0
194	74	-24.55	0
195	74	-21.04	0
196	74	-19.22	0
197	74	-15.68	0
198	74	-13.61	0
199	74	-10.01	0
200	74	-7.34	0
201	74	-1.53	0
202	74	2.56	0
203	74	8.94	0
204	74	13.62	0
205	74	20.22	0
206	74	24.84	0
207	74	31.24	0
208	74	35.71	0
209	74	41.97	0
210	74	46.72	0
211	74	52.92	0
212	74	57.58	0
213	74	63.81	0
214	74	68.54	0
215	74	74.88	0
216	74	79.81	0
217	74	86.29	0
218	74	91.33	0
219	74	97.92	0
220	74	103.21	0
221	74	109.92	0
222	74	115.36	0
223	74	122.25	0
224	74	127.87	0
225	74	135	0
226	74	140.85	0
227	74	148.38	0
228	74	154.59	0
229	74	162.19	0
230	74	168.4	0
231	74	176.02	0
232	74	182.3	0
233	74	189.91	0
234	74	196.29	0
235	74	204.09	0
236	74	210.65	0
237	74	218.95	0
238	74	226.16	0
239	74	234.84	0
240	74	242.39	0
241	74	251.19	0
242	74	259.53	0
243	74	268.15	0
244	74	275.33	0
245	74	286.5	0
246	74	293.78	0
247	74	303.29	0
156	75	-2.46	0
157	75	-9.06	0
158	75	-11.49	0
159	75	-15.71	0
160	75	-17.48	-17.247
161	75	-21.03	-20.809
162	75	-22.96	-22.629
163	75	-26.33	-26.663
164	75	-27.89	-27.647
165	75	-31.03	-30.692
166	75	-32.3	-32.405
167	75	-35.04	-34.872
168	75	-36.11	-35.761
169	75	-38.63	-38.35
170	75	-39.36	-38.971
171	75	-41.65	-41.408
172	75	-42.12	-41.651
173	75	-44.02	-43.722
174	75	-44.24	-43.676
175	75	-45.81	-45.277
176	75	-45.69	-45.112
177	75	-46.92	-46.323
178	75	-46.47	-45.782
179	75	-47.41	-46.592
180	75	-46.62	-45.841
181	75	-47.24	-46.515
182	75	-46.18	-45.446
183	75	-46.33	-45.81
184	75	-44.74	-44.223
185	75	-44.33	-43.821
186	75	-42.44	-41.93
187	75	-41.71	-41.218
188	75	-39.61	-39.018
189	75	-38.51	-37.979
190	75	-36.13	-35.568
191	75	-34.95	-34.35
192	75	-32.49	-31.708
193	75	-30.9	0
194	75	-27.6	0
195	75	-25.41	0
196	75	-22.34	0
197	75	-20.66	0
198	75	-17.53	0
199	75	-15.5	0
200	75	-12.13	0
201	75	-9.53	0
202	75	-4.19	0
203	75	0	0
204	75	6.05	0
205	75	10.56	0
206	75	16.57	0
207	75	21.18	0
208	75	27.16	0
209	75	31.72	0
210	75	37.61	0
211	75	42.4	0
212	75	48.26	0
213	75	52.95	0
214	75	58.83	0
215	75	63.56	0
216	75	69.51	0
217	75	74.44	0
218	75	80.56	0
219	75	85.59	0
220	75	91.84	0
221	75	97.05	0
222	75	103.46	0
223	75	108.86	0
224	75	115.37	0
225	75	121.01	0
226	75	127.72	0
227	75	133.55	0
228	75	140.75	0
229	75	146.82	0
230	75	154.05	0
231	75	160.26	0
232	75	167.61	0
233	75	173.85	0
234	75	181.15	0
235	75	187.42	0
236	75	194.94	0
237	75	201.42	0
238	75	209.4	0
239	75	216.63	0
240	75	224.9	0
241	75	232.8	0
242	75	241.49	0
243	75	248.8	0
244	75	257.09	0
245	75	265.14	0
246	75	275.02	0
247	75	282.39	0
248	75	291.34	0
249	75	298.72	0
250	75	307.22	0
159	76	-4.33	0
160	76	-9.07	0
161	76	-10.71	0
162	76	-14.69	-15.072
163	76	-16.41	-16.722
164	76	-20.24	-20.561
165	76	-21.84	-21.914
166	76	-25.44	-26.142
167	76	-26.77	-26.497
168	76	-30.02	-29.963
169	76	-30.97	-30.668
170	76	-33.98	-33.935
171	76	-34.77	-34.428
172	76	-37.45	-37.187
173	76	-37.92	-37.454
174	76	-40.34	-40.699
175	76	-40.35	-39.98
176	76	-42.45	-43.074
177	76	-42.3	-41.875
178	76	-44.04	-43.456
179	76	-43.56	-42.894
180	76	-45.06	-44.425
181	76	-44.26	-43.525
182	76	-45.39	-44.538
183	76	-44.33	-43.678
184	76	-45.02	-44.255
185	76	-43.45	-42.809
186	76	-43.56	-42.999
187	76	-41.72	-41.221
188	76	-41.35	-41.139
189	76	-39.26	-38.988
190	76	-38.69	-38.708
191	76	-36.53	-36.395
192	76	-36.02	-35.882
193	76	-33.62	-33.396
194	76	-32.62	-32.435
195	76	-29.61	-29.692
196	76	-27.97	-28.296
197	76	-25.09	0
198	76	-23.9	0
199	76	-20.85	0
200	76	-19.29	0
201	76	-16.14	0
202	76	-13.9	0
203	76	-8.64	0
204	76	-4.89	0
205	76	1.11	0
206	76	5.25	0
207	76	11.39	0
208	76	15.66	0
209	76	21.82	0
210	76	26.04	0
211	76	31.94	0
212	76	36.26	0
213	76	42.33	0
214	76	46.68	0
215	76	52.6	0
216	76	57	0
217	76	63.03	0
218	76	67.58	0
219	76	73.74	0
220	76	78.36	0
221	76	84.62	0
222	76	89.48	0
223	76	95.84	0
224	76	100.85	0
225	76	107.4	0
226	76	112.64	0
227	76	119.39	0
228	76	124.86	0
229	76	132.04	0
230	76	137.76	0
231	76	145	0
232	76	150.89	0
233	76	158.3	0
234	76	164.19	0
235	76	171.49	0
236	76	177.43	0
237	76	184.9	0
238	76	190.99	0
239	76	199.02	0
240	76	205.99	0
241	76	214.46	0
242	76	221.93	0
243	76	230.19	0
244	76	237.37	0
245	76	247.15	0
246	76	254.94	0
247	76	262.36	0
248	76	269.33	0
249	76	278.66	0
250	76	285.71	0
251	76	294.13	0
252	76	301.56	0
253	76	309.85	0
162	77	-2.2	0
163	77	-6.12	0
164	77	-8.16	0
165	77	-11.88	-11.569
166	77	-13.83	-13.501
167	77	-17.37	-17.743
168	77	-19.15	-18.662
169	77	-22.34	-21.992
170	77	-23.76	-23.807
171	77	-26.7	-26.288
172	77	-27.81	-27.346
173	77	-30.4	-30.08
174	77	-31.29	-30.922
175	77	-33.66	-33.274
176	77	-34.51	-33.989
177	77	-36.33	-36.17
178	77	-36.81	-37.181
179	77	-38.7	-38.052
180	77	-38.63	-38.605
181	77	-40.17	-39.456
182	77	-39.67	-39.004
183	77	-40.92	-40.228
184	77	-40.26	-39.693
185	77	-41.1	-40.436
186	77	-39.97	-39.168
187	77	-39.92	-39.718
188	77	-38.41	-38.329
189	77	-38.28	-38.455
190	77	-36.82	-36.708
191	77	-36.53	-36.709
192	77	-34.8	-34.836
193	77	-34.41	-34.536
194	77	-32.39	-32.532
195	77	-31.68	-31.692
196	77	-29.22	-29.454
197	77	-27.92	-28.283
198	77	-25.77	-25.821
199	77	-24.52	-24.417
200	77	-21.89	0
201	77	-20.39	0
202	77	-17.62	0
203	77	-15.43	0
204	77	-10.43	0
205	77	-6.88	0
206	77	-1.25	0
207	77	2.8	0
208	77	8.64	0
209	77	12.89	0
210	77	18.71	0
211	77	22.93	0
212	77	28.5	0
213	77	32.8	0
214	77	38.61	0
215	77	42.93	0
216	77	48.61	0
217	77	52.97	0
218	77	58.62	0
219	77	63.16	0
220	77	68.96	0
221	77	73.68	0
222	77	79.57	0
223	77	84.44	0
224	77	90.41	0
225	77	95.43	0
226	77	101.56	0
227	77	106.79	0
228	77	113.18	0
229	77	118.67	0
230	77	125.51	0
231	77	131.31	0
232	77	138.35	0
233	77	144.2	0
234	77	151.35	0
235	77	157.22	0
236	77	164.22	0
237	77	170.13	0
238	77	177.14	0
239	77	183.28	0
240	77	190.97	0
241	77	197.88	0
242	77	206.21	0
243	77	213.16	0
244	77	221.12	0
245	77	229.4	0
246	77	237.59	0
247	77	245.03	0
248	77	251.82	0
249	77	258.8	0
250	77	267.75	0
251	77	275.06	0
252	77	283.15	0
253	77	290.38	0
254	77	298.28	0
255	77	305.96	0
256	77	315.23	0
165	78	-0.81	0
166	78	-5	0
167	78	-6.77	0
168	78	-10.63	-11.146
169	78	-12.53	-12.649
170	78	-16.11	-17.014
171	78	-17.53	-17.465
172	78	-20.93	-21.074
173	78	-22.18	-21.89
174	78	-25.25	-25.326
175	78	-26.25	-25.825
176	78	-29	-28.876
177	78	-29.58	-29.386
178	78	-32.18	-32.701
179	78	-32.41	-32.16
180	78	-34.58	-35.375
181	78	-34.64	-34.3
182	78	-36.47	-36.079
183	78	-36.2	-35.65
184	78	-37.78	-37.398
185	78	-37.15	-36.558
186	78	-38.22	-37.789
187	78	-37.25	-36.74
188	78	-37.14	-37.823
189	78	-35.88	-36.485
190	78	-36.56	-37.325
191	78	-35.09	-35.691
192	78	-35.54	-36.296
193	78	-33.88	-34.48
194	78	-34.13	-34.779
195	78	-32.29	-32.812
196	78	-32.27	-32.663
197	78	-30.01	-30.438
198	78	-29.64	-29.923
199	78	-27.49	-27.408
200	78	-26.73	-26.618
201	78	-24.16	-23.756
202	78	-23.06	-22.598
203	78	-20.35	0
204	78	-18.54	0
205	78	-13.71	0
206	78	-10.43	0
207	78	-4.8	0
208	78	-1.12	0
209	78	4.53	0
210	78	8.44	0
211	78	14.23	0
212	78	18.21	0
213	78	23.85	0
214	78	27.85	0
215	78	33.54	0
216	78	37.53	0
217	78	43.29	0
218	78	47.35	0
219	78	53.06	0
220	78	57.27	0
221	78	63.08	0
222	78	67.39	0
223	78	73.27	0
224	78	77.79	0
225	78	83.82	0
226	78	88.48	0
227	78	94.68	0
228	78	99.56	0
229	78	105.94	0
230	78	111.08	0
231	78	117.93	0
232	78	123.36	0
233	78	130.26	0
234	78	135.9	0
235	78	142.98	0
236	78	148.59	0
237	78	155.59	0
238	78	161.18	0
239	78	168.2	0
240	78	174.01	0
241	78	181.68	0
242	78	188.15	0
243	78	196.49	0
244	78	203.11	0
245	78	213.16	0
246	78	218.8	0
247	78	227.03	0
248	78	233.85	0
249	78	241.76	0
250	78	248.14	0
251	78	256.18	0
252	78	262.89	0
253	78	271.06	0
254	78	277.93	0
255	78	285.36	0
256	78	292.68	0
257	78	301.92	0
258	78	309.21	0
259	78	317.96	0
260	78	325.59	0
167	79	3.73	0
168	79	1.51	0
169	79	-2.35	0
170	79	-4.29	0
171	79	-7.89	-7.662
172	79	-9.55	-9.213
173	79	-12.87	-12.67
174	79	-14.3	-14.6
175	79	-17.34	-17.185
176	79	-18.52	-18.379
177	79	-21.32	-21.224
178	79	-22.28	-22.379
179	79	-24.82	-24.767
180	79	-25.53	-25.713
181	79	-27.81	-27.993
182	79	-28.24	-29.229
183	79	-30.25	-30.161
184	79	-30.37	-30.948
185	79	-32.01	-31.851
186	79	-31.82	-31.673
187	79	-33.13	-33.01
188	79	-32.55	-32.303
189	79	-33.57	-33.325
190	79	-32.8	-32.883
191	79	-33.56	-33.861
192	79	-32.55	-32.779
193	79	-33.1	-33.411
194	79	-31.86	-32.287
195	79	-32.19	-32.586
196	79	-30.76	-31.157
197	79	-30.81	-31.157
198	79	-29.1	-29.598
199	79	-28.72	-29.111
200	79	-27.04	-27.276
201	79	-26.32	-26.416
202	79	-24.14	-24.416
203	79	-23.14	-23.159
204	79	-20.86	-20.767
205	79	-19.18	-18.993
206	79	-14.62	0
207	79	-11.47	0
208	79	-6.39	0
209	79	-2.6	0
210	79	2.69	0
211	79	6.55	0
212	79	11.83	0
213	79	15.79	0
214	79	21.24	0
215	79	25.23	0
216	79	30.71	0
217	79	34.71	0
218	79	40.17	0
219	79	44.23	0
220	79	49.6	0
221	79	53.86	0
222	79	59.34	0
223	79	63.62	0
224	79	69.19	0
225	79	73.69	0
226	79	79.4	0
227	79	84.06	0
228	79	89.91	0
229	79	94.77	0
230	79	100.84	0
231	79	105.94	0
232	79	112.47	0
233	79	117.89	0
234	79	124.45	0
235	79	130.04	0
236	79	136.76	0
237	79	142.31	0
238	79	149.22	0
239	79	154.63	0
240	79	161.41	0
241	79	167.18	0
242	79	174.55	0
243	79	181.31	0
244	79	191.25	0
245	79	197.39	0
246	79	204.69	0
247	79	210.56	0
248	79	218.2	0
249	79	224.54	0
250	79	230.82	0
251	79	237.45	0
252	79	245.17	0
253	79	253.03	0
254	79	260.85	0
255	79	266.77	0
256	79	274.74	0
257	79	281.97	0
258	79	290.84	0
259	79	298.14	0
260	79	306.56	0
261	79	314.17	0
262	79	322.81	0
263	79	330.9	0
170	80	4.84	0
171	80	2.89	0
172	80	-1.16	0
173	80	-2.88	0
174	80	-6.64	0
175	80	-8.11	-8
176	80	-11.61	-11.724
177	80	-12.79	-12.727
178	80	-16.01	-16.323
179	80	-16.99	-16.969
180	80	-19.94	-20.193
181	80	-20.68	-20.674
182	80	-23.41	-24.279
183	80	-23.86	-23.696
184	80	-26.33	-27.288
185	80	-26.52	-26.098
186	80	-28.58	-28.448
187	80	-28.48	-28.145
188	80	-30.27	-30.263
189	80	-29.81	-29.125
190	80	-31.33	-30.778
191	80	-30.64	-30.681
192	80	-31.89	-31.744
193	80	-30.94	-31.071
194	80	-31.94	-32.247
195	80	-30.8	-31.076
196	80	-31.66	-31.843
197	80	-30.17	-30.557
198	80	-30.75	-30.97
199	80	-29.12	-29.563
200	80	-29.3	-29.52
201	80	-27.45	-27.679
202	80	-27.28	-27.362
203	80	-25.19	-25.283
204	80	-24.66	-24.707
205	80	-22.52	-22.304
206	80	-21.2	-20.96
207	80	-16.78	-16.229
208	80	-13.99	-13.097
209	80	-8.95	0
210	80	-5.58	0
211	80	-0.32	0
212	80	3.13	0
213	80	8.51	0
214	80	12.02	0
215	80	17.64	0
216	80	21.35	0
217	80	27.01	0
218	80	30.71	0
219	80	36.12	0
220	80	39.8	0
221	80	45.08	0
222	80	48.98	0
223	80	54.46	0
224	80	58.38	0
225	80	63.93	0
226	80	68.09	0
227	80	73.77	0
228	80	78.07	0
229	80	83.92	0
230	80	88.46	0
231	80	94.53	0
232	80	99.29	0
233	80	105.83	0
234	80	110.91	0
235	80	117.58	0
236	80	122.73	0
237	80	129.44	0
238	80	134.67	0
239	80	141.45	0
240	80	146.62	0
241	80	153.48	0
242	80	158.99	0
243	80	166.22	0
244	80	174.31	0
245	80	181.55	0
246	80	187.02	0
247	80	194.06	0
248	80	199.57	0
249	80	206.79	0
250	80	212.82	0
251	80	220.37	0
252	80	226.6	0
253	80	234.34	0
254	80	240.85	0
255	80	248.57	0
256	80	255.16	0
257	80	263.17	0
258	80	270.06	0
259	80	278.76	0
260	80	285.76	0
261	80	294.19	0
262	80	301.45	0
263	80	310.04	0
264	80	317.82	0
265	80	327.93	0
266	80	336.39	0
173	81	8	0
174	81	5.92	0
175	81	2.12	0
176	81	0.3	0
177	81	-3.24	-2.905
178	81	-4.87	-4.445
179	81	-8.17	-7.949
180	81	-9.5	-9.135
181	81	-12.57	-12.199
182	81	-13.65	-13.404
183	81	-16.44	-16.118
184	81	-17.26	-16.99
185	81	-19.74	-19.468
186	81	-20.36	-20.912
187	81	-22.51	-22.197
188	81	-22.88	-22.43
189	81	-24.76	-23.948
190	81	-24.84	-23.778
191	81	-26.49	-25.838
192	81	-26.3	-25.364
193	81	-27.71	-27.434
194	81	-27.19	-26.964
195	81	-28.42	-28.271
196	81	-27.75	-27.466
197	81	-28.59	-28.377
198	81	-27.68	-27.51
199	81	-28.22	-28.118
200	81	-27.1	-27.064
201	81	-27.33	-27.196
202	81	-26.04	-25.997
203	81	-25.9	-25.775
204	81	-24.19	-24.36
205	81	-23.78	-23.835
206	81	-21.92	-22.267
207	81	-20.71	-21.044
208	81	-16.64	-16.763
209	81	-13.89	-13.647
210	81	-9.19	-9.254
211	81	-5.97	0
212	81	-1.22	0
213	81	2.25	0
214	81	7.2	0
215	81	10.79	0
216	81	15.99	0
217	81	19.59	0
218	81	24.49	0
219	81	28.27	0
220	81	33.67	0
221	81	37.68	0
222	81	42.63	0
223	81	46.54	0
224	81	51.67	0
225	81	55.6	0
226	81	60.85	0
227	81	65	0
228	81	70.3	0
229	81	74.6	0
230	81	80.08	0
231	81	84.59	0
232	81	90.31	0
233	81	95.07	0
234	81	101.26	0
235	81	106.37	0
236	81	112.64	0
237	81	117.82	0
238	81	124.19	0
239	81	129.43	0
240	81	135.79	0
241	81	142.95	0
242	81	149.6	0
243	81	154.92	0
244	81	161.71	0
245	81	167.21	0
246	81	174.17	0
247	81	179.92	0
248	81	186.81	0
249	81	192.57	0
250	81	199.73	0
251	81	205.79	0
252	81	213.09	0
253	81	219.19	0
254	81	226.63	0
255	81	232.99	0
256	81	240.47	0
257	81	246.56	0
258	81	254.41	0
259	81	261.17	0
260	81	268.89	0
261	81	275.88	0
262	81	283.92	0
263	81	291.14	0
264	81	299.52	0
265	81	307.3	0
266	81	317.11	0
267	81	325.54	0
268	81	335.77	0
269	81	344.56	0
175	82	13.72	0
176	82	9.42	0
177	82	7.45	0
178	82	3.43	0
179	82	1.77	0
180	82	-2.03	0
181	82	-3.43	-3.061
182	82	-6.93	-6.822
183	82	-8.09	-7.517
184	82	-11.24	-10.993
185	82	-12.09	-11.569
186	82	-14.99	-15.383
187	82	-15.52	-14.876
188	82	-18.18	-18.752
189	82	-18.52	-17.81
190	82	-20.87	-20.325
191	82	-20.88	-20.307
192	82	-23.09	-22.617
193	82	-22.83	-22.281
194	82	-24.79	-23.615
195	82	-24.3	-22.43
196	82	-25.96	-25.42
197	82	-25.26	-24.796
198	82	-26.61	-26.1
199	82	-25.67	-25.235
200	82	-26.71	-26.254
201	82	-25.61	-25.293
202	82	-26.3	-25.948
203	82	-24.99	-24.801
204	82	-25.44	-25.124
205	82	-23.9	-23.784
206	82	-23.98	-23.801
207	82	-22.02	-22.467
208	82	-21.15	-21.764
209	82	-17.17	-17.629
210	82	-14.8	-14.743
211	82	-10.16	-10.497
212	82	-7.39	-7.557
213	82	-2.52	-3.26
214	82	0.41	-0.188
215	82	5.32	0
216	82	8.34	0
217	82	13.27	0
218	82	16.48	0
219	82	21.6	0
220	82	25	0
221	82	30.97	0
222	82	34.32	0
223	82	39.22	0
224	82	42.66	0
225	82	47.86	0
226	82	51.37	0
227	82	56.54	0
228	82	60.31	0
229	82	65.59	0
230	82	69.54	0
231	82	75.01	0
232	82	79.18	0
233	82	84.85	0
234	82	89.32	0
235	82	95.51	0
236	82	100.26	0
237	82	106.57	0
238	82	111.45	0
239	82	117.79	0
240	82	122.71	0
241	82	129.1	0
242	82	135.49	0
243	82	142.1	0
244	82	147.08	0
245	82	153.85	0
246	82	158.81	0
247	82	165.92	0
248	82	171.32	0
249	82	178.19	0
250	82	183.64	0
251	82	190.79	0
252	82	196.46	0
253	82	203.74	0
254	82	209.64	0
255	82	217.07	0
256	82	223.13	0
257	82	230.65	0
258	82	236.76	0
259	82	244.28	0
260	82	250.57	0
261	82	258.31	0
262	82	265	0
263	82	272.99	0
264	82	279.93	0
265	82	288.32	0
266	82	295.78	0
267	82	305.61	0
268	82	313.71	0
269	82	323.86	0
270	82	332.27	0
271	82	342.06	0
272	82	350.38	0
273	82	360.04	0
178	83	18.31	0
179	83	14.27	0
180	83	12.1	0
181	83	8.53	0
182	83	6.41	0
183	83	3.02	0
184	83	1.39	0
185	83	-1.93	-2.135
186	83	-3.3	-3.279
187	83	-6.28	-6.094
188	83	-7.35	-7.291
189	83	-10.05	-9.776
190	83	-10.88	-11.625
191	83	-13.31	-12.991
192	83	-13.86	-13.629
193	83	-16.05	-15.219
194	83	-16.32	-15.435
195	83	-18.25	-17.58
196	83	-18.23	-17.478
197	83	-19.94	-19.623
198	83	-19.75	-19.539
199	83	-21.14	-20.887
200	83	-20.68	-20.361
201	83	-21.73	-21.452
202	83	-21.06	-20.796
203	83	-21.81	-21.547
204	83	-20.9	-20.674
205	83	-21.31	-21.075
206	83	-20.11	-20.043
207	83	-20.2	-20.069
208	83	-18.74	-18.884
209	83	-17.99	-18.273
210	83	-14.43	-14.806
211	83	-12.05	-11.869
212	83	-7.87	-8.131
213	83	-5.18	-5.24
214	83	-0.66	-1.212
215	83	2.14	1.707
216	83	6.55	5.775
217	83	9.48	0
218	83	13.94	0
219	83	17.17	0
220	83	21.81	0
221	83	25.08	0
222	83	29.89	0
223	83	33.19	0
224	83	37.74	0
225	83	41.29	0
226	83	46.03	0
227	83	49.54	0
228	83	54.34	0
229	83	58.13	0
230	83	63.04	0
231	83	66.99	0
232	83	72.09	0
233	83	76.27	0
234	83	81.61	0
235	83	86.04	0
236	83	91.89	0
237	83	96.63	0
238	83	102.6	0
239	83	107.45	0
240	83	113.47	0
241	83	118.38	0
242	83	124.44	0
243	83	130.81	0
244	83	137.18	0
245	83	142.12	0
246	83	148.51	0
247	83	153.72	0
248	83	160.18	0
249	83	165.6	0
250	83	172.09	0
251	83	177.56	0
252	83	184.38	0
253	83	190.12	0
254	83	197.04	0
255	83	202.88	0
256	83	210	0
257	83	216.07	0
258	83	223.26	0
259	83	229.21	0
260	83	236.65	0
261	83	243.05	0
262	83	250.39	0
263	83	257.04	0
264	83	264.77	0
265	83	271.72	0
266	83	279.79	0
267	83	287.29	0
268	83	296.79	0
269	83	304.87	0
270	83	314.72	0
271	83	323.08	0
272	83	332.57	0
273	83	340.92	0
274	83	350.23	0
275	83	358.71	0
276	83	370.62	0
181	84	20.06	0
182	84	15.55	0
183	84	13.24	0
184	84	9.13	0
185	84	7.2	0
186	84	3.63	0
187	84	2.22	0
188	84	-0.77	0
189	84	-1.66	0
190	84	-4.43	-5.315
191	84	-5.06	-4.98
192	84	-8.06	-9.007
193	84	-8.57	-8.289
194	84	-10.85	-10.913
195	84	-11.19	-11.136
196	84	-13.4	-13.535
197	84	-13.54	-13.445
198	84	-15.53	-14.881
199	84	-15.32	-13.931
200	84	-17.17	-17.014
201	84	-16.7	-16.572
202	84	-18.22	-17.975
203	84	-17.57	-17.314
204	84	-18.74	-18.344
205	84	-17.86	-17.544
206	84	-18.83	-18.197
207	84	-17.72	-17.16
208	84	-18.23	-17.483
209	84	-16.78	-16.38
210	84	-16.33	-15.968
211	84	-12.84	-12.448
212	84	-10.94	-10.385
213	84	-6.77	-6.667
214	84	-4.46	-4.484
215	84	-0.09	-0.545
216	84	2.29	1.775
217	84	6.39	5.825
218	84	8.88	8.352
219	84	13.47	0
220	84	16.24	0
221	84	20.76	0
222	84	23.61	0
223	84	27.99	0
224	84	30.89	0
225	84	35.35	0
226	84	38.45	0
227	84	43.12	0
228	84	46.24	0
229	84	51	0
230	84	54.4	0
231	84	59.22	0
232	84	62.81	0
233	84	67.91	0
234	84	71.72	0
235	84	77.01	0
236	84	81.12	0
237	84	86.95	0
238	84	91.38	0
239	84	97.37	0
240	84	101.92	0
241	84	107.96	0
242	84	112.56	0
243	84	118.61	0
244	84	123.27	0
245	84	129.45	0
246	84	134.37	0
247	84	142.14	0
248	84	146.84	0
249	84	153.41	0
250	84	158.51	0
251	84	164.98	0
252	84	170.12	0
253	84	176.96	0
254	84	182.35	0
255	84	189.27	0
256	84	194.19	0
257	84	201.9	0
258	84	207.65	0
259	84	214.77	0
260	84	220.53	0
261	84	227.92	0
262	84	234.01	0
263	84	241.36	0
264	84	247.62	0
265	84	255.37	0
266	84	261.99	0
267	84	270.07	0
268	84	277.24	0
269	84	286.75	0
270	84	294.49	0
271	84	304.23	0
272	84	312.3	0
273	84	321.64	0
274	84	329.64	0
275	84	338.9	0
276	84	349.46	0
277	84	358.45	0
278	84	366.19	0
279	84	375.51	0
184	85	22.63	0
185	85	18.32	0
186	85	15.97	0
187	85	12.34	0
188	85	10.59	0
189	85	7.44	0
190	85	6.14	0
191	85	3.59	0
192	85	2.28	0
193	85	-0.47	0.175
194	85	-1.43	-0.959
195	85	-3.78	-3.21
196	85	-4.3	-4.003
197	85	-6.37	-5.69
198	85	-6.69	-6.116
199	85	-8.64	-8.375
200	85	-8.9	-8.457
201	85	-10.62	-10.724
202	85	-10.66	-10.76
203	85	-12.09	-12.252
204	85	-12.06	-11.866
205	85	-12.96	-13.007
206	85	-12.77	-12.483
207	85	-13.58	-13.25
208	85	-12.77	-12.498
209	85	-13.28	-12.893
210	85	-12.27	-11.987
211	85	-11.87	-11.662
212	85	-8.75	-8.631
213	85	-6.99	-6.594
214	85	-3.23	-3.394
215	85	-0.96	-1.266
216	85	2.94	2.244
217	85	4.89	4.387
218	85	8.46	8.087
219	85	10.94	10.523
220	85	14.61	14.253
221	85	17.2	16.897
222	85	21.35	20.8
223	85	24.14	23.604
224	85	28.09	0
225	85	30.9	0
226	85	34.95	0
227	85	37.98	0
228	85	42.25	0
229	85	45.33	0
230	85	49.71	0
231	85	53.07	0
232	85	57.54	0
233	85	61.14	0
234	85	65.86	0
235	85	69.68	0
236	85	74.6	0
237	85	78.55	0
238	85	84.22	0
239	85	88.61	0
240	85	94.35	0
241	85	98.86	0
242	85	104.56	0
243	85	109.14	0
244	85	114.87	0
245	85	119.52	0
246	85	125.4	0
247	85	130.27	0
248	85	137.69	0
249	85	142.6	0
250	85	148.83	0
251	85	153.87	0
252	85	160.07	0
253	85	165.14	0
254	85	171.59	0
255	85	177.02	0
256	85	183.61	0
257	85	188.29	0
258	85	195.95	0
259	85	201.68	0
260	85	208.53	0
261	85	214.22	0
262	85	221.32	0
263	85	227.4	0
264	85	234.61	0
265	85	240.89	0
266	85	248.31	0
267	85	254.96	0
268	85	262.7	0
269	85	269.9	0
270	85	279.08	0
271	85	286.78	0
272	85	296.28	0
273	85	304.32	0
274	85	313.44	0
275	85	321.3	0
276	85	332.15	0
277	85	339.79	0
278	85	348.48	0
279	85	356.23	0
280	85	365.01	0
281	85	373.06	0
282	85	382.03	0
186	86	25.91	0
187	86	23.49	0
188	86	19.43	0
189	86	17.57	0
190	86	14.04	0
191	86	12.79	0
192	86	9.69	0
193	86	8.7	0
194	86	5.75	0
195	86	4.74	0
196	86	1.93	1.041
197	86	1.27	1.547
198	86	-1.13	-1.136
199	86	-1.53	-1.575
200	86	-3.66	-4.067
201	86	-3.82	-4.159
202	86	-6.1	-5.683
203	86	-6.14	-4.876
204	86	-8.06	-8.044
205	86	-7.92	-7.761
206	86	-9.28	-9.166
207	86	-8.93	-8.638
208	86	-10.06	-9.658
209	86	-9.3	-8.964
210	86	-10.27	-9.613
211	86	-9.28	-8.77
212	86	-9.26	-8.673
213	86	-6.17	-5.712
214	86	-4.77	-4.335
215	86	-1.04	-1.184
216	86	0.7	0.24
217	86	4.14	3.646
218	86	5.92	5.204
219	86	9.2	8.826
220	86	11.07	10.604
221	86	14.6	14.396
222	86	16.93	16.367
223	86	20.93	20.297
224	86	23.23	22.44
225	86	27.08	26.492
226	86	29.47	28.774
227	86	33.43	32.981
228	86	36	35.475
229	86	40.16	0
230	86	42.87	0
231	86	47.17	0
232	86	50.15	0
233	86	54.6	0
234	86	57.82	0
235	86	62.56	0
236	86	66	0
237	86	70.92	0
238	86	74.51	0
239	86	80.22	0
240	86	84.24	0
241	86	89.91	0
242	86	94.15	0
243	86	99.88	0
244	86	104.15	0
245	86	109.88	0
246	86	114.19	0
247	86	120.04	0
248	86	124.59	0
249	86	130.74	0
250	86	136.77	0
251	86	143.18	0
252	86	147.86	0
253	86	153.93	0
254	86	158.73	0
255	86	165.13	0
256	86	170.23	0
257	86	176.82	0
258	86	181.16	0
259	86	188.87	0
260	86	194.31	0
261	86	201.16	0
262	86	206.37	0
263	86	213.44	0
264	86	219.4	0
265	86	226.59	0
266	86	232.6	0
267	86	240.09	0
268	86	246.45	0
269	86	254.19	0
270	86	261.08	0
271	86	270.26	0
272	86	277.61	0
273	86	287.05	0
274	86	294.65	0
275	86	303.68	0
276	86	311.29	0
277	86	321.35	0
278	86	328.68	0
279	86	337.33	0
280	86	344.75	0
281	86	353.67	0
282	86	361.37	0
283	86	370.38	0
284	86	377.82	0
285	86	386.97	0
286	86	394.85	0
189	87	28.99	0
190	87	26.71	0
191	87	23.09	0
192	87	21.23	0
193	87	18.12	0
194	87	16.9	0
195	87	13.92	0
196	87	13.01	0
197	87	10.15	0
198	87	9.04	0
199	87	6.52	0
200	87	5.77	6.054
201	87	3.55	4.273
202	87	3.02	3.697
203	87	1	1.326
204	87	0.67	1.138
205	87	-1.45	-1.245
206	87	-1.69	-1.409
207	87	-3.18	-2.925
208	87	-2.96	-2.67
209	87	-4.09	-3.805
210	87	-3.67	-3.355
211	87	-4.64	-4.164
212	87	-4.03	-3.544
213	87	-4.01	-3.563
214	87	-1.35	-0.974
215	87	-0.07	0.304
216	87	3.24	2.969
217	87	5	4.3
218	87	7.45	7.045
219	87	8.84	8.608
220	87	11.72	11.469
221	87	13.4	13.27
222	87	16.73	16.342
223	87	18.8	18.379
224	87	22.28	21.644
225	87	24.41	23.853
226	87	27.92	27.333
227	87	30.28	29.652
228	87	33.9	32.394
229	87	36.37	35.793
230	87	40.14	39.598
231	87	42.82	42.296
232	87	46.74	46.253
233	87	49.67	0
234	87	53.79	0
235	87	57.01	0
236	87	61.36	0
237	87	64.82	0
238	87	69.35	0
239	87	72.91	0
240	87	78.18	0
241	87	82.36	0
242	87	87.7	0
243	87	91.91	0
244	87	97.35	0
245	87	101.64	0
246	87	107	0
247	87	111.31	0
248	87	116.81	0
249	87	121.38	0
250	87	127.18	0
251	87	133.34	0
252	87	139.31	0
253	87	144	0
254	87	149.87	0
255	87	154.58	0
256	87	160.69	0
257	87	165.72	0
258	87	171.97	0
259	87	176.41	0
260	87	183.75	0
261	87	189.28	0
262	87	195.75	0
263	87	200.91	0
264	87	207.69	0
265	87	213.77	0
266	87	220.65	0
267	87	226.72	0
268	87	233.82	0
269	87	240.21	0
270	87	247.62	0
271	87	254.51	0
272	87	263.37	0
273	87	270.71	0
274	87	279.88	0
275	87	287.5	0
276	87	297.14	0
277	87	304.34	0
278	87	312.65	0
279	87	319.95	0
280	87	328.3	0
281	87	335.7	0
282	87	344.44	0
283	87	352	0
284	87	361.1	0
285	87	369.18	0
286	87	376.95	0
287	87	384.87	0
288	87	395.7	0
289	87	403.74	0
192	88	30.7	0
193	88	28.93	0
194	88	25.37	0
195	88	24.02	0
196	88	20.7	0
197	88	19.44	0
198	88	16.76	0
199	88	15.6	0
200	88	12.76	0
201	88	11.91	0
202	88	9.34	0
203	88	8.77	8.579
204	88	6.31	5.994
205	88	5.93	5.763
206	88	3.47	4.158
207	88	3.26	4.822
208	88	1.38	1.654
209	88	1.59	1.811
210	88	0.15	0.416
211	88	0.53	0.833
212	88	-0.81	-0.202
213	88	-0.17	0.322
214	88	-0.62	0.085
215	88	1.93	2.519
216	88	2.85	3.277
217	88	6.05	5.874
218	88	7.36	6.636
219	88	9.36	9.379
220	88	10.48	10.26
221	88	13.13	12.955
222	88	14.34	14.309
223	88	17.74	17.23
224	88	19.38	18.818
225	88	22.47	21.987
226	88	24.24	23.662
227	88	27.68	27.172
228	88	29.62	28.936
229	88	33.12	32.435
230	88	35.15	34.544
231	88	38.86	38.396
232	88	41.14	40.7
233	88	45.02	44.707
234	88	47.63	47.085
235	88	51.63	0
236	88	54.46	0
237	88	58.78	0
238	88	61.88	0
239	88	66.51	0
240	88	69.71	0
241	88	74.98	0
242	88	78.85	0
243	88	84.18	0
244	88	87.99	0
245	88	93.41	0
246	88	97.41	0
247	88	102.78	0
248	88	106.79	0
249	88	112.29	0
250	88	116.49	0
251	88	122.34	0
252	88	126.99	0
253	88	134.26	0
254	88	138.77	0
255	88	144.51	0
256	88	148.98	0
257	88	154.98	0
258	88	159.74	0
259	88	165.99	0
260	88	169.94	0
261	88	177.48	0
262	88	182.65	0
263	88	189.16	0
264	88	193.9	0
265	88	200.79	0
266	88	206.46	0
267	88	213.51	0
268	88	219.24	0
269	88	226.41	0
270	88	232.47	0
271	88	239.91	0
272	88	246.49	0
273	88	255.35	0
274	88	262.35	0
275	88	271.45	0
276	88	278.74	0
277	88	287.65	0
278	88	294.55	0
279	88	302.79	0
280	88	309.74	0
281	88	318.1	0
282	88	325.4	0
283	88	334.03	0
284	88	341.32	0
285	88	350.58	0
286	88	358.02	0
287	88	366.85	0
288	88	373.41	0
289	88	384.15	0
290	88	391.86	0
291	88	398.87	0
292	88	406.7	0
195	89	34.82	0
196	89	32.9	0
197	89	29.58	0
198	89	28.05	0
199	89	25.38	0
200	89	24.33	0
201	89	21.42	0
202	89	20.17	0
203	89	17.52	0
204	89	16.52	0
205	89	14.05	0
206	89	13.27	0
207	89	11.01	11.615
208	89	10.5	11.283
209	89	8.34	8.913
210	89	8.24	8.623
211	89	6.86	7.124
212	89	6.93	7.276
213	89	5.6	6.123
214	89	5.8	6.421
215	89	5.28	6.009
216	89	7.48	8.124
217	89	8.35	8.693
218	89	10.9	10.829
219	89	12.24	11.555
220	89	13.43	13.741
221	89	14.34	14.509
222	89	16.53	16.607
223	89	17.92	17.816
224	89	20.69	20.221
225	89	22.05	21.63
226	89	24.74	24.303
227	89	26.4	25.846
228	89	29.4	28.89
229	89	31.28	30.675
230	89	34.32	33.557
231	89	36.3	35.91
232	89	39.63	39.144
233	89	41.86	41.498
234	89	45.41	45.103
235	89	48	47.601
236	89	51.64	51.398
237	89	54.46	0
238	89	58.4	0
239	89	61.48	0
240	89	65.58	0
241	89	68.94	0
242	89	73.87	0
243	89	77.59	0
244	89	82.74	0
245	89	86.59	0
246	89	91.69	0
247	89	95.63	0
248	89	100.69	0
249	89	104.69	0
250	89	109.89	0
251	89	114.12	0
252	89	119.61	0
253	89	124.26	0
254	89	131.31	0
255	89	135.91	0
256	89	141.45	0
257	89	145.76	0
258	89	151.54	0
259	89	156.23	0
260	89	162.23	0
261	89	166.06	0
262	89	173.25	0
263	89	178.42	0
264	89	184.59	0
265	89	189.47	0
266	89	195.92	0
267	89	201.59	0
268	89	208.4	0
269	89	214.14	0
270	89	220.99	0
271	89	227.09	0
272	89	234.2	0
273	89	240.79	0
274	89	249.3	0
275	89	256.3	0
276	89	265.08	0
277	89	272.35	0
278	89	280.23	0
279	89	287.06	0
280	89	295.06	0
281	89	301.99	0
282	89	309.98	0
283	89	317.17	0
284	89	325.39	0
285	89	332.81	0
286	89	341.42	0
287	89	348.86	0
288	89	356.74	0
289	89	364.33	0
290	89	374.7	0
291	89	382.37	0
292	89	389.17	0
293	89	397.03	0
294	89	405.88	0
295	89	413.93	0
198	90	37.16	0
199	90	35.54	0
200	90	32.23	0
201	90	31.36	0
202	90	28.4	0
203	90	27.14	0
204	90	24.1	0
205	90	23.07	0
206	90	20.17	0
207	90	19.32	0
208	90	16.58	0
209	90	16.01	0
210	90	13.66	14.636
211	90	13.5	15.19
212	90	11.76	12.032
213	90	11.75	12.074
214	90	10.12	10.666
215	90	10.3	10.923
216	90	9.42	10.294
217	90	11.52	12.171
218	90	11.96	12.359
219	90	14.4	14.458
220	90	15.1	14.655
221	90	16.37	16.927
222	90	16.85	17.19
223	90	19.01	19.371
224	90	20.2	19.989
225	90	22.51	22.301
226	90	23.78	23.186
227	90	26.21	25.801
228	90	27.33	26.763
229	90	30.07	29.58
230	90	31.39	30.857
231	90	34.36	33.81
232	90	35.94	35.444
233	90	39.22	38.729
234	90	41.09	40.609
235	90	44.62	44.25
236	90	46.79	46.305
237	90	50.4	50.202
238	90	52.85	52.39
239	90	56.81	0
240	90	59.52	0
241	90	63.59	0
242	90	66.59	0
243	90	71.51	0
244	90	74.87	0
245	90	80.03	0
246	90	83.53	0
247	90	88.54	0
248	90	92.23	0
249	90	97.27	0
250	90	100.93	0
251	90	106.12	0
252	90	109.99	0
253	90	115.55	0
254	90	119.9	0
255	90	125.91	0
256	90	131.18	0
257	90	136.72	0
258	90	140.86	0
259	90	146.44	0
260	90	150.96	0
261	90	156.88	0
262	90	160.6	0
263	90	167.72	0
264	90	172.61	0
265	90	178.78	0
266	90	183.39	0
267	90	189.84	0
268	90	195.16	0
269	90	202.06	0
270	90	207.46	0
271	90	214.33	0
272	90	220.09	0
273	90	227.26	0
274	90	233.53	0
275	90	242.07	0
276	90	248.71	0
277	90	257.41	0
278	90	264.23	0
279	90	271.66	0
280	90	278.18	0
281	90	286.18	0
282	90	292.88	0
283	90	300.84	0
284	90	307.65	0
285	90	315.87	0
286	90	322.96	0
287	90	331.55	0
288	90	338.23	0
289	90	346.65	0
290	90	355.49	0
291	90	364.01	0
292	90	371.4	0
293	90	378.38	0
294	90	385.93	0
295	90	394.77	0
296	90	402.52	0
297	90	411.69	0
298	90	419.97	0
299	90	428.76	0
200	91	44.94	0
201	91	41.61	0
202	91	40.4	0
203	91	37.18	0
204	91	35.65	0
205	91	32.78	0
206	91	31.34	0
207	91	28.68	0
208	91	27.41	0
209	91	24.67	0
210	91	23.73	0
211	91	21.37	0
212	91	20.93	0
213	91	19.17	19.732
214	91	18.83	19.318
215	91	17.19	17.789
216	91	17.01	17.801
217	91	16.08	17.036
218	91	17.83	18.637
219	91	18.21	18.518
220	91	20.7	20.378
221	91	21.47	20.366
222	91	21.25	22.1
223	91	21.76	22.322
224	91	23.67	23.86
225	91	24.38	24.326
226	91	26.64	26.019
227	91	27.19	26.821
228	91	29.25	28.911
229	91	30.33	29.89
230	91	32.6	32.167
231	91	33.9	33.421
232	91	36.49	35.939
233	91	38.01	37.484
234	91	40.86	40.336
235	91	42.73	42.324
236	91	45.85	45.341
237	91	48.06	47.636
238	91	51.26	50.764
239	91	53.69	53.216
240	91	57.31	56.802
241	91	59.99	0
242	91	63.88	0
243	91	66.62	0
244	91	71.01	0
245	91	74.56	0
246	91	79.44	0
247	91	82.89	0
248	91	87.57	0
249	91	91.2	0
250	91	95.95	0
251	91	99.62	0
252	91	104.48	0
253	91	108.38	0
254	91	113.58	0
255	91	117.95	0
256	91	123.75	0
257	91	128.02	0
258	91	134.18	0
259	91	138.34	0
260	91	143.82	0
261	91	148.19	0
262	91	153.87	0
263	91	157.57	0
264	91	164.41	0
265	91	169.29	0
266	91	175.22	0
267	91	179.75	0
268	91	185.89	0
269	91	191.21	0
270	91	197.8	0
271	91	203.22	0
272	91	209.77	0
273	91	215.56	0
274	91	222.43	0
275	91	228.71	0
276	91	236.92	0
277	91	243.54	0
278	91	251.86	0
279	91	257.73	0
280	91	265.19	0
281	91	271.8	0
282	91	279.43	0
283	91	286.06	0
284	91	293.68	0
285	91	300.5	0
286	91	308.34	0
287	91	315.35	0
288	91	323.38	0
289	91	330.46	0
290	91	338.62	0
291	91	347.19	0
292	91	355.38	0
293	91	362.74	0
294	91	371.18	0
295	91	377.29	0
296	91	385.8	0
297	91	393.71	0
298	91	402.65	0
299	91	410.66	0
300	91	420.19	0
301	91	426.83	0
302	91	435.92	0
203	92	48.07	0
204	92	44.58	0
205	92	43.06	0
206	92	39.87	0
207	92	38.37	0
208	92	35.33	0
209	92	34.26	0
210	92	31.08	0
211	92	30.11	0
212	92	27.35	0
213	92	26.82	0
214	92	24.75	0
215	92	24.39	0
216	92	22.38	0
217	92	22.17	0
218	92	20.87	21.878
219	92	22.64	23.209
220	92	22.5	23.019
221	92	23.98	24.546
222	92	24.12	24.284
223	92	25.12	25.824
224	92	25.22	25.7
225	92	27.14	27.371
226	92	27.45	27.33
227	92	29.08	29.007
228	92	29.29	29.218
229	92	31.21	31.201
230	92	31.85	31.603
231	92	34.08	33.803
232	92	34.9	34.602
233	92	37.4	36.913
234	92	38.52	38.141
235	92	41.34	40.914
236	92	42.84	42.441
237	92	45.93	45.386
238	92	47.77	47.304
239	92	50.95	50.569
240	92	53.01	52.709
241	92	56.59	56.197
242	92	58.9	58.614
243	92	62.75	0
244	92	65.16	0
245	92	69.48	0
246	92	72.72	0
247	92	77.54	0
248	92	80.63	0
249	92	85.32	0
250	92	88.6	0
251	92	93.31	0
252	92	96.63	0
253	92	101.48	0
254	92	105.04	0
255	92	110.28	0
256	92	114.35	0
257	92	119.79	0
258	92	124.13	0
259	92	129.57	0
260	92	133.89	0
261	92	139.49	0
262	92	143.75	0
263	92	149.42	0
264	92	152.9	0
265	92	159.56	0
266	92	164.14	0
267	92	170.02	0
268	92	174.4	0
269	92	180.55	0
270	92	185.52	0
271	92	192.16	0
272	92	197.27	0
273	92	203.82	0
274	92	209.32	0
275	92	216.17	0
276	92	222.13	0
277	92	230.37	0
278	92	236.67	0
279	92	244.89	0
280	92	250.18	0
281	92	257.6	0
282	92	263.79	0
283	92	271.39	0
284	92	277.8	0
285	92	285.48	0
286	92	291.97	0
287	92	299.8	0
288	92	306.58	0
289	92	314.63	0
290	92	321.38	0
291	92	329.57	0
292	92	337.51	0
293	92	345.73	0
294	92	352.64	0
295	92	361	0
296	92	368.28	0
297	92	377.08	0
298	92	383.52	0
299	92	392.31	0
300	92	400.18	0
301	92	408.1	0
302	92	415.6	0
303	92	424.67	0
304	92	434.44	0
305	92	441.78	0
206	93	52.26	0
207	93	49.04	0
208	93	47.41	0
209	93	44.31	0
210	93	42.85	0
211	93	39.93	0
212	93	38.55	0
213	93	35.82	0
214	93	34.88	0
215	93	32.85	0
216	93	32.15	0
217	93	30.21	0
218	93	29.73	0
219	93	28.29	0
220	93	29.7	0
221	93	29.47	0
222	93	31.48	0
223	93	29.8	0
224	93	31.09	0
225	93	31.22	31.577
226	93	32.45	32.723
227	93	32.32	32.563
228	93	33.55	33.701
229	93	33.69	33.764
230	93	35.22	35.222
231	93	35.76	35.614
232	93	37.54	37.352
233	93	38.28	37.942
234	93	40.38	39.95
235	93	41.42	41.038
236	93	43.9	43.37
237	93	45.33	44.868
238	93	48.08	47.451
239	93	49.69	49.305
240	93	52.65	52.321
241	93	54.68	54.256
242	93	57.9	57.413
243	93	60.15	59.87
244	93	63.67	63.202
245	93	66.01	0
246	93	70.02	0
247	93	73.19	0
248	93	77.49	0
249	93	80.82	0
250	93	85.16	0
251	93	88.44	0
252	93	92.82	0
253	93	96.15	0
254	93	100.66	0
255	93	104.19	0
256	93	109.11	0
257	93	113.15	0
258	93	118.3	0
259	93	122.71	0
260	93	127.85	0
261	93	132.09	0
262	93	137.42	0
263	93	141.79	0
264	93	147.07	0
265	93	150.66	0
266	93	156.99	0
267	93	161.62	0
268	93	167.19	0
269	93	171.55	0
270	93	177.38	0
271	93	182.37	0
272	93	188.77	0
273	93	193.95	0
274	93	200.22	0
275	93	205.76	0
276	93	212.23	0
277	93	218.2	0
278	93	226.08	0
279	93	232.35	0
280	93	238.88	0
281	93	244.93	0
282	93	251.97	0
283	93	258.12	0
284	93	265.49	0
285	93	271.77	0
286	93	279.16	0
287	93	285.7	0
288	93	293.27	0
289	93	300.1	0
290	93	308.21	0
291	93	315.01	0
292	93	323.52	0
293	93	330.19	0
294	93	337.95	0
295	93	344.94	0
296	93	352.88	0
297	93	360.13	0
298	93	368.35	0
299	93	375.83	0
300	93	383.51	0
301	93	390.8	0
302	93	399.15	0
303	93	406.65	0
304	93	415.45	0
305	93	425.18	0
306	93	432.29	0
307	93	440.34	0
308	93	449.62	0
209	94	55.05	0
210	94	51.65	0
211	94	50.09	0
212	94	46.92	0
213	94	45.63	0
214	94	42.5	0
215	94	41.55	0
216	94	39.12	0
217	94	38.38	0
218	94	36.04	0
219	94	35.46	0
220	94	33.72	0
221	94	35.05	0
222	94	34.45	0
223	94	35.15	0
224	94	34.48	0
225	94	35.58	0
226	94	35.22	0
227	94	36.49	0
228	94	35.9	36.075
229	94	37.11	37.389
230	94	36.81	36.93
231	94	38.31	38.432
232	94	38.38	38.358
233	94	40.12	40.043
234	94	40.45	40.338
235	94	42.48	42.179
236	94	43.1	42.894
237	94	45.51	45.088
238	94	46.53	46.159
239	94	49.08	48.583
240	94	50.44	50.121
241	94	53.37	52.951
242	94	54.99	54.713
243	94	58.11	57.75
244	94	59.98	59.8
245	94	63.19	63.098
246	94	65.39	65.389
247	94	69.33	68.996
248	94	72.19	0
249	94	76.46	0
250	94	79.39	0
251	94	83.68	0
252	94	86.59	0
253	94	90.97	0
254	94	93.94	0
255	94	98.44	0
256	94	101.63	0
257	94	106.54	0
258	94	110.27	0
259	94	115.46	0
260	94	119.59	0
261	94	124.75	0
262	94	128.48	0
263	94	134.08	0
264	94	138.13	0
265	94	143.38	0
266	94	146.74	0
267	94	152.98	0
268	94	157.22	0
269	94	162.84	0
270	94	166.83	0
271	94	172.76	0
272	94	177.41	0
273	94	183.8	0
274	94	188.66	0
275	94	194.9	0
276	94	200.1	0
277	94	206.67	0
278	94	212.32	0
279	94	220.13	0
280	94	226.12	0
281	94	233.74	0
282	94	238.44	0
283	94	245.4	0
284	94	251.34	0
285	94	258.46	0
286	94	264.53	0
287	94	271.93	0
288	94	278.28	0
289	94	286.19	0
290	94	292.54	0
291	94	300.27	0
292	94	307.15	0
293	94	314.9	0
294	94	321.43	0
295	94	329.12	0
296	94	335.7	0
297	94	343.78	0
298	94	350.55	0
299	94	358.93	0
300	94	365.57	0
301	94	373.73	0
302	94	380.72	0
303	94	389.07	0
304	94	396.25	0
305	94	405.07	0
306	94	412.7	0
307	94	421.54	0
308	94	429.41	0
309	94	438.44	0
310	94	446.28	0
311	94	455.37	0
312	94	463.11	0
212	95	59.43	0
213	95	56.16	0
214	95	54.83	0
215	95	51.72	0
216	95	50.44	0
217	95	47.94	0
218	95	46.86	0
219	95	44.56	0
220	95	43.72	0
221	95	41.81	0
222	95	42.89	0
223	95	42.08	0
224	95	43.62	0
225	95	41.7	0
226	95	42.45	0
227	95	41.77	0
228	95	42.34	0
229	95	41.67	0
230	95	42.49	0
231	95	42.15	42.439
232	95	43.26	43.398
233	95	43.23	43.289
234	95	44.57	44.52
235	95	44.79	44.739
236	95	46.44	46.174
237	95	46.99	46.547
238	95	48.99	48.417
239	95	49.98	49.386
240	95	52.12	51.5
241	95	53.4	52.93
242	95	55.94	55.464
243	95	57.52	57.168
244	95	60.27	59.876
245	95	62.11	61.893
246	95	64.96	64.989
247	95	67.14	67.148
248	95	70.72	70.556
249	95	73.55	73.104
250	95	77.5	0
251	95	80.4	0
252	95	84.34	0
253	95	87.23	0
254	95	91.24	0
255	95	94.21	0
256	95	98.4	0
257	95	101.58	0
258	95	106.16	0
259	95	109.88	0
260	95	114.76	0
261	95	118.92	0
262	95	123.71	0
263	95	127.51	0
264	95	132.64	0
265	95	136.95	0
266	95	141.88	0
267	95	145.3	0
268	95	151.1	0
269	95	155.43	0
270	95	160.72	0
271	95	164.74	0
272	95	170.26	0
273	95	175.02	0
274	95	181.15	0
275	95	186.03	0
276	95	192.01	0
277	95	197.22	0
278	95	203.51	0
279	95	209.18	0
280	95	216.47	0
281	95	222.43	0
282	95	228.5	0
283	95	234.18	0
284	95	240.91	0
285	95	246.72	0
286	95	253.58	0
287	95	260.77	0
288	95	266.77	0
289	95	273.27	0
290	95	280.52	0
291	95	287.16	0
292	95	294.5	0
293	95	300.81	0
294	95	308.24	0
295	95	314.75	0
296	95	322.21	0
297	95	328.71	0
298	95	336.52	0
299	95	343.25	0
300	95	351.1	0
301	95	358.07	0
302	95	365.99	0
303	95	372.99	0
304	95	381.04	0
305	95	388.23	0
306	95	396.75	0
307	95	404.39	0
308	95	412.96	0
309	95	420.77	0
310	95	429.41	0
311	95	437.38	0
312	95	445.97	0
313	95	453.73	0
314	95	462.59	0
315	95	470.48	0
215	96	62.34	0
216	96	59.13	0
217	96	57.8	0
218	96	54.87	0
219	96	53.77	0
220	96	51.05	0
221	96	50.1	0
222	96	47.88	0
223	96	48.81	0
224	96	47.42	0
225	96	49.22	0
226	96	46.91	0
227	96	47.76	0
228	96	46.63	0
229	96	47.2	0
230	96	46.13	0
231	96	46.93	0
232	96	46.18	0
233	96	47.25	47.32
234	96	46.82	46.798
235	96	48.12	48.057
236	96	47.92	47.883
237	96	49.55	49.268
238	96	49.69	49.384
239	96	51.63	51.186
240	96	52.04	51.716
241	96	54.24	53.698
242	96	55.12	54.799
243	96	57.39	57.177
244	96	58.52	58.448
245	96	61.21	60.999
246	96	62.59	62.613
247	96	65.61	65.528
248	96	67.32	67.386
249	96	70.89	70.744
250	96	73.35	72.983
251	96	77.24	76.641
252	96	79.65	79.056
253	96	83.75	0
254	96	86.25	0
255	96	90.25	0
256	96	92.85	0
257	96	96.99	0
258	96	99.82	0
259	96	104.37	0
260	96	107.78	0
261	96	112.65	0
262	96	116.26	0
263	96	121.41	0
264	96	124.85	0
265	96	129.74	0
266	96	134.02	0
267	96	138.96	0
268	96	142.19	0
269	96	147.82	0
270	96	151.82	0
271	96	157.1	0
272	96	160.93	0
273	96	166.43	0
274	96	170.87	0
275	96	176.93	0
276	96	181.49	0
277	96	187.47	0
278	96	192.36	0
279	96	198.65	0
280	96	203.99	0
281	96	211.33	0
282	96	216.91	0
283	96	224.15	0
284	96	229.88	0
285	96	236.41	0
286	96	241.71	0
287	96	248.53	0
288	96	254.05	0
289	96	261.06	0
290	96	266.77	0
291	96	273.98	0
292	96	279.85	0
293	96	287.15	0
294	96	293.15	0
295	96	300.55	0
296	96	306.72	0
297	96	314.25	0
298	96	320.56	0
299	96	328.13	0
300	96	334.68	0
301	96	342.54	0
302	96	349.22	0
303	96	357.15	0
304	96	363.84	0
305	96	371.88	0
306	96	378.78	0
307	96	387.3	0
308	96	394.61	0
309	96	403.17	0
310	96	410.67	0
311	96	419.3	0
312	96	426.83	0
313	96	435.49	0
314	96	442.94	0
315	96	451.83	0
316	96	459.44	0
317	96	468.46	0
318	96	476.48	0
218	97	67.33	0
219	97	64.39	0
220	97	62.9	0
221	97	60.21	0
222	97	59	0
223	97	56.63	0
224	97	57.27	0
225	97	55.55	0
226	97	57.01	0
227	97	54.97	0
228	97	54.92	0
229	97	53.54	0
230	97	53.82	0
231	97	52.7	0
232	97	53.13	0
233	97	52.36	0
234	97	53.04	0
235	97	52.53	52.704
236	97	53.45	53.403
237	97	53.19	53.214
238	97	54.45	54.274
239	97	54.49	54.364
240	97	55.89	55.656
241	97	56.39	56.098
242	97	58.19	57.799
243	97	58.8	58.686
244	97	60.83	60.703
245	97	61.91	61.81
246	97	64.21	63.963
247	97	65.54	65.483
248	97	68.15	68.074
249	97	69.82	69.843
250	97	73.02	72.946
251	97	75.19	75.221
252	97	79	78.528
253	97	81.38	80.929
254	97	85.15	84.393
255	97	87.64	0
256	97	91.29	0
257	97	93.88	0
258	97	97.68	0
259	97	100.49	0
260	97	104.7	0
261	97	108.08	0
262	97	112.67	0
263	97	116.21	0
264	97	121.17	0
265	97	124.63	0
266	97	129.2	0
267	97	133.41	0
268	97	138.23	0
269	97	141.51	0
270	97	146.74	0
271	97	150.7	0
272	97	155.71	0
273	97	159.6	0
274	97	164.78	0
275	97	169.23	0
276	97	175.04	0
277	97	179.59	0
278	97	185.27	0
279	97	190.2	0
280	97	196.21	0
281	97	201.56	0
282	97	208.4	0
283	97	213.93	0
284	97	220.76	0
285	97	226.05	0
286	97	232.4	0
287	97	237.69	0
288	97	244.19	0
289	97	249.7	0
290	97	256.4	0
291	97	262.09	0
292	97	268.96	0
293	97	274.81	0
294	97	281.74	0
295	97	287.79	0
296	97	294.79	0
297	97	300.89	0
298	97	308.11	0
299	97	314.45	0
300	97	321.69	0
301	97	328.22	0
302	97	335.75	0
303	97	342.67	0
304	97	350.36	0
305	97	357.02	0
306	97	364.75	0
307	97	371.65	0
308	97	379.69	0
309	97	386.97	0
310	97	395.38	0
311	97	402.82	0
312	97	411.21	0
313	97	418.72	0
314	97	427.02	0
315	97	434.47	0
316	97	443.11	0
317	97	450.73	0
318	97	459.46	0
319	97	467.46	0
320	97	476.41	0
321	97	484.61	0
221	98	70.47	0
222	98	67.36	0
223	98	66.11	0
224	98	63.38	0
225	98	63.87	0
226	98	61.92	0
227	98	63.26	0
228	98	60.91	0
229	98	60.87	0
230	98	59.17	0
231	98	59.38	0
232	98	57.92	0
233	98	58.39	0
234	98	57.21	0
235	98	57.85	0
236	98	56.97	0
237	98	57.84	57.818
238	98	57.2	57.203
239	98	58.42	58.292
240	98	58.05	58.027
241	98	59.39	59.351
242	98	59.44	59.326
243	98	61.01	60.939
244	98	61.37	61.47
245	98	63.37	63.378
246	98	64.04	64.086
247	98	66.26	66.129
248	98	67.21	67.233
249	98	69.74	69.719
250	98	70.89	71.166
251	98	74.18	74.128
252	98	76	76.028
253	98	79.76	79.295
254	98	81.77	81.335
255	98	85.3	84.803
256	98	87.59	87.039
257	98	91.21	0
258	98	93.42	0
259	98	97.19	0
260	98	99.61	0
261	98	103.76	0
262	98	106.84	0
263	98	111.44	0
264	98	114.69	0
265	98	119.66	0
266	98	122.72	0
267	98	127.37	0
268	98	131.25	0
269	98	136.03	0
270	98	139.16	0
271	98	144.2	0
272	98	147.82	0
273	98	152.84	0
274	98	156.51	0
275	98	161.68	0
276	98	165.79	0
277	98	171.53	0
278	98	175.78	0
279	98	181.46	0
280	98	186.07	0
281	98	192.09	0
282	98	197.13	0
283	98	204	0
284	98	209.2	0
285	98	215.92	0
286	98	221.02	0
287	98	227.35	0
288	98	232.32	0
289	98	238.81	0
290	98	244.01	0
291	98	250.67	0
292	98	256.04	0
293	98	262.88	0
294	98	268.42	0
295	98	275.4	0
296	98	281.01	0
297	98	288.05	0
298	98	293.8	0
299	98	300.96	0
300	98	306.98	0
301	98	314.31	0
302	98	320.57	0
303	98	328.03	0
304	98	334.51	0
305	98	342.26	0
306	98	348.9	0
307	98	356.53	0
308	98	363.22	0
309	98	371.24	0
310	98	378.23	0
311	98	386.6	0
312	98	393.73	0
313	98	402.07	0
314	98	409.3	0
315	98	417.51	0
316	98	424.93	0
317	98	433.28	0
318	98	440.55	0
319	98	449.26	0
320	98	457.04	0
321	98	465.91	0
322	98	473.83	0
323	98	482.94	0
324	98	494.22	0
325	98	502.69	0
224	99	75.58	0
225	99	72.85	0
226	99	72.93	0
227	99	70.75	0
228	99	71.8	0
229	99	69.02	0
230	99	68.6	0
231	99	66.88	0
232	99	66.72	0
233	99	65.29	0
234	99	65.34	0
235	99	64.13	0
236	99	64.42	0
237	99	63.44	0
238	99	63.96	0
239	99	63.22	0
240	99	64.05	64.199
241	99	63.58	63.959
242	99	64.67	64.924
243	99	64.69	64.861
244	99	65.82	66.107
245	99	66.13	66.432
246	99	67.73	67.966
247	99	68.34	68.604
248	99	70.18	70.289
249	99	71.03	71.17
250	99	73.01	73.266
251	99	74.28	74.504
252	99	77.23	77.288
253	99	79	79.007
254	99	82.39	81.986
255	99	84.39	84.083
256	99	87.54	87.18
257	99	89.68	89.403
258	99	93.09	0
259	99	95.28	0
260	99	98.66	0
261	99	101.06	0
262	99	104.91	0
263	99	107.91	0
264	99	112.21	0
265	99	115.42	0
266	99	120.2	0
267	99	123.25	0
268	99	127.59	0
269	99	131.33	0
270	99	135.81	0
271	99	139.39	0
272	99	143.86	0
273	99	147.48	0
274	99	152.15	0
275	99	156.15	0
276	99	160.79	0
277	99	164.89	0
278	99	170.29	0
279	99	174.61	0
280	99	179.98	0
281	99	184.65	0
282	99	190.31	0
283	99	195.33	0
284	99	201.66	0
285	99	206.9	0
286	99	213.5	0
287	99	218.22	0
288	99	224.24	0
289	99	229.2	0
290	99	235.38	0
291	99	240.54	0
292	99	246.88	0
293	99	252.24	0
294	99	258.76	0
295	99	264.27	0
296	99	270.85	0
297	99	276.51	0
298	99	283.17	0
299	99	288.95	0
300	99	295.76	0
301	99	301.76	0
302	99	308.79	0
303	99	315.04	0
304	99	322.34	0
305	99	328.8	0
306	99	336.31	0
307	99	342.88	0
308	99	350.3	0
309	99	357.02	0
310	99	364.7	0
311	99	371.68	0
312	99	379.62	0
313	99	386.59	0
314	99	394.77	0
315	99	401.95	0
316	99	409.89	0
317	99	417.33	0
318	99	425.41	0
319	99	432.67	0
320	99	441.07	0
321	99	448.81	0
322	99	457.44	0
323	99	465.34	0
324	99	474.14	0
325	99	482.19	0
326	99	493.92	0
327	99	500.95	0
328	99	509.65	0
226	100	80.2	0
227	100	80.22	0
228	100	77.89	0
229	100	78.71	0
230	100	75.75	0
231	100	75.28	0
232	100	73.2	0
233	100	72.97	0
234	100	71.18	0
235	100	71.31	0
236	100	69.72	0
237	100	70.01	0
238	100	68.64	0
239	100	69.14	0
240	100	68.1	0
241	100	68.88	0
242	100	68.05	68.4
243	100	69.08	69.406
244	100	68.69	69.002
245	100	69.77	70.212
246	100	69.69	70.124
247	100	71.23	71.556
248	100	71.43	71.897
249	100	73.22	73.611
250	100	73.66	74.068
251	100	75.56	75.979
252	100	76.43	76.811
253	100	79.34	79.341
254	100	80.71	80.898
255	100	83.79	83.793
256	100	85.66	85.48
257	100	88.77	88.584
258	100	90.51	90.419
259	100	93.69	93.697
260	100	95.61	0
261	100	98.98	0
262	100	101	0
263	100	104.79	0
264	100	107.45	0
265	100	111.78	0
266	100	114.64	0
267	100	119.42	0
268	100	122.18	0
269	100	126.49	0
270	100	129.89	0
271	100	134.38	0
272	100	137.62	0
273	100	142.04	0
274	100	145.33	0
275	100	150	0
276	100	153.69	0
277	100	158.42	0
278	100	162.19	0
279	100	167.52	0
280	100	171.52	0
281	100	176.88	0
282	100	181.29	0
283	100	186.94	0
284	100	191.63	0
285	100	198.01	0
286	100	203.51	0
287	100	209.32	0
288	100	214.13	0
289	100	220.14	0
290	100	224.76	0
291	100	230.91	0
292	100	235.78	0
293	100	242.1	0
294	100	247.14	0
295	100	253.63	0
296	100	258.84	0
297	100	265.38	0
298	100	270.74	0
299	100	277.36	0
300	100	282.74	0
301	100	289.57	0
302	100	295.29	0
303	100	302.23	0
304	100	308.19	0
305	100	315.76	0
306	100	321.72	0
307	100	329.4	0
308	100	335.71	0
309	100	343.13	0
310	100	349.57	0
311	100	357.23	0
312	100	363.86	0
313	100	371.98	0
314	100	378.43	0
315	100	386.57	0
316	100	393.38	0
317	100	401.6	0
318	100	408.41	0
319	100	416.44	0
320	100	423.4	0
321	100	431.78	0
322	100	439.24	0
323	100	447.82	0
324	100	455.43	0
325	100	464.22	0
326	100	471.96	0
327	100	483.6	0
328	100	490.35	0
329	100	499.07	0
330	100	506.73	0
331	100	515.87	0
229	101	87.43	0
230	101	87.92	0
231	101	84.91	0
232	101	84.01	0
233	101	81.87	0
234	101	81.26	0
235	101	79.38	0
236	101	79.16	0
237	101	77.6	0
238	101	77.55	0
239	101	76.26	0
240	101	76.38	0
241	101	75.22	0
242	101	75.62	0
243	101	74.77	0
244	101	75.43	0
245	101	75	75.467
246	101	75.96	76.32
247	101	75.56	76.2
248	101	76.71	77.229
249	101	76.83	77.316
250	101	78.24	78.7
251	101	78.58	79.101
252	101	80.12	80.695
253	101	80.91	81.301
254	101	83.4	83.578
255	101	84.72	84.836
256	101	87.36	87.61
257	101	89.2	88.99
258	101	91.87	91.683
259	101	93.54	93.617
260	101	96.34	96.545
261	101	98.23	0
262	101	101.23	0
263	101	103.21	0
264	101	106.65	0
265	101	109.3	0
266	101	113.3	0
267	101	116.15	0
268	101	120.35	0
269	101	123.51	0
270	101	127.51	0
271	101	130.57	0
272	101	135.12	0
273	101	138.15	0
274	101	142.44	0
275	101	145.71	0
276	101	150.07	0
277	101	153.74	0
278	101	158.26	0
279	101	162.01	0
280	101	167.06	0
281	101	171.05	0
282	101	176.13	0
283	101	180.53	0
284	101	185.86	0
285	101	190.5	0
286	101	197.2	0
287	101	201.38	0
288	101	207.42	0
289	101	212.22	0
290	101	217.92	0
291	101	222.51	0
292	101	228.35	0
293	101	233.19	0
294	101	239.21	0
295	101	244.23	0
296	101	250.41	0
297	101	255.61	0
298	101	261.85	0
299	101	267.12	0
300	101	273.45	0
301	101	278.83	0
302	101	285.33	0
303	101	291	0
304	101	297.75	0
305	101	303.72	0
306	101	310.98	0
307	101	317.03	0
308	101	324.22	0
309	101	330.56	0
310	101	337.89	0
311	101	344.31	0
312	101	351.66	0
313	101	358.43	0
314	101	365.89	0
315	101	372.47	0
316	101	380.2	0
317	101	387	0
318	101	394.6	0
319	101	401.71	0
320	101	409.42	0
321	101	416.43	0
322	101	424.47	0
323	101	431.85	0
324	101	440.17	0
325	101	447.75	0
326	101	456.29	0
327	101	464.03	0
328	101	475.54	0
329	101	482.3	0
330	101	490.73	0
331	101	498.43	0
332	101	507.28	0
333	101	515.09	0
334	101	523.88	0
232	102	93.03	0
233	102	91.63	0
234	102	89.12	0
235	102	88.47	0
236	102	86.22	0
237	102	85.89	0
238	102	83.98	0
239	102	84.03	0
240	102	82.29	0
241	102	82.43	0
242	102	80.98	0
243	102	81.37	0
244	102	80.13	0
245	102	80.76	0
246	102	79.95	0
247	102	80.86	0
248	102	80.08	0
249	102	81.21	81.807
250	102	80.93	81.499
251	102	82.3	82.866
252	102	82.2	82.871
253	102	83.84	84.439
254	102	84.05	84.718
255	102	86.55	86.845
256	102	87.42	87.817
257	102	90.03	90.218
258	102	91.44	91.473
259	102	94.05	94.103
260	102	95.32	95.605
261	102	98.17	98.499
262	102	99.52	100.154
263	102	102.45	0
264	102	104.04	0
265	102	107.45	0
266	102	109.74	0
267	102	113.74	0
268	102	116.21	0
269	102	120.35	0
270	102	123.2	0
271	102	127.18	0
272	102	129.92	0
273	102	134.41	0
274	102	137.14	0
275	102	141.39	0
276	102	144.33	0
277	102	148.66	0
278	102	152.01	0
279	102	156.66	0
280	102	160.09	0
281	102	165.02	0
282	102	168.69	0
283	102	173.81	0
284	102	177.83	0
285	102	183.22	0
286	102	187.62	0
287	102	193.55	0
288	102	198.16	0
289	102	204.22	0
290	102	210.66	0
291	102	214.69	0
292	102	218.98	0
293	102	224.81	0
294	102	229.32	0
295	102	235.32	0
296	102	240.05	0
297	102	246.22	0
298	102	251.08	0
299	102	257.29	0
300	102	262.26	0
301	102	268.56	0
302	102	273.64	0
303	102	280.11	0
304	102	285.5	0
305	102	292.28	0
306	102	297.95	0
307	102	305.18	0
308	102	311.22	0
309	102	318.43	0
310	102	324.49	0
311	102	331.83	0
312	102	337.97	0
313	102	345.36	0
314	102	351.55	0
315	102	358.99	0
316	102	365.25	0
317	102	372.93	0
318	102	379.38	0
319	102	386.99	0
320	102	393.47	0
321	102	401.44	0
322	102	407.85	0
323	102	416.1	0
324	102	423.04	0
325	102	431.38	0
326	102	438.7	0
327	102	447.15	0
328	102	454.59	0
329	102	465.94	0
330	102	472.46	0
331	102	480.94	0
332	102	488.31	0
333	102	497.2	0
334	102	504.8	0
335	102	513.56	0
336	102	521.31	0
337	102	530.11	0
338	102	537.99	0
235	103	98.57	0
236	103	97.54	0
237	103	95.24	0
238	103	94.54	0
239	103	92.55	0
240	103	92.13	0
241	103	90.48	0
242	103	90.33	0
243	103	88.87	0
244	103	88.86	0
245	103	87.62	0
246	103	87.89	0
247	103	87.01	0
248	103	87.55	0
249	103	86.74	0
250	103	87.46	0
251	103	87.09	87.896
252	103	88.09	88.799
253	103	87.89	88.732
254	103	89.15	89.971
255	103	89.3	90.14
256	103	91.42	91.997
257	103	92.2	92.782
258	103	94.42	94.903
259	103	95.71	95.935
260	103	97.96	98.34
261	103	99.16	99.615
262	103	101.64	102.177
263	103	102.91	103.762
264	103	105.51	0
265	103	107.04	0
266	103	110.05	0
267	103	112.32	0
268	103	115.99	0
269	103	118.5	0
270	103	122.39	0
271	103	125.24	0
272	103	128.86	0
273	103	131.54	0
274	103	135.62	0
275	103	138.38	0
276	103	142.5	0
277	103	145.43	0
278	103	149.45	0
279	103	152.79	0
280	103	157.22	0
281	103	160.62	0
282	103	165.25	0
283	103	168.92	0
284	103	173.73	0
285	103	177.76	0
286	103	182.84	0
287	103	187.13	0
288	103	192.73	0
289	103	197.31	0
290	103	204.67	0
291	103	209.63	0
292	103	213.35	0
293	103	217.6	0
294	103	223.11	0
295	103	227.62	0
296	103	233.33	0
297	103	238.05	0
298	103	243.85	0
299	103	248.69	0
300	103	254.66	0
301	103	259.5	0
302	103	265.55	0
303	103	270.53	0
304	103	276.71	0
305	103	282	0
306	103	288.49	0
307	103	294.23	0
308	103	301.14	0
309	103	307.03	0
310	103	314	0
311	103	319.99	0
312	103	327.11	0
313	103	333.16	0
314	103	340.36	0
315	103	346.62	0
316	103	353.82	0
317	103	360.04	0
318	103	367.42	0
319	103	373.82	0
320	103	381.12	0
321	103	387.58	0
322	103	394.99	0
323	103	401.68	0
324	103	409.41	0
325	103	416.54	0
326	103	424.53	0
327	103	431.85	0
328	103	440.01	0
329	103	447.45	0
330	103	458.62	0
331	103	465.16	0
332	103	473.35	0
333	103	480.74	0
334	103	489.33	0
335	103	496.95	0
336	103	505.5	0
337	103	513.13	0
338	103	521.7	0
339	103	529.59	0
238	104	102.93	0
239	104	102.09	0
240	104	99.85	0
241	104	99.41	0
242	104	97.47	0
243	104	97.32	0
244	104	95.46	0
245	104	95.45	0
246	104	93.83	0
247	104	94.09	0
248	104	92.81	0
249	104	93.31	0
250	104	92.12	0
251	104	92.81	0
252	104	92.05	0
253	104	92.96	93.782
254	104	92.39	93.304
255	104	93.46	94.539
256	104	93.38	94.248
257	104	95.37	96.011
258	104	95.8	96.473
259	104	97.95	98.392
260	104	98.81	99.142
261	104	100.98	101.302
262	104	101.79	102.388
263	104	104.07	104.83
264	104	105.07	106.17
265	104	107.59	0
266	104	108.68	0
267	104	111.71	0
268	104	113.62	0
269	104	117.26	0
270	104	119.45	0
271	104	123.33	0
272	104	125.86	0
273	104	129.44	0
274	104	131.81	0
275	104	135.98	0
276	104	138.33	0
277	104	142.21	0
278	104	144.78	0
279	104	148.81	0
280	104	151.81	0
281	104	156.35	0
282	104	159.41	0
283	104	163.96	0
284	104	167.4	0
285	104	172.14	0
286	104	175.8	0
287	104	180.88	0
288	104	184.93	0
289	104	190.59	0
290	104	195.49	0
291	104	202.05	0
292	104	205.13	0
293	104	211.01	0
294	104	214.92	0
295	104	220.41	0
296	104	224.61	0
297	104	230.3	0
298	104	234.65	0
299	104	240.49	0
300	104	245.01	0
301	104	250.86	0
302	104	255.49	0
303	104	261.48	0
304	104	266.14	0
305	104	272.34	0
306	104	277.33	0
307	104	283.85	0
308	104	289.29	0
309	104	296.06	0
310	104	301.66	0
311	104	308.62	0
312	104	314.35	0
313	104	321.37	0
314	104	327.18	0
315	104	334.3	0
316	104	340.26	0
317	104	347.39	0
318	104	353.53	0
319	104	360.74	0
320	104	366.96	0
321	104	374.25	0
322	104	380.42	0
323	104	387.81	0
324	104	394.19	0
325	104	401.91	0
326	104	408.72	0
327	104	416.74	0
328	104	423.76	0
329	104	431.92	0
330	104	438.98	0
331	104	449.82	0
332	104	456.05	0
333	104	464.27	0
334	104	471.41	0
335	104	480.01	0
336	104	487.4	0
337	104	495.91	0
338	104	503.4	0
339	104	511.99	0
241	105	109.27	0
242	105	108.41	0
243	105	106.45	0
244	105	105.95	0
245	105	104.08	0
246	105	103.7	0
247	105	102.06	0
248	105	101.91	0
249	105	100.6	0
250	105	100.72	0
251	105	99.5	0
252	105	99.8	0
253	105	98.94	0
254	105	99.54	0
255	105	98.83	100.041
256	105	99.55	100.704
257	105	99.4	100.469
258	105	100.97	101.941
259	105	101.34	102.205
260	105	103.07	103.794
261	105	103.85	104.426
262	105	105.66	106.333
263	105	106.41	107.194
264	105	108.33	109.425
265	105	109.16	110.53
266	105	111.42	0
267	105	112.42	0
268	105	115.12	0
269	105	117.04	0
270	105	120.32	0
271	105	122.53	0
272	105	126.05	0
273	105	128.68	0
274	105	131.94	0
275	105	134.26	0
276	105	137.95	0
277	105	140.46	0
278	105	144.03	0
279	105	146.57	0
280	105	150.27	0
281	105	153.26	0
282	105	157.62	0
283	105	160.68	0
284	105	164.88	0
285	105	168.17	0
286	105	172.8	0
287	105	176.46	0
288	105	181.21	0
289	105	185.23	0
290	105	191.28	0
291	105	195.51	0
292	105	200.21	0
293	105	204.69	0
294	105	210.48	0
295	105	214.37	0
296	105	219.55	0
297	105	223.72	0
298	105	229.08	0
299	105	233.43	0
300	105	238.94	0
301	105	243.41	0
302	105	248.97	0
303	105	253.53	0
304	105	259.25	0
305	105	263.91	0
306	105	269.77	0
307	105	274.82	0
308	105	281.07	0
309	105	286.38	0
310	105	292.85	0
311	105	298.47	0
312	105	305.1	0
313	105	310.76	0
314	105	317.45	0
315	105	323.2	0
316	105	329.93	0
317	105	335.91	0
318	105	342.77	0
319	105	348.71	0
320	105	355.71	0
321	105	361.77	0
322	105	368.89	0
323	105	375.3	0
324	105	382.42	0
325	105	388.77	0
326	105	396.2	0
327	105	402.98	0
328	105	410.77	0
329	105	417.67	0
330	105	425.54	0
331	105	432.66	0
332	105	443.15	0
333	105	449.46	0
334	105	457.4	0
335	105	464.56	0
336	105	472.89	0
337	105	480.3	0
338	105	488.52	0
339	105	496.02	0
244	106	113.98	0
245	106	113.66	0
246	106	111.44	0
247	106	111.01	0
248	106	109.02	0
249	106	108.87	0
250	106	107.16	0
251	106	107.26	0
252	106	105.64	0
253	106	105.89	0
254	106	104.66	0
255	106	105.12	0
256	106	104	0
257	106	104.79	0
258	106	104.27	105.399
259	106	105.67	106.798
260	106	105.73	106.596
261	106	107.43	108.238
262	106	107.83	108.498
263	106	109.57	110.208
264	106	109.94	110.777
265	106	111.78	112.772
266	106	112.24	113.575
267	106	114.35	0
268	106	115.09	0
269	106	117.74	0
270	106	119.26	0
271	106	122.54	0
272	106	124.43	0
273	106	127.95	0
274	106	130.19	0
275	106	133.43	0
276	106	135.48	0
277	106	139.3	0
278	106	141.24	0
279	106	144.62	0
280	106	146.79	0
281	106	150.42	0
282	106	153.1	0
283	106	157.46	0
284	106	160.1	0
285	106	164.27	0
286	106	167.38	0
287	106	171.8	0
288	106	175.16	0
289	106	179.89	0
290	106	183.68	0
291	106	189.66	0
292	106	193.13	0
293	106	198.59	0
294	106	202.81	0
295	106	208.3	0
296	106	212.56	0
297	106	217.78	0
298	106	221.59	0
299	106	226.94	0
300	106	230.98	0
301	106	236.45	0
302	106	240.59	0
303	106	246.15	0
304	106	250.39	0
305	106	256.05	0
306	106	260.4	0
307	106	266.3	0
308	106	270.96	0
309	106	277.22	0
310	106	282.21	0
311	106	288.7	0
312	106	293.96	0
313	106	300.55	0
314	106	305.91	0
315	106	312.52	0
316	106	317.94	0
317	106	324.67	0
318	106	330.17	0
319	106	337.08	0
320	106	342.9	0
321	106	350.05	0
322	106	355.94	0
323	106	363.31	0
324	106	368.97	0
325	106	376.01	0
326	106	382.21	0
327	106	389.64	0
328	106	396.26	0
329	106	403.86	0
330	106	410.53	0
331	106	418.39	0
332	106	427.96	0
333	106	435.12	0
334	106	441.05	0
335	106	449.06	0
336	106	455.95	0
337	106	464.21	0
338	106	471.51	0
339	106	479.82	0
247	107	120.61	0
248	107	120.06	0
249	107	118.01	0
250	107	117.5	0
251	107	115.61	0
252	107	115.32	0
253	107	113.79	0
254	107	113.69	0
255	107	112.34	0
256	107	112.51	0
257	107	111.38	0
258	107	111.77	0
259	107	111.13	0
260	107	112.24	113.459
261	107	112.15	113.456
262	107	113.45	114.582
263	107	113.68	114.71
264	107	115.14	116.186
265	107	115.43	116.621
266	107	116.9	118.308
267	107	117.3	118.989
268	107	119.04	0
269	107	119.71	0
270	107	122.03	0
271	107	123.5	0
272	107	126.43	0
273	107	128.3	0
274	107	131.45	0
275	107	133.76	0
276	107	136.68	0
277	107	138.63	0
278	107	142.2	0
279	107	144.12	0
280	107	147.17	0
281	107	149.34	0
282	107	152.63	0
283	107	155.31	0
284	107	159.15	0
285	107	162.04	0
286	107	165.85	0
287	107	168.97	0
288	107	173.06	0
289	107	176.39	0
290	107	180.82	0
291	107	184.59	0
292	107	189.79	0
293	107	193.76	0
294	107	198.93	0
295	107	203.15	0
296	107	208.35	0
297	107	212.92	0
298	107	217.76	0
299	107	221.58	0
300	107	226.61	0
301	107	230.66	0
302	107	235.8	0
303	107	239.94	0
304	107	245.18	0
305	107	249.38	0
306	107	254.75	0
307	107	259.11	0
308	107	264.67	0
309	107	269.34	0
310	107	275.31	0
311	107	280.29	0
312	107	286.45	0
313	107	291.7	0
314	107	297.95	0
315	107	303.27	0
316	107	309.56	0
317	107	314.95	0
318	107	321.3	0
319	107	326.84	0
320	107	333.45	0
321	107	339.3	0
322	107	346.24	0
323	107	352.13	0
324	107	359.21	0
325	107	365.16	0
326	107	371.71	0
327	107	377.88	0
328	107	384.99	0
329	107	391.53	0
330	107	398.87	0
331	107	405.46	0
332	107	412.99	0
333	107	422.26	0
334	107	429.14	0
335	107	435.05	0
336	107	442.8	0
337	107	449.71	0
338	107	457.71	0
339	107	465.09	0
250	108	125.82	0
251	108	125.31	0
252	108	123.16	0
253	108	122.85	0
254	108	120.83	0
255	108	120.71	0
256	108	119.03	0
257	108	119.17	0
258	108	117.67	0
259	108	118.05	0
260	108	117.07	0
261	108	118.05	0
262	108	117.57	0
263	108	118.8	119.893
264	108	118.73	119.612
265	108	120.02	121.096
266	108	119.94	121.133
267	108	121.34	122.746
268	108	121.36	123.102
269	108	123.05	124.927
270	108	123.36	0
271	108	125.6	0
272	108	126.72	0
273	108	129.59	0
274	108	131.15	0
275	108	134.36	0
276	108	136.18	0
277	108	139.12	0
278	108	141.14	0
279	108	143.95	0
280	108	145.47	0
281	108	148.47	0
282	108	150.34	0
283	108	153.61	0
284	108	155.9	0
285	108	159.68	0
286	108	162.27	0
287	108	165.99	0
288	108	168.74	0
289	108	172.79	0
290	108	175.89	0
291	108	180.32	0
292	108	183.79	0
293	108	189.2	0
294	108	192.91	0
295	108	198.18	0
296	108	202.13	0
297	108	207.41	0
298	108	212.97	0
299	108	216.76	0
300	108	220.32	0
301	108	225.36	0
302	108	229.04	0
303	108	234.18	0
304	108	238.01	0
305	108	243.25	0
306	108	247.17	0
307	108	252.53	0
308	108	256.61	0
309	108	262.17	0
310	108	266.55	0
311	108	272.51	0
312	108	277.2	0
313	108	283.35	0
314	108	288.3	0
315	108	294.54	0
316	108	299.56	0
317	108	305.83	0
318	108	310.9	0
319	108	317.26	0
320	108	322.51	0
321	108	329.09	0
322	108	334.68	0
323	108	341.61	0
324	108	347.46	0
325	108	354.32	0
326	108	360.05	0
327	108	366.55	0
328	108	375.46	0
329	108	382.71	0
330	108	388.52	0
331	108	395.62	0
332	108	399.43	0
333	108	409.43	0
334	108	414.97	0
335	108	421.83	0
336	108	427.46	0
337	108	435.21	0
338	108	441.88	0
339	108	449.89	0
253	109	132.66	0
254	109	131.99	0
255	109	130.05	0
256	109	129.61	0
257	109	127.75	0
258	109	127.55	0
259	109	126.01	0
260	109	126.04	0
261	109	125.02	0
262	109	125.82	0
263	109	125.23	0
264	109	126.03	0
265	109	125.72	127.211
266	109	126.65	128.49
267	109	126.59	128.105
268	109	127.6	129.306
269	109	127.48	129.576
270	109	128.85	131.083
271	109	129.03	131.554
272	109	130.89	0
273	109	131.96	0
274	109	134.51	0
275	109	135.99	0
276	109	138.78	0
277	109	140.57	0
278	109	143.25	0
279	109	145.12	0
280	109	147.55	0
281	109	149.14	0
282	109	151.85	0
283	109	153.63	0
284	109	156.6	0
285	109	158.94	0
286	109	162.42	0
287	109	164.85	0
288	109	168.18	0
289	109	170.95	0
290	109	174.68	0
291	109	177.76	0
292	109	181.88	0
293	109	185.34	0
294	109	190.49	0
295	109	194.19	0
296	109	199.24	0
297	109	203.21	0
298	109	209.47	0
299	109	212.27	0
300	109	217.33	0
301	109	221.1	0
302	109	225.84	0
303	109	229.52	0
304	109	234.36	0
305	109	238.2	0
306	109	243.17	0
307	109	247.08	0
308	109	252.15	0
309	109	256.28	0
310	109	261.45	0
311	109	265.95	0
312	109	271.61	0
313	109	276.3	0
314	109	282.13	0
315	109	287.05	0
316	109	292.97	0
317	109	297.97	0
318	109	303.91	0
319	109	308.97	0
320	109	315.03	0
321	109	320.27	0
322	109	326.59	0
323	109	332.19	0
324	109	338.82	0
325	109	344.47	0
326	109	351.04	0
327	109	356.8	0
328	109	365.92	0
329	109	371.83	0
330	109	378.82	0
331	109	384.62	0
332	109	391.48	0
333	109	397.42	0
334	109	404.44	0
335	109	409.92	0
336	109	416.5	0
337	109	422.11	0
338	109	429.6	0
339	109	436.29	0
256	110	137.92	0
257	110	137.46	0
258	110	135.36	0
259	110	135.08	0
260	110	133.3	0
261	110	133.34	0
262	110	131.99	0
263	110	132.57	0
264	110	131.59	0
265	110	132.37	0
266	110	131.78	0
267	110	132.64	134.094
268	110	132.1	133.696
269	110	133.08	135.2
270	110	132.68	134.718
271	110	133.94	136.07
272	110	133.82	136.287
273	110	135.57	139.021
274	110	136.29	0
275	110	138.76	0
276	110	139.87	0
277	110	142.71	0
278	110	143.98	0
279	110	146.47	0
280	110	147.65	0
281	110	150.09	0
282	110	151.32	0
283	110	153.99	0
284	110	155.46	0
285	110	158.4	0
286	110	160.37	0
287	110	163.87	0
288	110	165.68	0
289	110	169.05	0
290	110	171.49	0
291	110	175.21	0
292	110	177.99	0
293	110	182.11	0
294	110	185.26	0
295	110	190.54	0
296	110	193.85	0
297	110	199.17	0
298	110	203.07	0
299	110	208.04	0
300	110	212.49	0
301	110	216.97	0
302	110	220.78	0
303	110	225.28	0
304	110	228.73	0
305	110	233.58	0
306	110	237.13	0
307	110	242.07	0
308	110	245.72	0
309	110	250.75	0
310	110	254.55	0
311	110	259.81	0
312	110	264	0
313	110	269.65	0
314	110	274.05	0
315	110	279.89	0
316	110	284.52	0
317	110	290.46	0
318	110	295.14	0
319	110	301.11	0
320	110	305.89	0
321	110	311.95	0
322	110	316.93	0
323	110	323.24	0
324	110	328.55	0
325	110	335.18	0
326	110	340.47	0
327	110	347.14	0
328	110	354.3	0
329	110	361.18	0
330	110	366.73	0
331	110	373.4	0
332	110	378.91	0
333	110	385.79	0
334	110	391.61	0
335	110	398.29	0
336	110	403.39	0
337	110	409.96	0
338	110	415.28	0
339	110	422.79	0
259	111	144.95	0
260	111	144.39	0
261	111	142.55	0
262	111	142.23	0
263	111	140.87	0
264	111	141.11	0
265	111	140.11	0
266	111	140.51	0
267	111	139.8	0
268	111	140.34	0
269	111	139.77	0
270	111	140.42	0
271	111	140.02	0
272	111	140.93	142.963
273	111	140.79	0
274	111	142.14	0
275	111	142.77	0
276	111	144.84	0
277	111	145.89	0
278	111	148.32	0
279	111	149.34	0
280	111	151.34	0
281	111	152.36	0
282	111	154.46	0
283	111	155.64	0
284	111	158	0
285	111	159.44	0
286	111	162.05	0
287	111	163.94	0
288	111	167.06	0
289	111	168.78	0
290	111	171.87	0
291	111	174.3	0
292	111	177.73	0
293	111	180.49	0
294	111	184.34	0
295	111	187.46	0
296	111	192.39	0
297	111	195.71	0
298	111	201	0
299	111	204.52	0
300	111	209.95	0
301	111	213.3	0
302	111	218.24	0
303	111	222.08	0
304	111	227.07	0
305	111	229.97	0
306	111	234.55	0
307	111	238.09	0
308	111	242.72	0
309	111	246.37	0
310	111	251.16	0
311	111	254.95	0
312	111	259.95	0
313	111	264.15	0
314	111	269.52	0
315	111	273.91	0
316	111	279.46	0
317	111	284.12	0
318	111	289.77	0
319	111	294.5	0
320	111	300.23	0
321	111	305.01	0
322	111	310.83	0
323	111	315.77	0
324	111	321.85	0
325	111	327.3	0
326	111	333.51	0
327	111	338.76	0
328	111	345.42	0
329	111	351.19	0
330	111	357.8	0
331	111	363.33	0
332	111	369.9	0
333	111	375.39	0
334	111	382.11	0
335	111	387.61	0
336	111	394.09	0
337	111	399.02	0
338	111	405.3	0
339	111	410.6	0
262	112	150.53	0
263	112	150.23	0
264	112	148.55	0
265	112	148.72	0
266	112	147.39	0
267	112	147.76	0
268	112	146.7	0
269	112	147.22	0
270	112	146.3	0
271	112	146.9	0
272	112	146.13	0
273	112	147.01	0
274	112	146.5	0
275	112	147.86	0
276	112	148.09	0
277	112	150.08	0
278	112	151.01	0
279	112	153	0
280	112	153.42	0
281	112	155.27	0
282	112	155.82	0
283	112	157.91	0
284	112	158.77	0
285	112	161.11	0
286	112	162.23	0
287	112	164.82	0
288	112	166.23	0
289	112	169.03	0
290	112	170.44	0
291	112	173.53	0
292	112	175.61	0
293	112	178.99	0
294	112	181.44	0
295	112	185.29	0
296	112	188.11	0
297	112	192.96	0
298	112	196.03	0
299	112	201.26	0
300	112	204.6	0
301	112	209.84	0
302	112	213.37	0
303	112	218.49	0
304	112	222.07	0
305	112	227.19	0
306	112	231.38	0
307	112	234.53	0
308	112	237.73	0
309	112	242.4	0
310	112	245.79	0
311	112	250.52	0
312	112	254.02	0
313	112	258.98	0
314	112	262.83	0
315	112	268.23	0
316	112	272.5	0
317	112	278.05	0
318	112	282.41	0
319	112	288.05	0
320	112	292.49	0
321	112	298.19	0
322	112	302.71	0
323	112	308.45	0
324	112	313.74	0
325	112	319.7	0
326	112	324.39	0
327	112	330.53	0
328	112	335.52	0
329	112	341.87	0
330	112	347.1	0
331	112	353.8	0
332	112	358.97	0
333	112	365.51	0
334	112	370.7	0
335	112	377.34	0
336	112	382.32	0
337	112	388.68	0
338	112	393.27	0
339	112	399.54	0
266	113	158.26	0
267	113	156.83	0
268	113	156.8	0
269	113	155.67	0
270	113	155.83	0
271	113	154.84	0
272	113	155.11	0
273	113	154.3	0
274	113	154.82	0
275	113	154.34	0
276	113	155.25	0
277	113	155.37	0
278	113	157.12	0
279	113	157.82	0
280	113	158.73	0
281	113	159.01	0
282	113	160.52	0
283	113	161.12	0
284	113	162.91	0
285	113	163.76	0
286	113	165.79	0
287	113	166.89	0
288	113	169.18	0
289	113	170.32	0
290	113	172.92	0
291	113	174.27	0
292	113	177.07	0
293	113	179.2	0
294	113	182.33	0
295	113	184.81	0
296	113	188.35	0
297	113	191.16	0
298	113	195.88	0
299	113	198.75	0
300	113	203.72	0
301	113	206.99	0
302	113	211.92	0
303	113	215.44	0
304	113	220.33	0
305	113	223.92	0
306	113	229.2	0
307	113	232.45	0
308	113	236.01	0
309	113	239.48	0
310	113	243.87	0
311	113	247.22	0
312	113	251.68	0
313	113	255.2	0
314	113	259.91	0
315	113	263.66	0
316	113	268.85	0
317	113	273.01	0
318	113	278.44	0
319	113	282.81	0
320	113	288.17	0
321	113	292.61	0
322	113	298.06	0
323	113	302.59	0
324	113	308.02	0
325	113	313.26	0
326	113	318.96	0
327	113	323.52	0
328	113	329.29	0
329	113	334.18	0
330	113	340.34	0
331	113	345.44	0
332	113	351.69	0
333	113	356.82	0
334	113	362.93	0
335	113	368.06	0
336	113	374.19	0
337	113	379.17	0
338	113	385.19	0
339	113	389.8	0
269	114	164.74	0
270	114	163.23	0
271	114	163.38	0
272	114	162.06	0
273	114	162.34	0
274	114	161.21	0
275	114	161.78	0
276	114	160.89	0
277	114	161.76	0
278	114	161.57	0
279	114	162.33	0
280	114	162.12	0
281	114	163.44	0
282	114	163.44	0
283	114	165	0
284	114	165.28	0
285	114	167.04	0
286	114	167.64	0
287	114	169.64	0
288	114	170.36	0
289	114	172.4	0
290	114	173.15	0
291	114	175.69	0
292	114	176.91	0
293	114	179.7	0
294	114	181.48	0
295	114	184.59	0
296	114	186.72	0
297	114	190.28	0
298	114	192.78	0
299	114	197.5	0
300	114	200.05	0
301	114	205.02	0
302	114	207.96	0
303	114	213	0
304	114	216.1	0
305	114	221.21	0
306	114	224.4	0
307	114	229.58	0
308	114	232.84	0
309	114	238.09	0
310	114	241.42	0
311	114	244.12	0
312	114	247.23	0
313	114	251.75	0
314	114	254.94	0
315	114	259.65	0
316	114	263.15	0
317	114	268.25	0
318	114	272.23	0
319	114	277.55	0
320	114	281.8	0
321	114	287.18	0
322	114	291.37	0
323	114	296.83	0
324	114	301.08	0
325	114	306.47	0
326	114	311.26	0
327	114	316.94	0
328	114	321.21	0
329	114	326.98	0
330	114	331.71	0
331	114	337.79	0
332	114	342.54	0
333	114	348.76	0
334	114	353.48	0
335	114	359.62	0
336	114	364.23	0
337	114	370.21	0
338	114	374.66	0
339	114	380.64	0
272	115	172.65	0
273	115	171.29	0
274	115	171.28	0
275	115	170.11	0
276	115	170.29	0
277	115	169.37	0
278	115	169.91	0
279	115	169.04	0
280	115	169.68	0
281	115	169.37	0
282	115	170.34	0
283	115	170.32	0
284	115	171.49	0
285	115	171.75	0
286	115	173.19	0
287	115	173.79	0
288	115	175.46	0
289	115	176.21	0
290	115	178.13	0
291	115	178.97	0
292	115	181.14	0
293	115	182.22	0
294	115	184.58	0
295	115	186.34	0
296	115	189.18	0
297	115	191.36	0
298	115	194.61	0
299	115	197.1	0
300	115	201.5	0
301	115	204.03	0
302	115	208.67	0
303	115	211.6	0
304	115	216.31	0
305	115	219.4	0
306	115	224.19	0
307	115	227.37	0
308	115	232.12	0
309	115	235.43	0
310	115	238.65	0
311	115	241.95	0
312	115	246.13	0
313	115	249.27	0
314	115	253.55	0
315	115	256.79	0
316	115	261.19	0
317	115	264.69	0
318	115	269.52	0
319	115	273.47	0
320	115	278.54	0
321	115	282.79	0
322	115	287.91	0
323	115	292.28	0
324	115	297.33	0
325	115	301.61	0
326	115	306.92	0
327	115	311.19	0
328	115	316.7	0
329	115	321.03	0
330	115	326.64	0
331	115	331.11	0
332	115	336.88	0
333	115	341.62	0
334	115	347.42	0
335	115	352.11	0
336	115	357.95	0
337	115	362.53	0
338	115	368.15	0
339	115	372.79	0
275	116	179.26	0
276	116	177.77	0
277	116	177.93	0
278	116	176.67	0
279	116	177.2	0
280	116	175.74	0
281	116	176.35	0
282	116	175.65	0
283	116	176.56	0
284	116	176.15	0
285	116	177.32	0
286	116	177.28	0
287	116	178.72	0
288	116	179.02	0
289	116	180.73	0
290	116	181.18	0
291	116	183.18	0
292	116	183.61	0
293	116	185.76	0
294	116	186.55	0
295	116	188.96	0
296	116	190.44	0
297	116	193.29	0
298	116	195.13	0
299	116	198.37	0
300	116	200.55	0
301	116	204.72	0
302	116	207.15	0
303	116	211.76	0
304	116	214.39	0
305	116	219.06	0
306	116	221.84	0
307	116	226.54	0
308	116	229.54	0
309	116	234.11	0
310	116	237.23	0
311	116	240.27	0
312	116	243.07	0
313	116	247.46	0
314	116	249.95	0
315	116	254.19	0
316	116	257.19	0
317	116	261.61	0
318	116	264.8	0
319	116	269.62	0
320	116	273.28	0
321	116	278.42	0
322	116	282.3	0
323	116	287.54	0
324	116	291.48	0
325	116	296.56	0
326	116	300.58	0
327	116	305.84	0
328	116	310.1	0
329	116	315.5	0
330	116	319.61	0
331	116	325.14	0
332	116	329.51	0
333	116	335.3	0
334	116	339.56	0
335	116	345.3	0
336	116	349.71	0
337	116	355.51	0
338	116	359.95	0
339	116	365.4	0
278	117	187.18	0
279	117	185.55	0
280	117	186.17	0
281	117	184.42	0
282	117	184.65	0
283	117	183.96	0
284	117	184.51	0
285	117	184.08	0
286	117	184.94	0
287	117	184.83	0
288	117	185.93	0
289	117	186.15	0
290	117	187.51	0
291	117	187.94	0
292	117	189.59	0
293	117	190.31	0
294	117	192.23	0
295	117	192.98	0
296	117	194.93	0
297	117	196.39	0
298	117	198.94	0
299	117	200.79	0
300	117	203.74	0
301	117	205.91	0
302	117	209.77	0
303	117	212.17	0
304	117	216.45	0
305	117	219.08	0
306	117	223.47	0
307	117	226.21	0
308	117	230.52	0
309	117	231.88	0
310	117	237.98	0
311	117	240.88	0
312	117	243.45	0
313	117	246.51	0
314	117	250.86	0
315	117	252.64	0
316	117	256.67	0
317	117	259.64	0
318	117	263.83	0
319	117	266.95	0
320	117	271.55	0
321	117	275.22	0
322	117	280.07	0
323	117	283.96	0
324	117	288.92	0
325	117	292.89	0
326	117	297.74	0
327	117	301.8	0
328	117	306.8	0
329	117	310.94	0
330	117	316.09	0
331	117	320.23	0
332	117	325.46	0
333	117	329.77	0
334	117	335.09	0
335	117	339.35	0
336	117	344.8	0
337	117	349.21	0
338	117	354.69	0
339	117	359.12	0
281	118	194.15	0
282	118	192.01	0
283	118	192.33	0
284	118	191.26	0
285	118	191.84	0
286	118	191.12	0
287	118	191.86	0
288	118	191.45	0
289	118	192.5	0
290	118	192.51	0
291	118	193.7	0
292	118	193.81	0
293	118	195.43	0
294	118	195.88	0
295	118	197.79	0
296	118	198.32	0
297	118	200.29	0
298	118	201.48	0
299	118	204.02	0
300	118	205.58	0
301	118	208.54	0
302	118	210.4	0
303	118	214.43	0
304	118	216.31	0
305	118	220.59	0
306	118	222.88	0
307	118	227.14	0
308	118	229.66	0
309	118	233.86	0
310	118	236.66	0
311	118	240.6	0
312	118	243.15	0
313	118	241.27	0
314	118	243.77	0
315	118	247.65	0
316	118	253.91	0
317	118	258.05	0
318	118	260.74	0
319	118	264.9	0
320	118	267.87	0
321	118	272.33	0
322	118	275.71	0
323	118	280.56	0
324	118	284.18	0
325	118	289.12	0
326	118	292.81	0
327	118	297.79	0
328	118	301.59	0
329	118	305.24	0
330	118	309	0
331	118	314.23	0
332	118	319.58	0
333	118	324.84	0
334	118	328.92	0
335	118	334.2	0
336	118	338.17	0
337	118	343.6	0
338	118	347.69	0
339	118	353.15	0
284	119	201.62	0
285	119	200.64	0
286	119	200.81	0
287	119	199.83	0
288	119	200.32	0
289	119	200.05	0
290	119	200.73	0
291	119	200.46	0
292	119	201.52	0
293	119	201.46	0
294	119	202.74	0
295	119	203.25	0
296	119	205.09	0
297	119	205.48	0
298	119	207.16	0
299	119	208.2	0
300	119	210.5	0
301	119	212.08	0
302	119	214.74	0
303	119	216.59	0
304	119	220.31	0
305	119	222.18	0
306	119	226.16	0
307	119	228.41	0
308	119	232.31	0
309	119	234.82	0
310	119	238.65	0
311	119	241.12	0
312	119	245.06	0
313	119	247.56	0
314	119	245.07	0
315	119	247.43	0
316	119	251.02	0
317	119	257.08	0
318	119	261.12	0
319	119	263.81	0
320	119	267.77	0
321	119	270.77	0
322	119	274.97	0
323	119	278.36	0
324	119	282.97	0
325	119	286.58	0
326	119	291.22	0
327	119	294.94	0
328	119	299.61	0
329	119	303.39	0
330	119	306.4	0
331	119	310.25	0
332	119	315.21	0
333	119	321.18	0
334	119	326.09	0
335	119	330.08	0
336	119	335.04	0
337	119	338.96	0
338	119	344.06	0
339	119	348.14	0
287	120	208.74	0
288	120	207.61	0
289	120	208.15	0
290	120	207.32	0
291	120	208.2	0
292	120	207.76	0
293	120	208.61	0
294	120	208.23	0
295	120	209.48	0
296	120	209.92	0
297	120	211.39	0
298	120	211.66	0
299	120	213.32	0
300	120	214.14	0
301	120	216.38	0
302	120	217.62	0
303	120	220.29	0
304	120	221.83	0
305	120	225.44	0
306	120	227.09	0
307	120	231	0
308	120	233.04	0
309	120	236.74	0
310	120	238.94	0
311	120	242.67	0
312	120	244.76	0
313	120	248.54	0
314	120	250.67	0
315	120	247.69	0
316	120	249.74	0
317	120	253.31	0
318	120	255.71	0
319	120	263.23	0
320	120	265.72	0
321	120	269.58	0
322	120	272.28	0
323	120	276.47	0
324	120	279.61	0
325	120	284.17	0
326	120	287.48	0
327	120	292.12	0
328	120	295.53	0
329	120	300.23	0
330	120	303.83	0
331	120	308.6	0
332	120	312.25	0
333	120	315.22	0
334	120	321.24	0
335	120	326.47	0
336	120	330.02	0
337	120	335.09	0
338	120	338.73	0
339	120	343.82	0
290	121	217.46	0
291	121	216.59	0
292	121	217.07	0
293	121	216.61	0
294	121	217.31	0
295	121	217.09	0
296	121	218.04	0
297	121	218.24	0
298	121	219.51	0
299	121	219.69	0
300	121	221.01	0
301	121	221.76	0
302	121	223.76	0
303	121	225	0
304	121	227.37	0
305	121	228.9	0
306	121	232.47	0
307	121	233.9	0
308	121	237.4	0
309	121	239.36	0
310	121	242.61	0
311	121	244.73	0
312	121	248.04	0
313	121	250.07	0
314	121	253.48	0
315	121	255.58	0
316	121	252.06	0
317	121	254.25	0
318	121	257.4	0
319	121	259.8	0
320	121	266.97	0
321	121	269.51	0
322	121	273.17	0
323	121	275.77	0
324	121	279.8	0
325	121	282.89	0
326	121	287.25	0
327	121	290.5	0
328	121	294.89	0
329	121	298.52	0
330	121	302.73	0
331	121	306.21	0
332	121	310.79	0
333	121	314.42	0
334	121	317.18	0
335	121	323.36	0
336	121	328.12	0
337	121	332.07	0
338	121	336.78	0
339	121	340.59	0
294	122	224.38	0
295	122	225.13	0
296	122	224.69	0
297	122	225.84	0
298	122	225.57	0
299	122	226.9	0
300	122	226.33	0
301	122	227.71	0
302	122	228.13	0
303	122	230.45	0
304	122	231.38	0
305	122	233.74	0
306	122	234.97	0
307	122	238.29	0
308	122	239.7	0
309	122	242.92	0
310	122	244.62	0
311	122	247.68	0
312	122	249.4	0
313	122	252.64	0
314	122	254.3	0
315	122	257.61	0
316	122	259.37	0
317	122	255.4	0
318	122	257.14	0
319	122	260.41	0
320	122	262.52	0
321	122	265.98	0
322	122	272.03	0
323	122	275.68	0
324	122	277.98	0
325	122	281.98	0
326	122	284.78	0
327	122	289.11	0
328	122	292.11	0
329	122	296.46	0
330	122	299.59	0
331	122	304.03	0
332	122	307.22	0
333	122	311.78	0
334	122	315.15	0
335	122	320.04	0
336	122	324.05	0
337	122	328.83	0
338	122	332.33	0
339	122	337.36	0
297	123	234.01	0
298	123	235.01	0
299	123	234.65	0
300	123	235.62	0
301	123	234.93	0
302	123	235.87	0
303	123	235.79	0
304	123	238.76	0
305	123	239.66	0
306	123	241.72	0
307	123	242.97	0
308	123	245.96	0
309	123	247.31	0
310	123	250.04	0
311	123	251.6	0
312	123	254.25	0
313	123	255.9	0
314	123	258.77	0
315	123	260.38	0
316	123	263.36	0
317	123	265.08	0
318	123	260.46	0
319	123	262.33	0
320	123	265.18	0
321	123	267.26	0
322	123	270.44	0
323	123	276.47	0
324	123	279.96	0
325	123	282.23	0
326	123	285.93	0
327	123	288.73	0
328	123	292.77	0
329	123	295.75	0
330	123	299.85	0
331	123	302.97	0
332	123	307.19	0
333	123	310.38	0
334	123	314.67	0
335	123	318	0
336	123	322.62	0
337	123	326.67	0
338	123	331.28	0
339	123	334.76	0
300	124	242.74	0
301	124	243.53	0
302	124	241.88	0
303	124	242.78	0
304	124	242.39	0
305	124	243.57	0
306	124	246.88	0
307	124	248.93	0
308	124	249.94	0
309	124	252.65	0
310	124	253.72	0
311	124	256.22	0
312	124	257.42	0
313	124	259.99	0
314	124	261.29	0
315	124	264.09	0
316	124	265.34	0
317	124	261.91	0
318	124	261.74	0
319	124	264.49	0
320	124	265.93	0
321	124	268.87	0
322	124	270.65	0
323	124	273.8	0
324	124	275.8	0
325	124	283.21	0
326	124	285.28	0
327	124	288.88	0
328	124	291.4	0
329	124	295.4	0
330	124	298.09	0
331	124	302.13	0
332	124	304.98	0
333	124	309.17	0
334	124	312.07	0
335	124	316.35	0
336	124	319.38	0
337	124	324	0
338	124	326.86	0
339	124	332.59	0
303	125	250.56	0
304	125	251.22	0
305	125	250.73	0
306	125	255.51	0
307	125	256.12	0
308	125	257.95	0
309	125	258.95	0
310	125	261.21	0
311	125	262.37	0
312	125	264.23	0
313	125	265.28	0
314	125	267.49	0
315	125	268.73	0
316	125	271.11	0
317	125	272.4	0
318	125	267.9	0
319	125	267.79	0
320	125	270.26	0
321	125	271.78	0
322	125	274.3	0
323	125	276.06	0
324	125	278.92	0
325	125	280.9	0
326	125	288.19	0
327	125	286.41	0
328	125	293.54	0
329	125	296.05	0
330	125	299.76	0
331	125	302.36	0
332	125	306.2	0
333	125	308.94	0
334	125	312.95	0
335	125	315.87	0
336	125	319.89	0
337	125	322.9	0
338	125	327.21	0
339	125	330.26	0
306	126	257.99	0
307	126	258.83	0
308	126	264.13	0
309	126	265.9	0
310	126	266.31	0
311	126	268.43	0
312	126	268.89	0
313	126	271.04	0
314	126	271.83	0
315	126	273.97	0
316	126	274.88	0
317	126	277.17	0
318	126	278.17	0
319	126	272.96	0
320	126	274.4	0
321	126	274.99	0
322	126	276.08	0
323	126	278.67	0
324	126	280.11	0
325	126	282.94	0
326	126	284.63	0
327	126	292.15	0
328	126	293.92	0
329	126	297.23	0
330	126	299.42	0
331	126	303.11	0
332	126	305.47	0
333	126	309.23	0
334	126	311.83	0
335	126	315.64	0
336	126	318.26	0
337	126	322.26	0
338	126	325	0
339	126	329.34	0
310	127	275.64	0
311	127	275.96	0
312	127	277.61	0
313	127	277.98	0
314	127	279.79	0
315	127	280.39	0
316	127	282.32	0
317	127	283.17	0
318	127	276.14	0
319	127	277.25	0
320	127	279.7	0
321	127	281.12	0
322	127	281.46	0
323	127	282.5	0
324	127	284.81	0
325	127	286.24	0
326	127	288.8	0
327	127	290.46	0
328	127	293.35	0
329	127	295.36	0
330	127	302.6	0
331	127	304.77	0
332	127	308.17	0
333	127	310.52	0
334	127	314.02	0
335	127	316.46	0
336	127	320.05	0
337	127	322.65	0
338	127	326.43	0
339	127	329.15	0
313	128	285.38	0
314	128	285.56	0
315	128	287.19	0
316	128	287.61	0
317	128	289.35	0
318	128	289.89	0
319	128	282.37	0
320	128	283.24	0
321	128	285.61	0
322	128	286.75	0
323	128	289.49	0
324	128	287.6	0
325	128	289.89	0
326	128	290.99	0
327	128	293.48	0
328	128	294.86	0
329	128	297.73	0
330	128	299.45	0
331	128	307.1	0
332	128	308.94	0
333	128	312.25	0
334	128	314.35	0
335	128	317.76	0
336	128	319.98	0
337	128	323.59	0
338	128	325.92	0
339	128	329.49	0
316	129	296.53	0
317	129	296.78	0
318	129	288.14	0
319	129	288.56	0
320	129	290.39	0
321	129	291.23	0
322	129	293.26	0
323	129	294.35	0
324	129	296.77	0
325	129	294.7	0
326	129	296.68	0
327	129	297.77	0
328	129	299.97	0
329	129	301.32	0
330	129	303.9	0
331	129	305.61	0
332	129	313.17	0
333	129	315	0
334	129	318.02	0
335	129	320.1	0
336	129	323.31	0
337	129	325.6	0
338	129	329.08	0
339	129	330.86	0
319	130	305.95	0
320	130	306.12	0
321	130	297.6	0
322	130	298.05	0
323	130	300.12	0
324	130	300.84	0
325	130	299.98	0
326	130	300.52	0
327	130	302.47	0
328	130	303.27	0
329	130	305.46	0
330	130	306.52	0
331	130	314.46	0
332	130	310.49	0
333	130	318.26	0
334	130	319.8	0
335	130	322.84	0
336	130	324.61	0
337	130	327.63	0
338	130	329.54	0
339	130	333.08	0
323	131	306.67	0
324	131	308.5	0
325	131	309.25	0
326	131	307.78	0
327	131	308.31	0
328	131	309.96	0
329	131	310.72	0
330	131	312.63	0
331	131	313.65	0
332	131	315.93	0
333	131	317.31	0
334	131	325.03	0
335	131	326.64	0
336	131	329.3	0
337	131	330.62	0
338	131	333.57	0
339	131	335.52	0
326	132	316.48	0
327	132	314.59	0
328	132	314.83	0
329	132	316.45	0
330	132	316.93	0
331	132	318.81	0
332	132	319.54	0
333	132	327.64	0
334	132	328.48	0
335	132	330.77	0
336	132	332.12	0
337	132	334.81	0
338	132	336.27	0
339	132	338.59	0
329	133	323.27	0
330	133	324.61	0
331	133	325.06	0
332	133	326.65	0
333	133	332.8	0
334	133	335.4	0
335	133	336.34	0
336	133	338.2	0
337	133	339.41	0
338	133	341.93	0
339	133	342.57	0
332	134	337.21	0
333	134	339.08	0
334	134	339.57	0
335	134	342.19	0
336	134	342.65	0
337	134	344.65	0
338	134	345.52	0
339	134	347.87	0
336	135	350.58	0
337	135	351.04	0
338	135	352.67	0
339	135	353.55	0
339	136	359.66	0