     0     0  165.000000000    0.002778248    0.000000006    0.002772837
     0     0  166.000000000    0.011078300    0.000000003    0.011043501
     0     0  167.000000000    0.043208151    0.000000002    0.043008753
     0     0  168.000000000    0.161005129    0.000000002    0.159986666
     0     0  169.000000000    0.555274895    0.000000002    0.550678096
     0     0  170.000000000    1.715089644    0.000000002    1.697207318
     0     0  171.000000000    4.622850935    0.000000001    4.564300321
     0     0  172.000000000   10.723124415    0.000000001   10.564235266
     0     0  173.000000000   21.391151585    0.000000000   21.038421004
     0     0  174.000000000   37.112289048    0.000000000   36.465736590
     0     0  175.000000000   57.121576984    0.000000000   56.104103271
     0     0  176.000000000   79.899318834    0.000000000   78.469682825
     0     0  177.000000000  103.998978648    0.000000000  102.137429694
     0     0  178.000000000  124.546419876    0.000000000  122.313393864
     0     0  179.000000000  143.874729445    0.000000000  141.279318487
     0     0  180.000000000  163.522504593    0.000000000  160.536283892
     0     0  181.000000000  183.442418423    0.000000000  180.027473485
     0     0  182.000000000  203.602121112    0.000000000  199.717685699
     0     0  183.000000000  223.971493751    0.000000000  219.569921961
     0     0  184.000000000  244.519451953    0.000000000  239.553572501
     0     0  185.000000000  265.213696931    0.000000000  259.630081484
     0     0  186.000000000  286.021249715    0.000000000  279.764847825
     0     0  187.000000000  306.909146302    0.000000000  299.921057978
     0     0  188.000000000  327.845115000    0.000000000  320.062687425
     0     0  189.000000000  348.798176962    0.000000000  340.155298166
     0     0  190.000000000  369.739145891    0.000000000  360.166405941
     0     0  191.000000000  390.641016632    0.000000000  380.065835698
     0     0  192.000000000  411.479240564    0.000000000  399.826026856
     0     0  193.000000000  432.231891865    0.000000000  419.421984008
     0     0  194.000000000  452.879733552    0.000000000  438.831194359
     0     0  195.000000000  473.406195807    0.000000000  458.030332681
     0     0  196.000000000  493.797281346    0.000000000  477.009680201
     0     0  197.000000000  514.041413688    0.000000000  495.750852462
     0     0  198.000000000  534.129244149    0.000000000  514.236776146
     0     0  199.000000000  554.053432460    0.000000000  532.466675388
     0     0  200.000000000  573.808414334    0.000000000  550.427363532
     0     1  165.000000000    0.002778248    0.000005405    0.000000000
     0     1  166.000000000    0.011078300    0.000024786    0.000010010
     0     1  167.000000000    0.043208151    0.000045734    0.000153659
     0     1  168.000000000    0.161005129    0.000065945    0.000952238
     0     1  169.000000000    0.555274895    0.000083220    0.004503947
     0     1  170.000000000    1.715089644    0.000092660    0.017674472
     0     1  171.000000000    4.622850935    0.000090493    0.057769128
     0     1  172.000000000   10.723124415    0.000076568    0.156024614
     0     1  173.000000000   21.391151585    0.000055904    0.344628583
     0     1  174.000000000   37.112289048    0.000035160    0.629021780
     0     1  175.000000000   57.121576984    0.000019520    0.986352970
     0     1  176.000000000   79.899318834    0.000009696    1.381168843
     0     1  177.000000000  103.998978648    0.000004418    1.791926968
     0     1  178.000000000  124.546419876    0.000001839    2.141070717
     0     1  179.000000000  143.874729445    0.000000742    2.478096554
     0     1  180.000000000  163.522504593    0.000000301    2.838820595
     0     1  181.000000000  183.442418423    0.000000124    3.232046503
     0     1  182.000000000  203.602121112    0.000000052    3.660147857
     0     1  183.000000000  223.971493751    0.000000022    4.129167072
     0     1  184.000000000  244.519451953    0.000000010    4.638137418
     0     1  185.000000000  265.213696931    0.000000005    5.192358719
     0     1  186.000000000  286.021249715    0.000000002    5.792778423
     0     1  187.000000000  306.909146302    0.000000001    6.442414005
     0     1  188.000000000  327.845115000    0.000000001    7.144149138
     0     1  189.000000000  348.798176962    0.000000000    7.900528463
     0     1  190.000000000  369.739145891    0.000000000    8.713879638
     0     1  191.000000000  390.641016632    0.000000000    9.586346973
     0     1  192.000000000  411.479240564    0.000000000   10.519866898
     0     1  193.000000000  432.231891865    0.000000000   11.516375211
     0     1  194.000000000  452.879733552    0.000000000   12.577951655
     0     1  195.000000000  473.406195807    0.000000000   13.709713334
     0     1  196.000000000  493.797281346    0.000000000   14.906878280
     0     1  197.000000000  514.041413688    0.000000000   16.174481600
     0     1  198.000000000  534.129244149    0.000000000   17.518007886
     0     1  199.000000000  554.053432460    0.000000000   18.931274792
     0     1  200.000000000  573.808414334    0.000000000   20.418871458
     0     2  165.000000000    0.002778248    0.000000000    0.000000000
     0     2  166.000000000    0.011078300    0.000000000    0.000000000
     0     2  167.000000000    0.043208151    0.000000000    0.000000000
     0     2  168.000000000    0.161005129    0.000000256    0.000000000
     0     2  169.000000000    0.555274895    0.000009475    0.000000000
     0     2  170.000000000    1.715089644    0.000114326    0.000000000
     0     2  171.000000000    4.622850935    0.000687158    0.000000000
     0     2  172.000000000   10.723124415    0.002581356    0.000192785
     0     2  173.000000000   21.391151585    0.005531677    0.002474277
     0     2  174.000000000   37.112289048    0.006677147    0.010724337
     0     2  175.000000000   57.121576984    0.005723151    0.025192965
     0     2  176.000000000   79.899318834    0.003955624    0.044181150
     0     2  177.000000000  103.998978648    0.002384904    0.066720244
     0     2  178.000000000  124.546419876    0.001277132    0.089919896
     0     2  179.000000000  143.874729445    0.000648303    0.115579448
     0     2  180.000000000  163.522504593    0.000321628    0.145535871
     0     2  181.000000000  183.442418423    0.000157485    0.180573930
     0     2  182.000000000  203.602121112    0.000076476    0.221205550
     0     2  183.000000000  223.971493751    0.000036992    0.268252603
     0     2  184.000000000  244.519451953    0.000017845    0.322168833
     0     2  185.000000000  265.213696931    0.000008602    0.383847315
     0     2  186.000000000  286.021249715    0.000004148    0.453888937
     0     2  187.000000000  306.909146302    0.000002006    0.533037235
     0     2  188.000000000  327.845115000    0.000000979    0.622060449
     0     2  189.000000000  348.798176962    0.000000484    0.721759536
     0     2  190.000000000  369.739145891    0.000000241    0.832977854
     0     2  191.000000000  390.641016632    0.000000121    0.956599951
     0     2  192.000000000  411.479240564    0.000000061    1.093545651
     0     2  193.000000000  432.231891865    0.000000031    1.244777316
     0     2  194.000000000  452.879733552    0.000000017    1.411302867
     0     2  195.000000000  473.406195807    0.000000009    1.594538554
     0     2  196.000000000  493.797281346    0.000000006    1.794797952
     0     2  197.000000000  514.041413688    0.000000004    2.013595282
     0     2  198.000000000  534.129244149    0.000000002    2.252637587
     0     2  199.000000000  554.053432460    0.000000001    2.512042296
     0     2  200.000000000  573.808414334    0.000000001    2.793644443
     0     3  165.000000000    0.002778248    0.000000000    0.000000000
     0     3  166.000000000    0.011078300    0.000000000    0.000000000
     0     3  167.000000000    0.043208151    0.000000000    0.000000000
     0     3  168.000000000    0.161005129    0.000000000    0.000000000
     0     3  169.000000000    0.555274895    0.000000000    0.000000000
     0     3  170.000000000    1.715089644    0.000000000    0.000000000
     0     3  171.000000000    4.622850935    0.000000000    0.000000000
     0     3  172.000000000   10.723124415    0.000000000    0.000000000
     0     3  173.000000000   21.391151585    0.000000000    0.000000000
     0     3  174.000000000   37.112289048    0.000000000    0.000000000
     0     3  175.000000000   57.121576984    0.000000042    0.000000000
     0     3  176.000000000   79.899318834    0.000000758    0.000000000
     0     3  177.000000000  103.998978648    0.000005665    0.000000000
     0     3  178.000000000  124.546419876    0.000023617    0.000000000
     0     3  179.000000000  143.874729445    0.000067861    0.000000000
     0     3  180.000000000  163.522504593    0.000152499    0.000002286
     0     3  181.000000000  183.442418423    0.000277027    0.000027735
     0     3  182.000000000  203.602121112    0.000397273    0.000144738
     0     3  183.000000000  223.971493751    0.000449951    0.000445701
     0     3  184.000000000  244.519451953    0.000425493    0.000972819
     0     3  185.000000000  265.213696931    0.000353570    0.001735275
     0     3  186.000000000  286.021249715    0.000267471    0.002742500
     0     3  187.000000000  306.909146302    0.000188848    0.004021325
     0     3  188.000000000  327.845115000    0.000126637    0.005617162
     0     3  189.000000000  348.798176962    0.000081667    0.007589929
     0     3  190.000000000  369.739145891    0.000051108    0.010010160
     0     3  191.000000000  390.641016632    0.000031246    0.012956731
     0     3  192.000000000  411.479240564    0.000018756    0.016515974
     0     3  193.000000000  432.231891865    0.000011097    0.020781814
     0     3  194.000000000  452.879733552    0.000006490    0.025856271
     0     3  195.000000000  473.406195807    0.000003763    0.031857266
     0     3  196.000000000  493.797281346    0.000002165    0.038889503
     0     3  197.000000000  514.041413688    0.000001239    0.047089078
     0     3  198.000000000  534.129244149    0.000000706    0.056608462
     0     3  199.000000000  554.053432460    0.000000401    0.067570364
     0     3  200.000000000  573.808414334    0.000000227    0.080148504
     0     4  165.000000000    0.002778248    0.000000000    0.000000000
     0     4  166.000000000    0.011078300    0.000000000    0.000000000
     0     4  167.000000000    0.043208151    0.000000000    0.000000000
     0     4  168.000000000    0.161005129    0.000000000    0.000000000
     0     4  169.000000000    0.555274895    0.000000000    0.000000000
     0     4  170.000000000    1.715089644    0.000000000    0.000000000
     0     4  171.000000000    4.622850935    0.000000000    0.000000000
     0     4  172.000000000   10.723124415    0.000000000    0.000000000
     0     4  173.000000000   21.391151585    0.000000000    0.000000000
     0     4  174.000000000   37.112289048    0.000000000    0.000000000
     0     4  175.000000000   57.121576984    0.000000000    0.000000000
     0     4  176.000000000   79.899318834    0.000000000    0.000000000
     0     4  177.000000000  103.998978648    0.000000000    0.000000000
     0     4  178.000000000  124.546419876    0.000000000    0.000000000
     0     4  179.000000000  143.874729445    0.000000000    0.000000000
     0     4  180.000000000  163.522504593    0.000000000    0.000000000
     0     4  181.000000000  183.442418423    0.000000000    0.000000000
     0     4  182.000000000  203.602121112    0.000000000    0.000000000
     0     4  183.000000000  223.971493751    0.000000007    0.000000000
     0     4  184.000000000  244.519451953    0.000000076    0.000000000
     0     4  185.000000000  265.213696931    0.000000487    0.000000000
     0     4  186.000000000  286.021249715    0.000002070    0.000000021
     0     4  187.000000000  306.909146302    0.000006283    0.000000351
     0     4  188.000000000  327.845115000    0.000014239    0.000002627
     0     4  189.000000000  348.798176962    0.000024956    0.000011743
     0     4  190.000000000  369.739145891    0.000035135    0.000036259
     0     4  191.000000000  390.641016632    0.000041600    0.000086144
     0     4  192.000000000  411.479240564    0.000043103    0.000171167
     0     4  193.000000000  432.231891865    0.000040292    0.000301138
     0     4  194.000000000  452.879733552    0.000034763    0.000487117
     0     4  195.000000000  473.406195807    0.000028162    0.000742757
     0     4  196.000000000  493.797281346    0.000021686    0.001084438
     0     4  197.000000000  514.041413688    0.000016034    0.001532625
     0     4  198.000000000  534.129244149    0.000011472    0.002112050
     0     4  199.000000000  554.053432460    0.000007985    0.002850137
     0     4  200.000000000  573.808414334    0.000005435    0.003780059
     0     5  165.000000000    0.002778248    0.000000000    0.000000000
     0     5  166.000000000    0.011078300    0.000000000    0.000000000
     0     5  167.000000000    0.043208151    0.000000000    0.000000000
     0     5  168.000000000    0.161005129    0.000000000    0.000000000
     0     5  169.000000000    0.555274895    0.000000000    0.000000000
     0     5  170.000000000    1.715089644    0.000000000    0.000000000
     0     5  171.000000000    4.622850935    0.000000000    0.000000000
     0     5  172.000000000   10.723124415    0.000000000    0.000000000
     0     5  173.000000000   21.391151585    0.000000000    0.000000000
     0     5  174.000000000   37.112289048    0.000000000    0.000000000
     0     5  175.000000000   57.121576984    0.000000000    0.000000000
     0     5  176.000000000   79.899318834    0.000000000    0.000000000
     0     5  177.000000000  103.998978648    0.000000000    0.000000000
     0     5  178.000000000  124.546419876    0.000000000    0.000000000
     0     5  179.000000000  143.874729445    0.000000000    0.000000000
     0     5  180.000000000  163.522504593    0.000000000    0.000000000
     0     5  181.000000000  183.442418423    0.000000000    0.000000000
     0     5  182.000000000  203.602121112    0.000000000    0.000000000
     0     5  183.000000000  223.971493751    0.000000000    0.000000000
     0     5  184.000000000  244.519451953    0.000000000    0.000000000
     0     5  185.000000000  265.213696931    0.000000000    0.000000000
     0     5  186.000000000  286.021249715    0.000000000    0.000000000
     0     5  187.000000000  306.909146302    0.000000000    0.000000000
     0     5  188.000000000  327.845115000    0.000000000    0.000000000
     0     5  189.000000000  348.798176962    0.000000000    0.000000000
     0     5  190.000000000  369.739145891    0.000000000    0.000000000
     0     5  191.000000000  390.641016632    0.000000000    0.000000000
     0     5  192.000000000  411.479240564    0.000000000    0.000000000
     0     5  193.000000000  432.231891865    0.000000003    0.000000000
     0     5  194.000000000  452.879733552    0.000000017    0.000000000
     0     5  195.000000000  473.406195807    0.000000064    0.000000001
     0     5  196.000000000  493.797281346    0.000000185    0.000000013
     0     5  197.000000000  514.041413688    0.000000432    0.000000079
     0     5  198.000000000  534.129244149    0.000000829    0.000000340
     0     5  199.000000000  554.053432460    0.000001339    0.000001088
     0     5  200.000000000  573.808414334    0.000001869    0.000002800
     0     6  165.000000000    0.002778248    0.000000000    0.000000000
     0     6  166.000000000    0.011078300    0.000000000    0.000000000
     0     6  167.000000000    0.043208151    0.000000000    0.000000000
     0     6  168.000000000    0.161005129    0.000000000    0.000000000
     0     6  169.000000000    0.555274895    0.000000000    0.000000000
     0     6  170.000000000    1.715089644    0.000000000    0.000000000
     0     6  171.000000000    4.622850935    0.000000000    0.000000000
     0     6  172.000000000   10.723124415    0.000000000    0.000000000
     0     6  173.000000000   21.391151585    0.000000000    0.000000000
     0     6  174.000000000   37.112289048    0.000000000    0.000000000
     0     6  175.000000000   57.121576984    0.000000000    0.000000000
     0     6  176.000000000   79.899318834    0.000000000    0.000000000
     0     6  177.000000000  103.998978648    0.000000000    0.000000000
     0     6  178.000000000  124.546419876    0.000000000    0.000000000
     0     6  179.000000000  143.874729445    0.000000000    0.000000000
     0     6  180.000000000  163.522504593    0.000000000    0.000000000
     0     6  181.000000000  183.442418423    0.000000000    0.000000000
     0     6  182.000000000  203.602121112    0.000000000    0.000000000
     0     6  183.000000000  223.971493751    0.000000000    0.000000000
     0     6  184.000000000  244.519451953    0.000000000    0.000000000
     0     6  185.000000000  265.213696931    0.000000000    0.000000000
     0     6  186.000000000  286.021249715    0.000000000    0.000000000
     0     6  187.000000000  306.909146302    0.000000000    0.000000000
     0     6  188.000000000  327.845115000    0.000000000    0.000000000
     0     6  189.000000000  348.798176962    0.000000000    0.000000000
     0     6  190.000000000  369.739145891    0.000000000    0.000000000
     0     6  191.000000000  390.641016632    0.000000000    0.000000000
     0     6  192.000000000  411.479240564    0.000000000    0.000000000
     0     6  193.000000000  432.231891865    0.000000000    0.000000000
     0     6  194.000000000  452.879733552    0.000000000    0.000000000
     0     6  195.000000000  473.406195807    0.000000000    0.000000000
     0     6  196.000000000  493.797281346    0.000000000    0.000000000
     0     6  197.000000000  514.041413688    0.000000000    0.000000000
     0     6  198.000000000  534.129244149    0.000000000    0.000000000
     0     6  199.000000000  554.053432460    0.000000000    0.000000000
     0     6  200.000000000  573.808414334    0.000000000    0.000000000
     0     7  165.000000000    0.002778248    0.000000000    0.000000000
     0     7  166.000000000    0.011078300    0.000000000    0.000000000
     0     7  167.000000000    0.043208151    0.000000000    0.000000000
     0     7  168.000000000    0.161005129    0.000000000    0.000000000
     0     7  169.000000000    0.555274895    0.000000000    0.000000000
     0     7  170.000000000    1.715089644    0.000000000    0.000000000
     0     7  171.000000000    4.622850935    0.000000000    0.000000000
     0     7  172.000000000   10.723124415    0.000000000    0.000000000
     0     7  173.000000000   21.391151585    0.000000000    0.000000000
     0     7  174.000000000   37.112289048    0.000000000    0.000000000
     0     7  175.000000000   57.121576984    0.000000000    0.000000000
     0     7  176.000000000   79.899318834    0.000000000    0.000000000
     0     7  177.000000000  103.998978648    0.000000000    0.000000000
     0     7  178.000000000  124.546419876    0.000000000    0.000000000
     0     7  179.000000000  143.874729445    0.000000000    0.000000000
     0     7  180.000000000  163.522504593    0.000000000    0.000000000
     0     7  181.000000000  183.442418423    0.000000000    0.000000000
     0     7  182.000000000  203.602121112    0.000000000    0.000000000
     0     7  183.000000000  223.971493751    0.000000000    0.000000000
     0     7  184.000000000  244.519451953    0.000000000    0.000000000
     0     7  185.000000000  265.213696931    0.000000000    0.000000000
     0     7  186.000000000  286.021249715    0.000000000    0.000000000
     0     7  187.000000000  306.909146302    0.000000000    0.000000000
     0     7  188.000000000  327.845115000    0.000000000    0.000000000
     0     7  189.000000000  348.798176962    0.000000000    0.000000000
     0     7  190.000000000  369.739145891    0.000000000    0.000000000
     0     7  191.000000000  390.641016632    0.000000000    0.000000000
     0     7  192.000000000  411.479240564    0.000000000    0.000000000
     0     7  193.000000000  432.231891865    0.000000000    0.000000000
     0     7  194.000000000  452.879733552    0.000000000    0.000000000
     0     7  195.000000000  473.406195807    0.000000000    0.000000000
     0     7  196.000000000  493.797281346    0.000000000    0.000000000
     0     7  197.000000000  514.041413688    0.000000000    0.000000000
     0     7  198.000000000  534.129244149    0.000000000    0.000000000
     0     7  199.000000000  554.053432460    0.000000000    0.000000000
     0     7  200.000000000  573.808414334    0.000000000    0.000000000
     0     8  165.000000000    0.002778248    0.000000000    0.000000000
     0     8  166.000000000    0.011078300    0.000000000    0.000000000
     0     8  167.000000000    0.043208151    0.000000000    0.000000000
     0     8  168.000000000    0.161005129    0.000000000    0.000000000
     0     8  169.000000000    0.555274895    0.000000000    0.000000000
     0     8  170.000000000    1.715089644    0.000000000    0.000000000
     0     8  171.000000000    4.622850935    0.000000000    0.000000000
     0     8  172.000000000   10.723124415    0.000000000    0.000000000
     0     8  173.000000000   21.391151585    0.000000000    0.000000000
     0     8  174.000000000   37.112289048    0.000000000    0.000000000
     0     8  175.000000000   57.121576984    0.000000000    0.000000000
     0     8  176.000000000   79.899318834    0.000000000    0.000000000
     0     8  177.000000000  103.998978648    0.000000000    0.000000000
     0     8  178.000000000  124.546419876    0.000000000    0.000000000
     0     8  179.000000000  143.874729445    0.000000000    0.000000000
     0     8  180.000000000  163.522504593    0.000000000    0.000000000
     0     8  181.000000000  183.442418423    0.000000000    0.000000000
     0     8  182.000000000  203.602121112    0.000000000    0.000000000
     0     8  183.000000000  223.971493751    0.000000000    0.000000000
     0     8  184.000000000  244.519451953    0.000000000    0.000000000
     0     8  185.000000000  265.213696931    0.000000000    0.000000000
     0     8  186.000000000  286.021249715    0.000000000    0.000000000
     0     8  187.000000000  306.909146302    0.000000000    0.000000000
     0     8  188.000000000  327.845115000    0.000000000    0.000000000
     0     8  189.000000000  348.798176962    0.000000000    0.000000000
     0     8  190.000000000  369.739145891    0.000000000    0.000000000
     0     8  191.000000000  390.641016632    0.000000000    0.000000000
     0     8  192.000000000  411.479240564    0.000000000    0.000000000
     0     8  193.000000000  432.231891865    0.000000000    0.000000000
     0     8  194.000000000  452.879733552    0.000000000    0.000000000
     0     8  195.000000000  473.406195807    0.000000000    0.000000000
     0     8  196.000000000  493.797281346    0.000000000    0.000000000
     0     8  197.000000000  514.041413688    0.000000000    0.000000000
     0     8  198.000000000  534.129244149    0.000000000    0.000000000
     0     8  199.000000000  554.053432460    0.000000000    0.000000000
     0     8  200.000000000  573.808414334    0.000000000    0.000000000
     0     9  165.000000000    0.002778248    0.000000000    0.000000000
     0     9  166.000000000    0.011078300    0.000000000    0.000000000
     0     9  167.000000000    0.043208151    0.000000000    0.000000000
     0     9  168.000000000    0.161005129    0.000000000    0.000000000
     0     9  169.000000000    0.555274895    0.000000000    0.000000000
     0     9  170.000000000    1.715089644    0.000000000    0.000000000
     0     9  171.000000000    4.622850935    0.000000000    0.000000000
     0     9  172.000000000   10.723124415    0.000000000    0.000000000
     0     9  173.000000000   21.391151585    0.000000000    0.000000000
     0     9  174.000000000   37.112289048    0.000000000    0.000000000
     0     9  175.000000000   57.121576984    0.000000000    0.000000000
     0     9  176.000000000   79.899318834    0.000000000    0.000000000
     0     9  177.000000000  103.998978648    0.000000000    0.000000000
     0     9  178.000000000  124.546419876    0.000000000    0.000000000
     0     9  179.000000000  143.874729445    0.000000000    0.000000000
     0     9  180.000000000  163.522504593    0.000000000    0.000000000
     0     9  181.000000000  183.442418423    0.000000000    0.000000000
     0     9  182.000000000  203.602121112    0.000000000    0.000000000
     0     9  183.000000000  223.971493751    0.000000000    0.000000000
     0     9  184.000000000  244.519451953    0.000000000    0.000000000
     0     9  185.000000000  265.213696931    0.000000000    0.000000000
     0     9  186.000000000  286.021249715    0.000000000    0.000000000
     0     9  187.000000000  306.909146302    0.000000000    0.000000000
     0     9  188.000000000  327.845115000    0.000000000    0.000000000
     0     9  189.000000000  348.798176962    0.000000000    0.000000000
     0     9  190.000000000  369.739145891    0.000000000    0.000000000
     0     9  191.000000000  390.641016632    0.000000000    0.000000000
     0     9  192.000000000  411.479240564    0.000000000    0.000000000
     0     9  193.000000000  432.231891865    0.000000000    0.000000000
     0     9  194.000000000  452.879733552    0.000000000    0.000000000
     0     9  195.000000000  473.406195807    0.000000000    0.000000000
     0     9  196.000000000  493.797281346    0.000000000    0.000000000
     0     9  197.000000000  514.041413688    0.000000000    0.000000000
     0     9  198.000000000  534.129244149    0.000000000    0.000000000
     0     9  199.000000000  554.053432460    0.000000000    0.000000000
     0     9  200.000000000  573.808414334    0.000000000    0.000000000
     1     0  165.000000000    0.002778248    0.000000000    0.000000000
     1     0  166.000000000    0.011078300    0.000000000    0.000000000
     1     0  167.000000000    0.043208151    0.000000000    0.000000000
     1     0  168.000000000    0.161005129    0.000000003    0.000000000
     1     0  169.000000000    0.555274895    0.000000019    0.000000003
     1     0  170.000000000    1.715089644    0.000000102    0.000000047
     1     0  171.000000000    4.622850935    0.000000362    0.000000429
     1     0  172.000000000   10.723124415    0.000000852    0.000002399
     1     0  173.000000000   21.391151585    0.000001317    0.000008901
     1     0  174.000000000   37.112289048    0.000001396    0.000023644
     1     0  175.000000000   57.121576984    0.000001135    0.000049698
     1     0  176.000000000   79.899318834    0.000000773    0.000089613
     1     0  177.000000000  103.998978648    0.000000464    0.000146750
     1     0  178.000000000  124.546419876    0.000000247    0.000218474
     1     0  179.000000000  143.874729445    0.000000124    0.000311481
     1     0  180.000000000  163.522504593    0.000000060    0.000434343
     1     0  181.000000000  183.442418423    0.000000029    0.000594606
     1     0  182.000000000  203.602121112    0.000000014    0.000800139
     1     0  183.000000000  223.971493751    0.000000007    0.001060983
     1     0  184.000000000  244.519451953    0.000000003    0.001386941
     1     0  185.000000000  265.213696931    0.000000001    0.001790713
     1     0  186.000000000  286.021249715    0.000000001    0.002284996
     1     0  187.000000000  306.909146302    0.000000000    0.002884272
     1     0  188.000000000  327.845115000    0.000000000    0.003604365
     1     0  189.000000000  348.798176962    0.000000000    0.004462508
     1     0  190.000000000  369.739145891    0.000000000    0.005477375
     1     0  191.000000000  390.641016632    0.000000000    0.006669168
     1     0  192.000000000  411.479240564    0.000000000    0.008059507
     1     0  193.000000000  432.231891865    0.000000000    0.009671589
     1     0  194.000000000  452.879733552    0.000000000    0.011530153
     1     0  195.000000000  473.406195807    0.000000000    0.013664629
     1     0  196.000000000  493.797281346    0.000000000    0.016096298
     1     0  197.000000000  514.041413688    0.000000000    0.018857600
     1     0  198.000000000  534.129244149    0.000000000    0.021984564
     1     0  199.000000000  554.053432460    0.000000000    0.025498827
     1     0  200.000000000  573.808414334    0.000000000    0.029439411
     1     1  165.000000000    0.002778248    0.000000000    0.000000000
     1     1  166.000000000    0.011078300    0.000000000    0.000000000
     1     1  167.000000000    0.043208151    0.000000000    0.000000000
     1     1  168.000000000    0.161005129    0.000000000    0.000000000
     1     1  169.000000000    0.555274895    0.000000000    0.000000000
     1     1  170.000000000    1.715089644    0.000000000    0.000000000
     1     1  171.000000000    4.622850935    0.000000000    0.000000000
     1     1  172.000000000   10.723124415    0.000000000    0.000000000
     1     1  173.000000000   21.391151585    0.000000001    0.000000000
     1     1  174.000000000   37.112289048    0.000000008    0.000000000
     1     1  175.000000000   57.121576984    0.000000038    0.000000000
     1     1  176.000000000   79.899318834    0.000000124    0.000000003
     1     1  177.000000000  103.998978648    0.000000311    0.000000036
     1     1  178.000000000  124.546419876    0.000000605    0.000000186
     1     1  179.000000000  143.874729445    0.000000965    0.000000654
     1     1  180.000000000  163.522504593    0.000001293    0.000001779
     1     1  181.000000000  183.442418423    0.000001476    0.000004005
     1     1  182.000000000  203.602121112    0.000001456    0.000007822
     1     1  183.000000000  223.971493751    0.000001266    0.000013763
     1     1  184.000000000  244.519451953    0.000000993    0.000022443
     1     1  185.000000000  265.213696931    0.000000718    0.000034684
     1     1  186.000000000  286.021249715    0.000000486    0.000051532
     1     1  187.000000000  306.909146302    0.000000314    0.000074317
     1     1  188.000000000  327.845115000    0.000000194    0.000104655
     1     1  189.000000000  348.798176962    0.000000117    0.000144476
     1     1  190.000000000  369.739145891    0.000000069    0.000196041
     1     1  191.000000000  390.641016632    0.000000040    0.000261984
     1     1  192.000000000  411.479240564    0.000000023    0.000345336
     1     1  193.000000000  432.231891865    0.000000013    0.000449563
     1     1  194.000000000  452.879733552    0.000000007    0.000578605
     1     1  195.000000000  473.406195807    0.000000004    0.000737076
     1     1  196.000000000  493.797281346    0.000000002    0.000929621
     1     1  197.000000000  514.041413688    0.000000001    0.001161952
     1     1  198.000000000  534.129244149    0.000000001    0.001440582
     1     1  199.000000000  554.053432460    0.000000000    0.001771644
     1     1  200.000000000  573.808414334    0.000000000    0.002162973
     1     2  165.000000000    0.002778248    0.000000000    0.000000000
     1     2  166.000000000    0.011078300    0.000000000    0.000000000
     1     2  167.000000000    0.043208151    0.000000000    0.000000000
     1     2  168.000000000    0.161005129    0.000000000    0.000000000
     1     2  169.000000000    0.555274895    0.000000000    0.000000000
     1     2  170.000000000    1.715089644    0.000000000    0.000000000
     1     2  171.000000000    4.622850935    0.000000000    0.000000000
     1     2  172.000000000   10.723124415    0.000000000    0.000000000
     1     2  173.000000000   21.391151585    0.000000000    0.000000000
     1     2  174.000000000   37.112289048    0.000000000    0.000000000
     1     2  175.000000000   57.121576984    0.000000000    0.000000000
     1     2  176.000000000   79.899318834    0.000000000    0.000000000
     1     2  177.000000000  103.998978648    0.000000000    0.000000000
     1     2  178.000000000  124.546419876    0.000000000    0.000000000
     1     2  179.000000000  143.874729445    0.000000002    0.000000000
     1     2  180.000000000  163.522504593    0.000000009    0.000000000
     1     2  181.000000000  183.442418423    0.000000037    0.000000000
     1     2  182.000000000  203.602121112    0.000000117    0.000000000
     1     2  183.000000000  223.971493751    0.000000305    0.000000006
     1     2  184.000000000  244.519451953    0.000000669    0.000000044
     1     2  185.000000000  265.213696931    0.000001259    0.000000201
     1     2  186.000000000  286.021249715    0.000002049    0.000000684
     1     2  187.000000000  306.909146302    0.000002907    0.000001865
     1     2  188.000000000  327.845115000    0.000003627    0.000004259
     1     2  189.000000000  348.798176962    0.000004023    0.000008451
     1     2  190.000000000  369.739145891    0.000004020    0.000015018
     1     2  191.000000000  390.641016632    0.000003672    0.000024533
     1     2  192.000000000  411.479240564    0.000003108    0.000037636
     1     2  193.000000000  432.231891865    0.000002470    0.000055126
     1     2  194.000000000  452.879733552    0.000001863    0.000078034
     1     2  195.000000000  473.406195807    0.000001347    0.000107687
     1     2  196.000000000  493.797281346    0.000000940    0.000145633
     1     2  197.000000000  514.041413688    0.000000637    0.000193805
     1     2  198.000000000  534.129244149    0.000000422    0.000254513
     1     2  199.000000000  554.053432460    0.000000273    0.000330254
     1     2  200.000000000  573.808414334    0.000000175    0.000424103
     1     3  165.000000000    0.002778248    0.000000000    0.000000000
     1     3  166.000000000    0.011078300    0.000000000    0.000000000
     1     3  167.000000000    0.043208151    0.000000000    0.000000000
     1     3  168.000000000    0.161005129    0.000000000    0.000000000
     1     3  169.000000000    0.555274895    0.000000000    0.000000000
     1     3  170.000000000    1.715089644    0.000000000    0.000000000
     1     3  171.000000000    4.622850935    0.000000000    0.000000000
     1     3  172.000000000   10.723124415    0.000000000    0.000000000
     1     3  173.000000000   21.391151585    0.000000000    0.000000000
     1     3  174.000000000   37.112289048    0.000000000    0.000000000
     1     3  175.000000000   57.121576984    0.000000000    0.000000000
     1     3  176.000000000   79.899318834    0.000000000    0.000000000
     1     3  177.000000000  103.998978648    0.000000000    0.000000000
     1     3  178.000000000  124.546419876    0.000000000    0.000000000
     1     3  179.000000000  143.874729445    0.000000000    0.000000000
     1     3  180.000000000  163.522504593    0.000000000    0.000000000
     1     3  181.000000000  183.442418423    0.000000000    0.000000000
     1     3  182.000000000  203.602121112    0.000000000    0.000000000
     1     3  183.000000000  223.971493751    0.000000000    0.000000000
     1     3  184.000000000  244.519451953    0.000000000    0.000000000
     1     3  185.000000000  265.213696931    0.000000000    0.000000000
     1     3  186.000000000  286.021249715    0.000000000    0.000000000
     1     3  187.000000000  306.909146302    0.000000000    0.000000000
     1     3  188.000000000  327.845115000    0.000000000    0.000000000
     1     3  189.000000000  348.798176962    0.000000002    0.000000000
     1     3  190.000000000  369.739145891    0.000000006    0.000000000
     1     3  191.000000000  390.641016632    0.000000017    0.000000000
     1     3  192.000000000  411.479240564    0.000000043    0.000000003
     1     3  193.000000000  432.231891865    0.000000092    0.000000013
     1     3  194.000000000  452.879733552    0.000000175    0.000000048
     1     3  195.000000000  473.406195807    0.000000291    0.000000142
     1     3  196.000000000  493.797281346    0.000000431    0.000000355
     1     3  197.000000000  514.041413688    0.000000574    0.000000779
     1     3  198.000000000  534.129244149    0.000000693    0.000001531
     1     3  199.000000000  554.053432460    0.000000768    0.000002748
     1     3  200.000000000  573.808414334    0.000000789    0.000004591
     1     4  165.000000000    0.002778248    0.000000000    0.000000000
     1     4  166.000000000    0.011078300    0.000000000    0.000000000
     1     4  167.000000000    0.043208151    0.000000000    0.000000000
     1     4  168.000000000    0.161005129    0.000000000    0.000000000
     1     4  169.000000000    0.555274895    0.000000000    0.000000000
     1     4  170.000000000    1.715089644    0.000000000    0.000000000
     1     4  171.000000000    4.622850935    0.000000000    0.000000000
     1     4  172.000000000   10.723124415    0.000000000    0.000000000
     1     4  173.000000000   21.391151585    0.000000000    0.000000000
     1     4  174.000000000   37.112289048    0.000000000    0.000000000
     1     4  175.000000000   57.121576984    0.000000000    0.000000000
     1     4  176.000000000   79.899318834    0.000000000    0.000000000
     1     4  177.000000000  103.998978648    0.000000000    0.000000000
     1     4  178.000000000  124.546419876    0.000000000    0.000000000
     1     4  179.000000000  143.874729445    0.000000000    0.000000000
     1     4  180.000000000  163.522504593    0.000000000    0.000000000
     1     4  181.000000000  183.442418423    0.000000000    0.000000000
     1     4  182.000000000  203.602121112    0.000000000    0.000000000
     1     4  183.000000000  223.971493751    0.000000000    0.000000000
     1     4  184.000000000  244.519451953    0.000000000    0.000000000
     1     4  185.000000000  265.213696931    0.000000000    0.000000000
     1     4  186.000000000  286.021249715    0.000000000    0.000000000
     1     4  187.000000000  306.909146302    0.000000000    0.000000000
     1     4  188.000000000  327.845115000    0.000000000    0.000000000
     1     4  189.000000000  348.798176962    0.000000000    0.000000000
     1     4  190.000000000  369.739145891    0.000000000    0.000000000
     1     4  191.000000000  390.641016632    0.000000000    0.000000000
     1     4  192.000000000  411.479240564    0.000000000    0.000000000
     1     4  193.000000000  432.231891865    0.000000000    0.000000000
     1     4  194.000000000  452.879733552    0.000000000    0.000000000
     1     4  195.000000000  473.406195807    0.000000000    0.000000000
     1     4  196.000000000  493.797281346    0.000000000    0.000000000
     1     4  197.000000000  514.041413688    0.000000002    0.000000000
     1     4  198.000000000  534.129244149    0.000000005    0.000000000
     1     4  199.000000000  554.053432460    0.000000014    0.000000000
     1     4  200.000000000  573.808414334    0.000000034    0.000000002
     1     5  165.000000000    0.002778248    0.000000000    0.000000000
     1     5  166.000000000    0.011078300    0.000000000    0.000000000
     1     5  167.000000000    0.043208151    0.000000000    0.000000000
     1     5  168.000000000    0.161005129    0.000000000    0.000000000
     1     5  169.000000000    0.555274895    0.000000000    0.000000000
     1     5  170.000000000    1.715089644    0.000000000    0.000000000
     1     5  171.000000000    4.622850935    0.000000000    0.000000000
     1     5  172.000000000   10.723124415    0.000000000    0.000000000
     1     5  173.000000000   21.391151585    0.000000000    0.000000000
     1     5  174.000000000   37.112289048    0.000000000    0.000000000
     1     5  175.000000000   57.121576984    0.000000000    0.000000000
     1     5  176.000000000   79.899318834    0.000000000    0.000000000
     1     5  177.000000000  103.998978648    0.000000000    0.000000000
     1     5  178.000000000  124.546419876    0.000000000    0.000000000
     1     5  179.000000000  143.874729445    0.000000000    0.000000000
     1     5  180.000000000  163.522504593    0.000000000    0.000000000
     1     5  181.000000000  183.442418423    0.000000000    0.000000000
     1     5  182.000000000  203.602121112    0.000000000    0.000000000
     1     5  183.000000000  223.971493751    0.000000000    0.000000000
     1     5  184.000000000  244.519451953    0.000000000    0.000000000
     1     5  185.000000000  265.213696931    0.000000000    0.000000000
     1     5  186.000000000  286.021249715    0.000000000    0.000000000
     1     5  187.000000000  306.909146302    0.000000000    0.000000000
     1     5  188.000000000  327.845115000    0.000000000    0.000000000
     1     5  189.000000000  348.798176962    0.000000000    0.000000000
     1     5  190.000000000  369.739145891    0.000000000    0.000000000
     1     5  191.000000000  390.641016632    0.000000000    0.000000000
     1     5  192.000000000  411.479240564    0.000000000    0.000000000
     1     5  193.000000000  432.231891865    0.000000000    0.000000000
     1     5  194.000000000  452.879733552    0.000000000    0.000000000
     1     5  195.000000000  473.406195807    0.000000000    0.000000000
     1     5  196.000000000  493.797281346    0.000000000    0.000000000
     1     5  197.000000000  514.041413688    0.000000000    0.000000000
     1     5  198.000000000  534.129244149    0.000000000    0.000000000
     1     5  199.000000000  554.053432460    0.000000000    0.000000000
     1     5  200.000000000  573.808414334    0.000000000    0.000000000
     1     6  165.000000000    0.002778248    0.000000000    0.000000000
     1     6  166.000000000    0.011078300    0.000000000    0.000000000
     1     6  167.000000000    0.043208151    0.000000000    0.000000000
     1     6  168.000000000    0.161005129    0.000000000    0.000000000
     1     6  169.000000000    0.555274895    0.000000000    0.000000000
     1     6  170.000000000    1.715089644    0.000000000    0.000000000
     1     6  171.000000000    4.622850935    0.000000000    0.000000000
     1     6  172.000000000   10.723124415    0.000000000    0.000000000
     1     6  173.000000000   21.391151585    0.000000000    0.000000000
     1     6  174.000000000   37.112289048    0.000000000    0.000000000
     1     6  175.000000000   57.121576984    0.000000000    0.000000000
     1     6  176.000000000   79.899318834    0.000000000    0.000000000
     1     6  177.000000000  103.998978648    0.000000000    0.000000000
     1     6  178.000000000  124.546419876    0.000000000    0.000000000
     1     6  179.000000000  143.874729445    0.000000000    0.000000000
     1     6  180.000000000  163.522504593    0.000000000    0.000000000
     1     6  181.000000000  183.442418423    0.000000000    0.000000000
     1     6  182.000000000  203.602121112    0.000000000    0.000000000
     1     6  183.000000000  223.971493751    0.000000000    0.000000000
     1     6  184.000000000  244.519451953    0.000000000    0.000000000
     1     6  185.000000000  265.213696931    0.000000000    0.000000000
     1     6  186.000000000  286.021249715    0.000000000    0.000000000
     1     6  187.000000000  306.909146302    0.000000000    0.000000000
     1     6  188.000000000  327.845115000    0.000000000    0.000000000
     1     6  189.000000000  348.798176962    0.000000000    0.000000000
     1     6  190.000000000  369.739145891    0.000000000    0.000000000
     1     6  191.000000000  390.641016632    0.000000000    0.000000000
     1     6  192.000000000  411.479240564    0.000000000    0.000000000
     1     6  193.000000000  432.231891865    0.000000000    0.000000000
     1     6  194.000000000  452.879733552    0.000000000    0.000000000
     1     6  195.000000000  473.406195807    0.000000000    0.000000000
     1     6  196.000000000  493.797281346    0.000000000    0.000000000
     1     6  197.000000000  514.041413688    0.000000000    0.000000000
     1     6  198.000000000  534.129244149    0.000000000    0.000000000
     1     6  199.000000000  554.053432460    0.000000000    0.000000000
     1     6  200.000000000  573.808414334    0.000000000    0.000000000
     1     7  165.000000000    0.002778248    0.000000000    0.000000000
     1     7  166.000000000    0.011078300    0.000000000    0.000000000
     1     7  167.000000000    0.043208151    0.000000000    0.000000000
     1     7  168.000000000    0.161005129    0.000000000    0.000000000
     1     7  169.000000000    0.555274895    0.000000000    0.000000000
     1     7  170.000000000    1.715089644    0.000000000    0.000000000
     1     7  171.000000000    4.622850935    0.000000000    0.000000000
     1     7  172.000000000   10.723124415    0.000000000    0.000000000
     1     7  173.000000000   21.391151585    0.000000000    0.000000000
     1     7  174.000000000   37.112289048    0.000000000    0.000000000
     1     7  175.000000000   57.121576984    0.000000000    0.000000000
     1     7  176.000000000   79.899318834    0.000000000    0.000000000
     1     7  177.000000000  103.998978648    0.000000000    0.000000000
     1     7  178.000000000  124.546419876    0.000000000    0.000000000
     1     7  179.000000000  143.874729445    0.000000000    0.000000000
     1     7  180.000000000  163.522504593    0.000000000    0.000000000
     1     7  181.000000000  183.442418423    0.000000000    0.000000000
     1     7  182.000000000  203.602121112    0.000000000    0.000000000
     1     7  183.000000000  223.971493751    0.000000000    0.000000000
     1     7  184.000000000  244.519451953    0.000000000    0.000000000
     1     7  185.000000000  265.213696931    0.000000000    0.000000000
     1     7  186.000000000  286.021249715    0.000000000    0.000000000
     1     7  187.000000000  306.909146302    0.000000000    0.000000000
     1     7  188.000000000  327.845115000    0.000000000    0.000000000
     1     7  189.000000000  348.798176962    0.000000000    0.000000000
     1     7  190.000000000  369.739145891    0.000000000    0.000000000
     1     7  191.000000000  390.641016632    0.000000000    0.000000000
     1     7  192.000000000  411.479240564    0.000000000    0.000000000
     1     7  193.000000000  432.231891865    0.000000000    0.000000000
     1     7  194.000000000  452.879733552    0.000000000    0.000000000
     1     7  195.000000000  473.406195807    0.000000000    0.000000000
     1     7  196.000000000  493.797281346    0.000000000    0.000000000
     1     7  197.000000000  514.041413688    0.000000000    0.000000000
     1     7  198.000000000  534.129244149    0.000000000    0.000000000
     1     7  199.000000000  554.053432460    0.000000000    0.000000000
     1     7  200.000000000  573.808414334    0.000000000    0.000000000
     1     8  165.000000000    0.002778248    0.000000000    0.000000000
     1     8  166.000000000    0.011078300    0.000000000    0.000000000
     1     8  167.000000000    0.043208151    0.000000000    0.000000000
     1     8  168.000000000    0.161005129    0.000000000    0.000000000
     1     8  169.000000000    0.555274895    0.000000000    0.000000000
     1     8  170.000000000    1.715089644    0.000000000    0.000000000
     1     8  171.000000000    4.622850935    0.000000000    0.000000000
     1     8  172.000000000   10.723124415    0.000000000    0.000000000
     1     8  173.000000000   21.391151585    0.000000000    0.000000000
     1     8  174.000000000   37.112289048    0.000000000    0.000000000
     1     8  175.000000000   57.121576984    0.000000000    0.000000000
     1     8  176.000000000   79.899318834    0.000000000    0.000000000
     1     8  177.000000000  103.998978648    0.000000000    0.000000000
     1     8  178.000000000  124.546419876    0.000000000    0.000000000
     1     8  179.000000000  143.874729445    0.000000000    0.000000000
     1     8  180.000000000  163.522504593    0.000000000    0.000000000
     1     8  181.000000000  183.442418423    0.000000000    0.000000000
     1     8  182.000000000  203.602121112    0.000000000    0.000000000
     1     8  183.000000000  223.971493751    0.000000000    0.000000000
     1     8  184.000000000  244.519451953    0.000000000    0.000000000
     1     8  185.000000000  265.213696931    0.000000000    0.000000000
     1     8  186.000000000  286.021249715    0.000000000    0.000000000
     1     8  187.000000000  306.909146302    0.000000000    0.000000000
     1     8  188.000000000  327.845115000    0.000000000    0.000000000
     1     8  189.000000000  348.798176962    0.000000000    0.000000000
     1     8  190.000000000  369.739145891    0.000000000    0.000000000
     1     8  191.000000000  390.641016632    0.000000000    0.000000000
     1     8  192.000000000  411.479240564    0.000000000    0.000000000
     1     8  193.000000000  432.231891865    0.000000000    0.000000000
     1     8  194.000000000  452.879733552    0.000000000    0.000000000
     1     8  195.000000000  473.406195807    0.000000000    0.000000000
     1     8  196.000000000  493.797281346    0.000000000    0.000000000
     1     8  197.000000000  514.041413688    0.000000000    0.000000000
     1     8  198.000000000  534.129244149    0.000000000    0.000000000
     1     8  199.000000000  554.053432460    0.000000000    0.000000000
     1     8  200.000000000  573.808414334    0.000000000    0.000000000
     1     9  165.000000000    0.002778248    0.000000000    0.000000000
     1     9  166.000000000    0.011078300    0.000000000    0.000000000
     1     9  167.000000000    0.043208151    0.000000000    0.000000000
     1     9  168.000000000    0.161005129    0.000000000    0.000000000
     1     9  169.000000000    0.555274895    0.000000000    0.000000000
     1     9  170.000000000    1.715089644    0.000000000    0.000000000
     1     9  171.000000000    4.622850935    0.000000000    0.000000000
     1     9  172.000000000   10.723124415    0.000000000    0.000000000
     1     9  173.000000000   21.391151585    0.000000000    0.000000000
     1     9  174.000000000   37.112289048    0.000000000    0.000000000
     1     9  175.000000000   57.121576984    0.000000000    0.000000000
     1     9  176.000000000   79.899318834    0.000000000    0.000000000
     1     9  177.000000000  103.998978648    0.000000000    0.000000000
     1     9  178.000000000  124.546419876    0.000000000    0.000000000
     1     9  179.000000000  143.874729445    0.000000000    0.000000000
     1     9  180.000000000  163.522504593    0.000000000    0.000000000
     1     9  181.000000000  183.442418423    0.000000000    0.000000000
     1     9  182.000000000  203.602121112    0.000000000    0.000000000
     1     9  183.000000000  223.971493751    0.000000000    0.000000000
     1     9  184.000000000  244.519451953    0.000000000    0.000000000
     1     9  185.000000000  265.213696931    0.000000000    0.000000000
     1     9  186.000000000  286.021249715    0.000000000    0.000000000
     1     9  187.000000000  306.909146302    0.000000000    0.000000000
     1     9  188.000000000  327.845115000    0.000000000    0.000000000
     1     9  189.000000000  348.798176962    0.000000000    0.000000000
     1     9  190.000000000  369.739145891    0.000000000    0.000000000
     1     9  191.000000000  390.641016632    0.000000000    0.000000000
     1     9  192.000000000  411.479240564    0.000000000    0.000000000
     1     9  193.000000000  432.231891865    0.000000000    0.000000000
     1     9  194.000000000  452.879733552    0.000000000    0.000000000
     1     9  195.000000000  473.406195807    0.000000000    0.000000000
     1     9  196.000000000  493.797281346    0.000000000    0.000000000
     1     9  197.000000000  514.041413688    0.000000000    0.000000000
     1     9  198.000000000  534.129244149    0.000000000    0.000000000
     1     9  199.000000000  554.053432460    0.000000000    0.000000000
     1     9  200.000000000  573.808414334    0.000000000    0.000000000
     2     0  165.000000000    0.002778248    0.000000000    0.000000000
     2     0  166.000000000    0.011078300    0.000000000    0.000000000
     2     0  167.000000000    0.043208151    0.000000000    0.000000000
     2     0  168.000000000    0.161005129    0.000000000    0.000000000
     2     0  169.000000000    0.555274895    0.000000000    0.000000000
     2     0  170.000000000    1.715089644    0.000000000    0.000000000
     2     0  171.000000000    4.622850935    0.000000000    0.000000000
     2     0  172.000000000   10.723124415    0.000000000    0.000000000
     2     0  173.000000000   21.391151585    0.000000000    0.000000000
     2     0  174.000000000   37.112289048    0.000000000    0.000000000
     2     0  175.000000000   57.121576984    0.000000000    0.000000000
     2     0  176.000000000   79.899318834    0.000000000    0.000000000
     2     0  177.000000000  103.998978648    0.000000000    0.000000000
     2     0  178.000000000  124.546419876    0.000000000    0.000000000
     2     0  179.000000000  143.874729445    0.000000000    0.000000000
     2     0  180.000000000  163.522504593    0.000000000    0.000000000
     2     0  181.000000000  183.442418423    0.000000000    0.000000000
     2     0  182.000000000  203.602121112    0.000000000    0.000000000
     2     0  183.000000000  223.971493751    0.000000000    0.000000000
     2     0  184.000000000  244.519451953    0.000000000    0.000000000
     2     0  185.000000000  265.213696931    0.000000000    0.000000001
     2     0  186.000000000  286.021249715    0.000000000    0.000000002
     2     0  187.000000000  306.909146302    0.000000000    0.000000005
     2     0  188.000000000  327.845115000    0.000000000    0.000000009
     2     0  189.000000000  348.798176962    0.000000000    0.000000016
     2     0  190.000000000  369.739145891    0.000000000    0.000000028
     2     0  191.000000000  390.641016632    0.000000000    0.000000047
     2     0  192.000000000  411.479240564    0.000000000    0.000000075
     2     0  193.000000000  432.231891865    0.000000000    0.000000117
     2     0  194.000000000  452.879733552    0.000000000    0.000000179
     2     0  195.000000000  473.406195807    0.000000000    0.000000268
     2     0  196.000000000  493.797281346    0.000000000    0.000000393
     2     0  197.000000000  514.041413688    0.000000000    0.000000566
     2     0  198.000000000  534.129244149    0.000000000    0.000000802
     2     0  199.000000000  554.053432460    0.000000000    0.000001118
     2     0  200.000000000  573.808414334    0.000000000    0.000001538
     2     1  165.000000000    0.002778248    0.000000000    0.000000000
     2     1  166.000000000    0.011078300    0.000000000    0.000000000
     2     1  167.000000000    0.043208151    0.000000000    0.000000000
     2     1  168.000000000    0.161005129    0.000000000    0.000000000
     2     1  169.000000000    0.555274895    0.000000000    0.000000000
     2     1  170.000000000    1.715089644    0.000000000    0.000000000
     2     1  171.000000000    4.622850935    0.000000000    0.000000000
     2     1  172.000000000   10.723124415    0.000000000    0.000000000
     2     1  173.000000000   21.391151585    0.000000000    0.000000000
     2     1  174.000000000   37.112289048    0.000000000    0.000000000
     2     1  175.000000000   57.121576984    0.000000000    0.000000000
     2     1  176.000000000   79.899318834    0.000000000    0.000000000
     2     1  177.000000000  103.998978648    0.000000000    0.000000000
     2     1  178.000000000  124.546419876    0.000000000    0.000000000
     2     1  179.000000000  143.874729445    0.000000000    0.000000000
     2     1  180.000000000  163.522504593    0.000000000    0.000000000
     2     1  181.000000000  183.442418423    0.000000000    0.000000000
     2     1  182.000000000  203.602121112    0.000000000    0.000000000
     2     1  183.000000000  223.971493751    0.000000000    0.000000000
     2     1  184.000000000  244.519451953    0.000000000    0.000000000
     2     1  185.000000000  265.213696931    0.000000000    0.000000000
     2     1  186.000000000  286.021249715    0.000000000    0.000000000
     2     1  187.000000000  306.909146302    0.000000000    0.000000000
     2     1  188.000000000  327.845115000    0.000000000    0.000000000
     2     1  189.000000000  348.798176962    0.000000000    0.000000000
     2     1  190.000000000  369.739145891    0.000000000    0.000000000
     2     1  191.000000000  390.641016632    0.000000000    0.000000000
     2     1  192.000000000  411.479240564    0.000000000    0.000000000
     2     1  193.000000000  432.231891865    0.000000001    0.000000001
     2     1  194.000000000  452.879733552    0.000000001    0.000000003
     2     1  195.000000000  473.406195807    0.000000001    0.000000005
     2     1  196.000000000  493.797281346    0.000000002    0.000000010
     2     1  197.000000000  514.041413688    0.000000002    0.000000018
     2     1  198.000000000  534.129244149    0.000000002    0.000000030
     2     1  199.000000000  554.053432460    0.000000002    0.000000048
     2     1  200.000000000  573.808414334    0.000000002    0.000000076
     2     2  165.000000000    0.002778248    0.000000000    0.000000000
     2     2  166.000000000    0.011078300    0.000000000    0.000000000
     2     2  167.000000000    0.043208151    0.000000002    0.000000000
     2     2  168.000000000    0.161005129    0.000000016    0.000000003
     2     2  169.000000000    0.555274895    0.000000076    0.000000042
     2     2  170.000000000    1.715089644    0.000000304    0.000000339
     2     2  171.000000000    4.622850935    0.000000951    0.000001907
     2     2  172.000000000   10.723124415    0.000002292    0.000008000
     2     2  173.000000000   21.391151585    0.000004161    0.000025449
     2     2  174.000000000   37.112289048    0.000005613    0.000063089
     2     2  175.000000000   57.121576984    0.000005756    0.000128118
     2     2  176.000000000   79.899318834    0.000004714    0.000224118
     2     2  177.000000000  103.998978648    0.000003265    0.000354652
     2     2  178.000000000  124.546419876    0.000001941    0.000508826
     2     2  179.000000000  143.874729445    0.000001064    0.000699122
     2     2  180.000000000  163.522504593    0.000000560    0.000941394
     2     2  181.000000000  183.442418423    0.000000287    0.001248170
     2     2  182.000000000  203.602121112    0.000000145    0.001631963
     2     2  183.000000000  223.971493751    0.000000072    0.002108970
     2     2  184.000000000  244.519451953    0.000000036    0.002694132
     2     2  185.000000000  265.213696931    0.000000017    0.003407429
     2     2  186.000000000  286.021249715    0.000000008    0.004268114
     2     2  187.000000000  306.909146302    0.000000004    0.005298338
     2     2  188.000000000  327.845115000    0.000000002    0.006522259
     2     2  189.000000000  348.798176962    0.000000001    0.007966148
     2     2  190.000000000  369.739145891    0.000000000    0.009658470
     2     2  191.000000000  390.641016632    0.000000000    0.011629948
     2     2  192.000000000  411.479240564    0.000000000    0.013913489
     2     2  193.000000000  432.231891865    0.000000000    0.016544344
     2     2  194.000000000  452.879733552    0.000000000    0.019560229
     2     2  195.000000000  473.406195807    0.000000000    0.023006425
     2     2  196.000000000  493.797281346    0.000000000    0.026914433
     2     2  197.000000000  514.041413688    0.000000001    0.031334285
     2     2  198.000000000  534.129244149    0.000000002    0.036321753
     2     2  199.000000000  554.053432460    0.000000003    0.041909003
     2     2  200.000000000  573.808414334    0.000000005    0.048156926
     2     3  165.000000000    0.002778248    0.000000000    0.000000000
     2     3  166.000000000    0.011078300    0.000000000    0.000000000
     2     3  167.000000000    0.043208151    0.000000000    0.000000000
     2     3  168.000000000    0.161005129    0.000000000    0.000000000
     2     3  169.000000000    0.555274895    0.000000000    0.000000000
     2     3  170.000000000    1.715089644    0.000000000    0.000000000
     2     3  171.000000000    4.622850935    0.000000000    0.000000000
     2     3  172.000000000   10.723124415    0.000000001    0.000000000
     2     3  173.000000000   21.391151585    0.000000010    0.000000000
     2     3  174.000000000   37.112289048    0.000000047    0.000000000
     2     3  175.000000000   57.121576984    0.000000158    0.000000000
     2     3  176.000000000   79.899318834    0.000000404    0.000000026
     2     3  177.000000000  103.998978648    0.000000828    0.000000193
     2     3  178.000000000  124.546419876    0.000001417    0.000000703
     2     3  179.000000000  143.874729445    0.000002150    0.000001910
     2     3  180.000000000  163.522504593    0.000002941    0.000004411
     2     3  181.000000000  183.442418423    0.000003608    0.000009062
     2     3  182.000000000  203.602121112    0.000003935    0.000016931
     2     3  183.000000000  223.971493751    0.000003808    0.000029199
     2     3  184.000000000  244.519451953    0.000003289    0.000047033
     2     3  185.000000000  265.213696931    0.000002576    0.000071773
     2     3  186.000000000  286.021249715    0.000001862    0.000105040
     2     3  187.000000000  306.909146302    0.000001263    0.000148916
     2     3  188.000000000  327.845115000    0.000000816    0.000205976
     2     3  189.000000000  348.798176962    0.000000508    0.000279285
     2     3  190.000000000  369.739145891    0.000000307    0.000372416
     2     3  191.000000000  390.641016632    0.000000182    0.000489468
     2     3  192.000000000  411.479240564    0.000000106    0.000635105
     2     3  193.000000000  432.231891865    0.000000061    0.000814601
     2     3  194.000000000  452.879733552    0.000000034    0.001033891
     2     3  195.000000000  473.406195807    0.000000019    0.001299901
     2     3  196.000000000  493.797281346    0.000000011    0.001619417
     2     3  197.000000000  514.041413688    0.000000006    0.002000878
     2     3  198.000000000  534.129244149    0.000000003    0.002453879
     2     3  199.000000000  554.053432460    0.000000002    0.002987158
     2     3  200.000000000  573.808414334    0.000000001    0.003612114
     2     4  165.000000000    0.002778248    0.000000000    0.000000000
     2     4  166.000000000    0.011078300    0.000000000    0.000000000
     2     4  167.000000000    0.043208151    0.000000000    0.000000000
     2     4  168.000000000    0.161005129    0.000000000    0.000000000
     2     4  169.000000000    0.555274895    0.000000000    0.000000000
     2     4  170.000000000    1.715089644    0.000000000    0.000000000
     2     4  171.000000000    4.622850935    0.000000000    0.000000000
     2     4  172.000000000   10.723124415    0.000000000    0.000000000
     2     4  173.000000000   21.391151585    0.000000000    0.000000000
     2     4  174.000000000   37.112289048    0.000000000    0.000000000
     2     4  175.000000000   57.121576984    0.000000000    0.000000000
     2     4  176.000000000   79.899318834    0.000000000    0.000000000
     2     4  177.000000000  103.998978648    0.000000000    0.000000000
     2     4  178.000000000  124.546419876    0.000000000    0.000000000
     2     4  179.000000000  143.874729445    0.000000002    0.000000000
     2     4  180.000000000  163.522504593    0.000000012    0.000000000
     2     4  181.000000000  183.442418423    0.000000045    0.000000000
     2     4  182.000000000  203.602121112    0.000000133    0.000000002
     2     4  183.000000000  223.971493751    0.000000326    0.000000021
     2     4  184.000000000  244.519451953    0.000000690    0.000000106
     2     4  185.000000000  265.213696931    0.000001291    0.000000376
     2     4  186.000000000  286.021249715    0.000002165    0.000001064
     2     4  187.000000000  306.909146302    0.000003260    0.000002593
     2     4  188.000000000  327.845115000    0.000004402    0.000005621
     2     4  189.000000000  348.798176962    0.000005330    0.000011043
     2     4  190.000000000  369.739145891    0.000005797    0.000019901
     2     4  191.000000000  390.641016632    0.000005706    0.000033286
     2     4  192.000000000  411.479240564    0.000005140    0.000052339
     2     4  193.000000000  432.231891865    0.000004292    0.000078353
     2     4  194.000000000  452.879733552    0.000003366    0.000112914
     2     4  195.000000000  473.406195807    0.000002507    0.000158046
     2     4  196.000000000  493.797281346    0.000001790    0.000216123
     2     4  197.000000000  514.041413688    0.000001235    0.000290110
     2     4  198.000000000  534.129244149    0.000000829    0.000383549
     2     4  199.000000000  554.053432460    0.000000544    0.000500268
     2     4  200.000000000  573.808414334    0.000000350    0.000644944
     2     5  165.000000000    0.002778248    0.000000000    0.000000000
     2     5  166.000000000    0.011078300    0.000000000    0.000000000
     2     5  167.000000000    0.043208151    0.000000000    0.000000000
     2     5  168.000000000    0.161005129    0.000000000    0.000000000
     2     5  169.000000000    0.555274895    0.000000000    0.000000000
     2     5  170.000000000    1.715089644    0.000000000    0.000000000
     2     5  171.000000000    4.622850935    0.000000000    0.000000000
     2     5  172.000000000   10.723124415    0.000000000    0.000000000
     2     5  173.000000000   21.391151585    0.000000000    0.000000000
     2     5  174.000000000   37.112289048    0.000000000    0.000000000
     2     5  175.000000000   57.121576984    0.000000000    0.000000000
     2     5  176.000000000   79.899318834    0.000000000    0.000000000
     2     5  177.000000000  103.998978648    0.000000000    0.000000000
     2     5  178.000000000  124.546419876    0.000000000    0.000000000
     2     5  179.000000000  143.874729445    0.000000000    0.000000000
     2     5  180.000000000  163.522504593    0.000000000    0.000000000
     2     5  181.000000000  183.442418423    0.000000000    0.000000000
     2     5  182.000000000  203.602121112    0.000000000    0.000000000
     2     5  183.000000000  223.971493751    0.000000000    0.000000000
     2     5  184.000000000  244.519451953    0.000000000    0.000000000
     2     5  185.000000000  265.213696931    0.000000000    0.000000000
     2     5  186.000000000  286.021249715    0.000000000    0.000000000
     2     5  187.000000000  306.909146302    0.000000000    0.000000000
     2     5  188.000000000  327.845115000    0.000000000    0.000000000
     2     5  189.000000000  348.798176962    0.000000002    0.000000000
     2     5  190.000000000  369.739145891    0.000000006    0.000000000
     2     5  191.000000000  390.641016632    0.000000016    0.000000001
     2     5  192.000000000  411.479240564    0.000000037    0.000000006
     2     5  193.000000000  432.231891865    0.000000080    0.000000021
     2     5  194.000000000  452.879733552    0.000000152    0.000000065
     2     5  195.000000000  473.406195807    0.000000262    0.000000173
     2     5  196.000000000  493.797281346    0.000000410    0.000000413
     2     5  197.000000000  514.041413688    0.000000582    0.000000891
     2     5  198.000000000  534.129244149    0.000000752    0.000001765
     2     5  199.000000000  554.053432460    0.000000890    0.000003240
     2     5  200.000000000  573.808414334    0.000000971    0.000005569
     2     6  165.000000000    0.002778248    0.000000000    0.000000000
     2     6  166.000000000    0.011078300    0.000000000    0.000000000
     2     6  167.000000000    0.043208151    0.000000000    0.000000000
     2     6  168.000000000    0.161005129    0.000000000    0.000000000
     2     6  169.000000000    0.555274895    0.000000000    0.000000000
     2     6  170.000000000    1.715089644    0.000000000    0.000000000
     2     6  171.000000000    4.622850935    0.000000000    0.000000000
     2     6  172.000000000   10.723124415    0.000000000    0.000000000
     2     6  173.000000000   21.391151585    0.000000000    0.000000000
     2     6  174.000000000   37.112289048    0.000000000    0.000000000
     2     6  175.000000000   57.121576984    0.000000000    0.000000000
     2     6  176.000000000   79.899318834    0.000000000    0.000000000
     2     6  177.000000000  103.998978648    0.000000000    0.000000000
     2     6  178.000000000  124.546419876    0.000000000    0.000000000
     2     6  179.000000000  143.874729445    0.000000000    0.000000000
     2     6  180.000000000  163.522504593    0.000000000    0.000000000
     2     6  181.000000000  183.442418423    0.000000000    0.000000000
     2     6  182.000000000  203.602121112    0.000000000    0.000000000
     2     6  183.000000000  223.971493751    0.000000000    0.000000000
     2     6  184.000000000  244.519451953    0.000000000    0.000000000
     2     6  185.000000000  265.213696931    0.000000000    0.000000000
     2     6  186.000000000  286.021249715    0.000000000    0.000000000
     2     6  187.000000000  306.909146302    0.000000000    0.000000000
     2     6  188.000000000  327.845115000    0.000000000    0.000000000
     2     6  189.000000000  348.798176962    0.000000000    0.000000000
     2     6  190.000000000  369.739145891    0.000000000    0.000000000
     2     6  191.000000000  390.641016632    0.000000000    0.000000000
     2     6  192.000000000  411.479240564    0.000000000    0.000000000
     2     6  193.000000000  432.231891865    0.000000000    0.000000000
     2     6  194.000000000  452.879733552    0.000000000    0.000000000
     2     6  195.000000000  473.406195807    0.000000000    0.000000000
     2     6  196.000000000  493.797281346    0.000000000    0.000000000
     2     6  197.000000000  514.041413688    0.000000001    0.000000000
     2     6  198.000000000  534.129244149    0.000000003    0.000000000
     2     6  199.000000000  554.053432460    0.000000007    0.000000001
     2     6  200.000000000  573.808414334    0.000000017    0.000000003
     2     7  165.000000000    0.002778248    0.000000000    0.000000000
     2     7  166.000000000    0.011078300    0.000000000    0.000000000
     2     7  167.000000000    0.043208151    0.000000000    0.000000000
     2     7  168.000000000    0.161005129    0.000000000    0.000000000
     2     7  169.000000000    0.555274895    0.000000000    0.000000000
     2     7  170.000000000    1.715089644    0.000000000    0.000000000
     2     7  171.000000000    4.622850935    0.000000000    0.000000000
     2     7  172.000000000   10.723124415    0.000000000    0.000000000
     2     7  173.000000000   21.391151585    0.000000000    0.000000000
     2     7  174.000000000   37.112289048    0.000000000    0.000000000
     2     7  175.000000000   57.121576984    0.000000000    0.000000000
     2     7  176.000000000   79.899318834    0.000000000    0.000000000
     2     7  177.000000000  103.998978648    0.000000000    0.000000000
     2     7  178.000000000  124.546419876    0.000000000    0.000000000
     2     7  179.000000000  143.874729445    0.000000000    0.000000000
     2     7  180.000000000  163.522504593    0.000000000    0.000000000
     2     7  181.000000000  183.442418423    0.000000000    0.000000000
     2     7  182.000000000  203.602121112    0.000000000    0.000000000
     2     7  183.000000000  223.971493751    0.000000000    0.000000000
     2     7  184.000000000  244.519451953    0.000000000    0.000000000
     2     7  185.000000000  265.213696931    0.000000000    0.000000000
     2     7  186.000000000  286.021249715    0.000000000    0.000000000
     2     7  187.000000000  306.909146302    0.000000000    0.000000000
     2     7  188.000000000  327.845115000    0.000000000    0.000000000
     2     7  189.000000000  348.798176962    0.000000000    0.000000000
     2     7  190.000000000  369.739145891    0.000000000    0.000000000
     2     7  191.000000000  390.641016632    0.000000000    0.000000000
     2     7  192.000000000  411.479240564    0.000000000    0.000000000
     2     7  193.000000000  432.231891865    0.000000000    0.000000000
     2     7  194.000000000  452.879733552    0.000000000    0.000000000
     2     7  195.000000000  473.406195807    0.000000000    0.000000000
     2     7  196.000000000  493.797281346    0.000000000    0.000000000
     2     7  197.000000000  514.041413688    0.000000000    0.000000000
     2     7  198.000000000  534.129244149    0.000000000    0.000000000
     2     7  199.000000000  554.053432460    0.000000000    0.000000000
     2     7  200.000000000  573.808414334    0.000000000    0.000000000
     2     8  165.000000000    0.002778248    0.000000000    0.000000000
     2     8  166.000000000    0.011078300    0.000000000    0.000000000
     2     8  167.000000000    0.043208151    0.000000000    0.000000000
     2     8  168.000000000    0.161005129    0.000000000    0.000000000
     2     8  169.000000000    0.555274895    0.000000000    0.000000000
     2     8  170.000000000    1.715089644    0.000000000    0.000000000
     2     8  171.000000000    4.622850935    0.000000000    0.000000000
     2     8  172.000000000   10.723124415    0.000000000    0.000000000
     2     8  173.000000000   21.391151585    0.000000000    0.000000000
     2     8  174.000000000   37.112289048    0.000000000    0.000000000
     2     8  175.000000000   57.121576984    0.000000000    0.000000000
     2     8  176.000000000   79.899318834    0.000000000    0.000000000
     2     8  177.000000000  103.998978648    0.000000000    0.000000000
     2     8  178.000000000  124.546419876    0.000000000    0.000000000
     2     8  179.000000000  143.874729445    0.000000000    0.000000000
     2     8  180.000000000  163.522504593    0.000000000    0.000000000
     2     8  181.000000000  183.442418423    0.000000000    0.000000000
     2     8  182.000000000  203.602121112    0.000000000    0.000000000
     2     8  183.000000000  223.971493751    0.000000000    0.000000000
     2     8  184.000000000  244.519451953    0.000000000    0.000000000
     2     8  185.000000000  265.213696931    0.000000000    0.000000000
     2     8  186.000000000  286.021249715    0.000000000    0.000000000
     2     8  187.000000000  306.909146302    0.000000000    0.000000000
     2     8  188.000000000  327.845115000    0.000000000    0.000000000
     2     8  189.000000000  348.798176962    0.000000000    0.000000000
     2     8  190.000000000  369.739145891    0.000000000    0.000000000
     2     8  191.000000000  390.641016632    0.000000000    0.000000000
     2     8  192.000000000  411.479240564    0.000000000    0.000000000
     2     8  193.000000000  432.231891865    0.000000000    0.000000000
     2     8  194.000000000  452.879733552    0.000000000    0.000000000
     2     8  195.000000000  473.406195807    0.000000000    0.000000000
     2     8  196.000000000  493.797281346    0.000000000    0.000000000
     2     8  197.000000000  514.041413688    0.000000000    0.000000000
     2     8  198.000000000  534.129244149    0.000000000    0.000000000
     2     8  199.000000000  554.053432460    0.000000000    0.000000000
     2     8  200.000000000  573.808414334    0.000000000    0.000000000
     2     9  165.000000000    0.002778248    0.000000000    0.000000000
     2     9  166.000000000    0.011078300    0.000000000    0.000000000
     2     9  167.000000000    0.043208151    0.000000000    0.000000000
     2     9  168.000000000    0.161005129    0.000000000    0.000000000
     2     9  169.000000000    0.555274895    0.000000000    0.000000000
     2     9  170.000000000    1.715089644    0.000000000    0.000000000
     2     9  171.000000000    4.622850935    0.000000000    0.000000000
     2     9  172.000000000   10.723124415    0.000000000    0.000000000
     2     9  173.000000000   21.391151585    0.000000000    0.000000000
     2     9  174.000000000   37.112289048    0.000000000    0.000000000
     2     9  175.000000000   57.121576984    0.000000000    0.000000000
     2     9  176.000000000   79.899318834    0.000000000    0.000000000
     2     9  177.000000000  103.998978648    0.000000000    0.000000000
     2     9  178.000000000  124.546419876    0.000000000    0.000000000
     2     9  179.000000000  143.874729445    0.000000000    0.000000000
     2     9  180.000000000  163.522504593    0.000000000    0.000000000
     2     9  181.000000000  183.442418423    0.000000000    0.000000000
     2     9  182.000000000  203.602121112    0.000000000    0.000000000
     2     9  183.000000000  223.971493751    0.000000000    0.000000000
     2     9  184.000000000  244.519451953    0.000000000    0.000000000
     2     9  185.000000000  265.213696931    0.000000000    0.000000000
     2     9  186.000000000  286.021249715    0.000000000    0.000000000
     2     9  187.000000000  306.909146302    0.000000000    0.000000000
     2     9  188.000000000  327.845115000    0.000000000    0.000000000
     2     9  189.000000000  348.798176962    0.000000000    0.000000000
     2     9  190.000000000  369.739145891    0.000000000    0.000000000
     2     9  191.000000000  390.641016632    0.000000000    0.000000000
     2     9  192.000000000  411.479240564    0.000000000    0.000000000
     2     9  193.000000000  432.231891865    0.000000000    0.000000000
     2     9  194.000000000  452.879733552    0.000000000    0.000000000
     2     9  195.000000000  473.406195807    0.000000000    0.000000000
     2     9  196.000000000  493.797281346    0.000000000    0.000000000
     2     9  197.000000000  514.041413688    0.000000000    0.000000000
     2     9  198.000000000  534.129244149    0.000000000    0.000000000
     2     9  199.000000000  554.053432460    0.000000000    0.000000000
     2     9  200.000000000  573.808414334    0.000000000    0.000000000
     3     0  165.000000000    0.002778248    0.000000000    0.000000000
     3     0  166.000000000    0.011078300    0.000000000    0.000000000
     3     0  167.000000000    0.043208151    0.000000000    0.000000000
     3     0  168.000000000    0.161005129    0.000000000    0.000000000
     3     0  169.000000000    0.555274895    0.000000000    0.000000000
     3     0  170.000000000    1.715089644    0.000000000    0.000000000
     3     0  171.000000000    4.622850935    0.000000000    0.000000000
     3     0  172.000000000   10.723124415    0.000000000    0.000000000
     3     0  173.000000000   21.391151585    0.000000000    0.000000000
     3     0  174.000000000   37.112289048    0.000000000    0.000000000
     3     0  175.000000000   57.121576984    0.000000000    0.000000000
     3     0  176.000000000   79.899318834    0.000000000    0.000000000
     3     0  177.000000000  103.998978648    0.000000000    0.000000000
     3     0  178.000000000  124.546419876    0.000000000    0.000000000
     3     0  179.000000000  143.874729445    0.000000000    0.000000000
     3     0  180.000000000  163.522504593    0.000000000    0.000000000
     3     0  181.000000000  183.442418423    0.000000000    0.000000000
     3     0  182.000000000  203.602121112    0.000000000    0.000000000
     3     0  183.000000000  223.971493751    0.000000000    0.000000000
     3     0  184.000000000  244.519451953    0.000000000    0.000000000
     3     0  185.000000000  265.213696931    0.000000000    0.000000000
     3     0  186.000000000  286.021249715    0.000000000    0.000000000
     3     0  187.000000000  306.909146302    0.000000000    0.000000000
     3     0  188.000000000  327.845115000    0.000000000    0.000000000
     3     0  189.000000000  348.798176962    0.000000000    0.000000000
     3     0  190.000000000  369.739145891    0.000000000    0.000000000
     3     0  191.000000000  390.641016632    0.000000000    0.000000000
     3     0  192.000000000  411.479240564    0.000000000    0.000000000
     3     0  193.000000000  432.231891865    0.000000000    0.000000000
     3     0  194.000000000  452.879733552    0.000000000    0.000000000
     3     0  195.000000000  473.406195807    0.000000000    0.000000000
     3     0  196.000000000  493.797281346    0.000000000    0.000000000
     3     0  197.000000000  514.041413688    0.000000000    0.000000000
     3     0  198.000000000  534.129244149    0.000000000    0.000000000
     3     0  199.000000000  554.053432460    0.000000000    0.000000000
     3     0  200.000000000  573.808414334    0.000000000    0.000000000
     3     1  165.000000000    0.002778248    0.000000000    0.000000000
     3     1  166.000000000    0.011078300    0.000000000    0.000000000
     3     1  167.000000000    0.043208151    0.000000000    0.000000000
     3     1  168.000000000    0.161005129    0.000000000    0.000000000
     3     1  169.000000000    0.555274895    0.000000000    0.000000000
     3     1  170.000000000    1.715089644    0.000000000    0.000000000
     3     1  171.000000000    4.622850935    0.000000000    0.000000000
     3     1  172.000000000   10.723124415    0.000000000    0.000000000
     3     1  173.000000000   21.391151585    0.000000000    0.000000000
     3     1  174.000000000   37.112289048    0.000000000    0.000000000
     3     1  175.000000000   57.121576984    0.000000000    0.000000000
     3     1  176.000000000   79.899318834    0.000000000    0.000000000
     3     1  177.000000000  103.998978648    0.000000000    0.000000000
     3     1  178.000000000  124.546419876    0.000000000    0.000000000
     3     1  179.000000000  143.874729445    0.000000000    0.000000000
     3     1  180.000000000  163.522504593    0.000000000    0.000000000
     3     1  181.000000000  183.442418423    0.000000000    0.000000000
     3     1  182.000000000  203.602121112    0.000000000    0.000000000
     3     1  183.000000000  223.971493751    0.000000000    0.000000000
     3     1  184.000000000  244.519451953    0.000000000    0.000000000
     3     1  185.000000000  265.213696931    0.000000000    0.000000000
     3     1  186.000000000  286.021249715    0.000000000    0.000000000
     3     1  187.000000000  306.909146302    0.000000000    0.000000000
     3     1  188.000000000  327.845115000    0.000000000    0.000000000
     3     1  189.000000000  348.798176962    0.000000000    0.000000000
     3     1  190.000000000  369.739145891    0.000000000    0.000000000
     3     1  191.000000000  390.641016632    0.000000000    0.000000000
     3     1  192.000000000  411.479240564    0.000000000    0.000000000
     3     1  193.000000000  432.231891865    0.000000000    0.000000000
     3     1  194.000000000  452.879733552    0.000000000    0.000000000
     3     1  195.000000000  473.406195807    0.000000000    0.000000000
     3     1  196.000000000  493.797281346    0.000000000    0.000000000
     3     1  197.000000000  514.041413688    0.000000000    0.000000000
     3     1  198.000000000  534.129244149    0.000000000    0.000000000
     3     1  199.000000000  554.053432460    0.000000000    0.000000000
     3     1  200.000000000  573.808414334    0.000000000    0.000000000
     3     2  165.000000000    0.002778248    0.000000000    0.000000000
     3     2  166.000000000    0.011078300    0.000000000    0.000000000
     3     2  167.000000000    0.043208151    0.000000000    0.000000000
     3     2  168.000000000    0.161005129    0.000000000    0.000000000
     3     2  169.000000000    0.555274895    0.000000000    0.000000000
     3     2  170.000000000    1.715089644    0.000000000    0.000000000
     3     2  171.000000000    4.622850935    0.000000000    0.000000000
     3     2  172.000000000   10.723124415    0.000000000    0.000000000
     3     2  173.000000000   21.391151585    0.000000000    0.000000000
     3     2  174.000000000   37.112289048    0.000000000    0.000000000
     3     2  175.000000000   57.121576984    0.000000000    0.000000000
     3     2  176.000000000   79.899318834    0.000000000    0.000000000
     3     2  177.000000000  103.998978648    0.000000000    0.000000000
     3     2  178.000000000  124.546419876    0.000000000    0.000000000
     3     2  179.000000000  143.874729445    0.000000000    0.000000000
     3     2  180.000000000  163.522504593    0.000000000    0.000000000
     3     2  181.000000000  183.442418423    0.000000000    0.000000000
     3     2  182.000000000  203.602121112    0.000000000    0.000000000
     3     2  183.000000000  223.971493751    0.000000000    0.000000000
     3     2  184.000000000  244.519451953    0.000000000    0.000000000
     3     2  185.000000000  265.213696931    0.000000000    0.000000001
     3     2  186.000000000  286.021249715    0.000000001    0.000000001
     3     2  187.000000000  306.909146302    0.000000001    0.000000003
     3     2  188.000000000  327.845115000    0.000000001    0.000000005
     3     2  189.000000000  348.798176962    0.000000001    0.000000010
     3     2  190.000000000  369.739145891    0.000000001    0.000000019
     3     2  191.000000000  390.641016632    0.000000001    0.000000032
     3     2  192.000000000  411.479240564    0.000000001    0.000000053
     3     2  193.000000000  432.231891865    0.000000001    0.000000086
     3     2  194.000000000  452.879733552    0.000000001    0.000000134
     3     2  195.000000000  473.406195807    0.000000001    0.000000204
     3     2  196.000000000  493.797281346    0.000000001    0.000000305
     3     2  197.000000000  514.041413688    0.000000000    0.000000447
     3     2  198.000000000  534.129244149    0.000000000    0.000000643
     3     2  199.000000000  554.053432460    0.000000000    0.000000911
     3     2  200.000000000  573.808414334    0.000000000    0.000001272
     3     3  165.000000000    0.002778248    0.000000000    0.000000000
     3     3  166.000000000    0.011078300    0.000000000    0.000000000
     3     3  167.000000000    0.043208151    0.000000000    0.000000000
     3     3  168.000000000    0.161005129    0.000000000    0.000000000
     3     3  169.000000000    0.555274895    0.000000000    0.000000000
     3     3  170.000000000    1.715089644    0.000000000    0.000000000
     3     3  171.000000000    4.622850935    0.000000000    0.000000000
     3     3  172.000000000   10.723124415    0.000000000    0.000000000
     3     3  173.000000000   21.391151585    0.000000000    0.000000000
     3     3  174.000000000   37.112289048    0.000000000    0.000000000
     3     3  175.000000000   57.121576984    0.000000000    0.000000000
     3     3  176.000000000   79.899318834    0.000000000    0.000000000
     3     3  177.000000000  103.998978648    0.000000000    0.000000000
     3     3  178.000000000  124.546419876    0.000000000    0.000000000
     3     3  179.000000000  143.874729445    0.000000000    0.000000000
     3     3  180.000000000  163.522504593    0.000000000    0.000000000
     3     3  181.000000000  183.442418423    0.000000000    0.000000000
     3     3  182.000000000  203.602121112    0.000000000    0.000000000
     3     3  183.000000000  223.971493751    0.000000000    0.000000000
     3     3  184.000000000  244.519451953    0.000000000    0.000000000
     3     3  185.000000000  265.213696931    0.000000000    0.000000000
     3     3  186.000000000  286.021249715    0.000000000    0.000000000
     3     3  187.000000000  306.909146302    0.000000000    0.000000000
     3     3  188.000000000  327.845115000    0.000000000    0.000000000
     3     3  189.000000000  348.798176962    0.000000000    0.000000000
     3     3  190.000000000  369.739145891    0.000000000    0.000000000
     3     3  191.000000000  390.641016632    0.000000000    0.000000000
     3     3  192.000000000  411.479240564    0.000000001    0.000000000
     3     3  193.000000000  432.231891865    0.000000001    0.000000001
     3     3  194.000000000  452.879733552    0.000000002    0.000000002
     3     3  195.000000000  473.406195807    0.000000003    0.000000004
     3     3  196.000000000  493.797281346    0.000000004    0.000000007
     3     3  197.000000000  514.041413688    0.000000006    0.000000014
     3     3  198.000000000  534.129244149    0.000000007    0.000000025
     3     3  199.000000000  554.053432460    0.000000008    0.000000043
     3     3  200.000000000  573.808414334    0.000000008    0.000000071
     3     4  165.000000000    0.002778248    0.000000000    0.000000000
     3     4  166.000000000    0.011078300    0.000000000    0.000000000
     3     4  167.000000000    0.043208151    0.000000000    0.000000000
     3     4  168.000000000    0.161005129    0.000000000    0.000000000
     3     4  169.000000000    0.555274895    0.000000000    0.000000000
     3     4  170.000000000    1.715089644    0.000000000    0.000000000
     3     4  171.000000000    4.622850935    0.000000000    0.000000000
     3     4  172.000000000   10.723124415    0.000000000    0.000000000
     3     4  173.000000000   21.391151585    0.000000000    0.000000000
     3     4  174.000000000   37.112289048    0.000000000    0.000000000
     3     4  175.000000000   57.121576984    0.000000000    0.000000000
     3     4  176.000000000   79.899318834    0.000000000    0.000000000
     3     4  177.000000000  103.998978648    0.000000000    0.000000000
     3     4  178.000000000  124.546419876    0.000000000    0.000000000
     3     4  179.000000000  143.874729445    0.000000000    0.000000000
     3     4  180.000000000  163.522504593    0.000000000    0.000000000
     3     4  181.000000000  183.442418423    0.000000000    0.000000000
     3     4  182.000000000  203.602121112    0.000000000    0.000000000
     3     4  183.000000000  223.971493751    0.000000000    0.000000000
     3     4  184.000000000  244.519451953    0.000000000    0.000000000
     3     4  185.000000000  265.213696931    0.000000000    0.000000000
     3     4  186.000000000  286.021249715    0.000000000    0.000000000
     3     4  187.000000000  306.909146302    0.000000000    0.000000000
     3     4  188.000000000  327.845115000    0.000000000    0.000000000
     3     4  189.000000000  348.798176962    0.000000000    0.000000000
     3     4  190.000000000  369.739145891    0.000000000    0.000000000
     3     4  191.000000000  390.641016632    0.000000000    0.000000000
     3     4  192.000000000  411.479240564    0.000000000    0.000000000
     3     4  193.000000000  432.231891865    0.000000000    0.000000000
     3     4  194.000000000  452.879733552    0.000000000    0.000000000
     3     4  195.000000000  473.406195807    0.000000000    0.000000000
     3     4  196.000000000  493.797281346    0.000000000    0.000000000
     3     4  197.000000000  514.041413688    0.000000001    0.000000000
     3     4  198.000000000  534.129244149    0.000000001    0.000000000
     3     4  199.000000000  554.053432460    0.000000002    0.000000001
     3     4  200.000000000  573.808414334    0.000000004    0.000000002
     3     5  165.000000000    0.002778248    0.000000000    0.000000000
     3     5  166.000000000    0.011078300    0.000000000    0.000000000
     3     5  167.000000000    0.043208151    0.000000000    0.000000000
     3     5  168.000000000    0.161005129    0.000000000    0.000000000
     3     5  169.000000000    0.555274895    0.000000000    0.000000000
     3     5  170.000000000    1.715089644    0.000000000    0.000000000
     3     5  171.000000000    4.622850935    0.000000000    0.000000000
     3     5  172.000000000   10.723124415    0.000000000    0.000000000
     3     5  173.000000000   21.391151585    0.000000000    0.000000000
     3     5  174.000000000   37.112289048    0.000000000    0.000000000
     3     5  175.000000000   57.121576984    0.000000000    0.000000000
     3     5  176.000000000   79.899318834    0.000000000    0.000000000
     3     5  177.000000000  103.998978648    0.000000000    0.000000000
     3     5  178.000000000  124.546419876    0.000000000    0.000000000
     3     5  179.000000000  143.874729445    0.000000000    0.000000000
     3     5  180.000000000  163.522504593    0.000000000    0.000000000
     3     5  181.000000000  183.442418423    0.000000000    0.000000000
     3     5  182.000000000  203.602121112    0.000000000    0.000000000
     3     5  183.000000000  223.971493751    0.000000000    0.000000000
     3     5  184.000000000  244.519451953    0.000000000    0.000000000
     3     5  185.000000000  265.213696931    0.000000000    0.000000000
     3     5  186.000000000  286.021249715    0.000000000    0.000000000
     3     5  187.000000000  306.909146302    0.000000000    0.000000000
     3     5  188.000000000  327.845115000    0.000000000    0.000000000
     3     5  189.000000000  348.798176962    0.000000000    0.000000000
     3     5  190.000000000  369.739145891    0.000000000    0.000000000
     3     5  191.000000000  390.641016632    0.000000000    0.000000000
     3     5  192.000000000  411.479240564    0.000000000    0.000000000
     3     5  193.000000000  432.231891865    0.000000000    0.000000000
     3     5  194.000000000  452.879733552    0.000000000    0.000000000
     3     5  195.000000000  473.406195807    0.000000000    0.000000000
     3     5  196.000000000  493.797281346    0.000000000    0.000000000
     3     5  197.000000000  514.041413688    0.000000000    0.000000000
     3     5  198.000000000  534.129244149    0.000000000    0.000000000
     3     5  199.000000000  554.053432460    0.000000000    0.000000000
     3     5  200.000000000  573.808414334    0.000000000    0.000000000
     3     6  165.000000000    0.002778248    0.000000000    0.000000000
     3     6  166.000000000    0.011078300    0.000000000    0.000000000
     3     6  167.000000000    0.043208151    0.000000000    0.000000000
     3     6  168.000000000    0.161005129    0.000000000    0.000000000
     3     6  169.000000000    0.555274895    0.000000000    0.000000000
     3     6  170.000000000    1.715089644    0.000000000    0.000000000
     3     6  171.000000000    4.622850935    0.000000000    0.000000000
     3     6  172.000000000   10.723124415    0.000000000    0.000000000
     3     6  173.000000000   21.391151585    0.000000000    0.000000000
     3     6  174.000000000   37.112289048    0.000000000    0.000000000
     3     6  175.000000000   57.121576984    0.000000000    0.000000000
     3     6  176.000000000   79.899318834    0.000000000    0.000000000
     3     6  177.000000000  103.998978648    0.000000000    0.000000000
     3     6  178.000000000  124.546419876    0.000000000    0.000000000
     3     6  179.000000000  143.874729445    0.000000000    0.000000000
     3     6  180.000000000  163.522504593    0.000000000    0.000000000
     3     6  181.000000000  183.442418423    0.000000000    0.000000000
     3     6  182.000000000  203.602121112    0.000000000    0.000000000
     3     6  183.000000000  223.971493751    0.000000000    0.000000000
     3     6  184.000000000  244.519451953    0.000000000    0.000000000
     3     6  185.000000000  265.213696931    0.000000000    0.000000000
     3     6  186.000000000  286.021249715    0.000000000    0.000000000
     3     6  187.000000000  306.909146302    0.000000000    0.000000000
     3     6  188.000000000  327.845115000    0.000000000    0.000000000
     3     6  189.000000000  348.798176962    0.000000000    0.000000000
     3     6  190.000000000  369.739145891    0.000000000    0.000000000
     3     6  191.000000000  390.641016632    0.000000000    0.000000000
     3     6  192.000000000  411.479240564    0.000000000    0.000000000
     3     6  193.000000000  432.231891865    0.000000000    0.000000000
     3     6  194.000000000  452.879733552    0.000000000    0.000000000
     3     6  195.000000000  473.406195807    0.000000000    0.000000000
     3     6  196.000000000  493.797281346    0.000000000    0.000000000
     3     6  197.000000000  514.041413688    0.000000000    0.000000000
     3     6  198.000000000  534.129244149    0.000000000    0.000000000
     3     6  199.000000000  554.053432460    0.000000000    0.000000000
     3     6  200.000000000  573.808414334    0.000000000    0.000000000
     3     7  165.000000000    0.002778248    0.000000000    0.000000000
     3     7  166.000000000    0.011078300    0.000000000    0.000000000
     3     7  167.000000000    0.043208151    0.000000000    0.000000000
     3     7  168.000000000    0.161005129    0.000000000    0.000000000
     3     7  169.000000000    0.555274895    0.000000000    0.000000000
     3     7  170.000000000    1.715089644    0.000000000    0.000000000
     3     7  171.000000000    4.622850935    0.000000000    0.000000000
     3     7  172.000000000   10.723124415    0.000000000    0.000000000
     3     7  173.000000000   21.391151585    0.000000000    0.000000000
     3     7  174.000000000   37.112289048    0.000000000    0.000000000
     3     7  175.000000000   57.121576984    0.000000000    0.000000000
     3     7  176.000000000   79.899318834    0.000000000    0.000000000
     3     7  177.000000000  103.998978648    0.000000000    0.000000000
     3     7  178.000000000  124.546419876    0.000000000    0.000000000
     3     7  179.000000000  143.874729445    0.000000000    0.000000000
     3     7  180.000000000  163.522504593    0.000000000    0.000000000
     3     7  181.000000000  183.442418423    0.000000000    0.000000000
     3     7  182.000000000  203.602121112    0.000000000    0.000000000
     3     7  183.000000000  223.971493751    0.000000000    0.000000000
     3     7  184.000000000  244.519451953    0.000000000    0.000000000
     3     7  185.000000000  265.213696931    0.000000000    0.000000000
     3     7  186.000000000  286.021249715    0.000000000    0.000000000
     3     7  187.000000000  306.909146302    0.000000000    0.000000000
     3     7  188.000000000  327.845115000    0.000000000    0.000000000
     3     7  189.000000000  348.798176962    0.000000000    0.000000000
     3     7  190.000000000  369.739145891    0.000000000    0.000000000
     3     7  191.000000000  390.641016632    0.000000000    0.000000000
     3     7  192.000000000  411.479240564    0.000000000    0.000000000
     3     7  193.000000000  432.231891865    0.000000000    0.000000000
     3     7  194.000000000  452.879733552    0.000000000    0.000000000
     3     7  195.000000000  473.406195807    0.000000000    0.000000000
     3     7  196.000000000  493.797281346    0.000000000    0.000000000
     3     7  197.000000000  514.041413688    0.000000000    0.000000000
     3     7  198.000000000  534.129244149    0.000000000    0.000000000
     3     7  199.000000000  554.053432460    0.000000000    0.000000000
     3     7  200.000000000  573.808414334    0.000000000    0.000000000
     3     8  165.000000000    0.002778248    0.000000000    0.000000000
     3     8  166.000000000    0.011078300    0.000000000    0.000000000
     3     8  167.000000000    0.043208151    0.000000000    0.000000000
     3     8  168.000000000    0.161005129    0.000000000    0.000000000
     3     8  169.000000000    0.555274895    0.000000000    0.000000000
     3     8  170.000000000    1.715089644    0.000000000    0.000000000
     3     8  171.000000000    4.622850935    0.000000000    0.000000000
     3     8  172.000000000   10.723124415    0.000000000    0.000000000
     3     8  173.000000000   21.391151585    0.000000000    0.000000000
     3     8  174.000000000   37.112289048    0.000000000    0.000000000
     3     8  175.000000000   57.121576984    0.000000000    0.000000000
     3     8  176.000000000   79.899318834    0.000000000    0.000000000
     3     8  177.000000000  103.998978648    0.000000000    0.000000000
     3     8  178.000000000  124.546419876    0.000000000    0.000000000
     3     8  179.000000000  143.874729445    0.000000000    0.000000000
     3     8  180.000000000  163.522504593    0.000000000    0.000000000
     3     8  181.000000000  183.442418423    0.000000000    0.000000000
     3     8  182.000000000  203.602121112    0.000000000    0.000000000
     3     8  183.000000000  223.971493751    0.000000000    0.000000000
     3     8  184.000000000  244.519451953    0.000000000    0.000000000
     3     8  185.000000000  265.213696931    0.000000000    0.000000000
     3     8  186.000000000  286.021249715    0.000000000    0.000000000
     3     8  187.000000000  306.909146302    0.000000000    0.000000000
     3     8  188.000000000  327.845115000    0.000000000    0.000000000
     3     8  189.000000000  348.798176962    0.000000000    0.000000000
     3     8  190.000000000  369.739145891    0.000000000    0.000000000
     3     8  191.000000000  390.641016632    0.000000000    0.000000000
     3     8  192.000000000  411.479240564    0.000000000    0.000000000
     3     8  193.000000000  432.231891865    0.000000000    0.000000000
     3     8  194.000000000  452.879733552    0.000000000    0.000000000
     3     8  195.000000000  473.406195807    0.000000000    0.000000000
     3     8  196.000000000  493.797281346    0.000000000    0.000000000
     3     8  197.000000000  514.041413688    0.000000000    0.000000000
     3     8  198.000000000  534.129244149    0.000000000    0.000000000
     3     8  199.000000000  554.053432460    0.000000000    0.000000000
     3     8  200.000000000  573.808414334    0.000000000    0.000000000
     3     9  165.000000000    0.002778248    0.000000000    0.000000000
     3     9  166.000000000    0.011078300    0.000000000    0.000000000
     3     9  167.000000000    0.043208151    0.000000000    0.000000000
     3     9  168.000000000    0.161005129    0.000000000    0.000000000
     3     9  169.000000000    0.555274895    0.000000000    0.000000000
     3     9  170.000000000    1.715089644    0.000000000    0.000000000
     3     9  171.000000000    4.622850935    0.000000000    0.000000000
     3     9  172.000000000   10.723124415    0.000000000    0.000000000
     3     9  173.000000000   21.391151585    0.000000000    0.000000000
     3     9  174.000000000   37.112289048    0.000000000    0.000000000
     3     9  175.000000000   57.121576984    0.000000000    0.000000000
     3     9  176.000000000   79.899318834    0.000000000    0.000000000
     3     9  177.000000000  103.998978648    0.000000000    0.000000000
     3     9  178.000000000  124.546419876    0.000000000    0.000000000
     3     9  179.000000000  143.874729445    0.000000000    0.000000000
     3     9  180.000000000  163.522504593    0.000000000    0.000000000
     3     9  181.000000000  183.442418423    0.000000000    0.000000000
     3     9  182.000000000  203.602121112    0.000000000    0.000000000
     3     9  183.000000000  223.971493751    0.000000000    0.000000000
     3     9  184.000000000  244.519451953    0.000000000    0.000000000
     3     9  185.000000000  265.213696931    0.000000000    0.000000000
     3     9  186.000000000  286.021249715    0.000000000    0.000000000
     3     9  187.000000000  306.909146302    0.000000000    0.000000000
     3     9  188.000000000  327.845115000    0.000000000    0.000000000
     3     9  189.000000000  348.798176962    0.000000000    0.000000000
     3     9  190.000000000  369.739145891    0.000000000    0.000000000
     3     9  191.000000000  390.641016632    0.000000000    0.000000000
     3     9  192.000000000  411.479240564    0.000000000    0.000000000
     3     9  193.000000000  432.231891865    0.000000000    0.000000000
     3     9  194.000000000  452.879733552    0.000000000    0.000000000
     3     9  195.000000000  473.406195807    0.000000000    0.000000000
     3     9  196.000000000  493.797281346    0.000000000    0.000000000
     3     9  197.000000000  514.041413688    0.000000000    0.000000000
     3     9  198.000000000  534.129244149    0.000000000    0.000000000
     3     9  199.000000000  554.053432460    0.000000000    0.000000000
     3     9  200.000000000  573.808414334    0.000000000    0.000000000
     4     0  175.000000000   57.121576984    0.000000000    0.000000000
     4     0  176.000000000   79.899318834    0.000000000    0.000000000
     4     0  177.000000000  103.998978648    0.000000000    0.000000000
     4     0  178.000000000  124.546419876    0.000000000    0.000000000
     4     0  179.000000000  143.874729445    0.000000000    0.000000000
     4     0  180.000000000  163.522504593    0.000000000    0.000000000
     4     0  181.000000000  183.442418423    0.000000000    0.000000000
     4     0  182.000000000  203.602121112    0.000000000    0.000000000
     4     0  183.000000000  223.971493751    0.000000000    0.000000000
     4     0  184.000000000  244.519451953    0.000000000    0.000000000
     4     0  185.000000000  265.213696931    0.000000000    0.000000000
     4     0  186.000000000  286.021249715    0.000000000    0.000000000
     4     0  187.000000000  306.909146302    0.000000000    0.000000000
     4     0  188.000000000  327.845115000    0.000000000    0.000000000
     4     0  189.000000000  348.798176962    0.000000000    0.000000000
     4     0  190.000000000  369.739145891    0.000000000    0.000000000
     4     0  191.000000000  390.641016632    0.000000000    0.000000000
     4     0  192.000000000  411.479240564    0.000000000    0.000000000
     4     0  193.000000000  432.231891865    0.000000000    0.000000000
     4     0  194.000000000  452.879733552    0.000000000    0.000000000
     4     0  195.000000000  473.406195807    0.000000000    0.000000000
     4     0  196.000000000  493.797281346    0.000000000    0.000000000
     4     0  197.000000000  514.041413688    0.000000000    0.000000000
     4     0  198.000000000  534.129244149    0.000000000    0.000000000
     4     0  199.000000000  554.053432460    0.000000000    0.000000000
     4     0  200.000000000  573.808414334    0.000000000    0.000000000
     4     1  175.000000000   57.121576984    0.000000000    0.000000000
     4     1  176.000000000   79.899318834    0.000000000    0.000000000
     4     1  177.000000000  103.998978648    0.000000000    0.000000000
     4     1  178.000000000  124.546419876    0.000000000    0.000000000
     4     1  179.000000000  143.874729445    0.000000000    0.000000000
     4     1  180.000000000  163.522504593    0.000000000    0.000000000
     4     1  181.000000000  183.442418423    0.000000000    0.000000000
     4     1  182.000000000  203.602121112    0.000000000    0.000000000
     4     1  183.000000000  223.971493751    0.000000000    0.000000000
     4     1  184.000000000  244.519451953    0.000000000    0.000000000
     4     1  185.000000000  265.213696931    0.000000000    0.000000000
     4     1  186.000000000  286.021249715    0.000000000    0.000000000
     4     1  187.000000000  306.909146302    0.000000000    0.000000000
     4     1  188.000000000  327.845115000    0.000000000    0.000000000
     4     1  189.000000000  348.798176962    0.000000000    0.000000000
     4     1  190.000000000  369.739145891    0.000000000    0.000000000
     4     1  191.000000000  390.641016632    0.000000000    0.000000000
     4     1  192.000000000  411.479240564    0.000000000    0.000000000
     4     1  193.000000000  432.231891865    0.000000000    0.000000000
     4     1  194.000000000  452.879733552    0.000000000    0.000000000
     4     1  195.000000000  473.406195807    0.000000000    0.000000000
     4     1  196.000000000  493.797281346    0.000000000    0.000000000
     4     1  197.000000000  514.041413688    0.000000000    0.000000000
     4     1  198.000000000  534.129244149    0.000000000    0.000000000
     4     1  199.000000000  554.053432460    0.000000000    0.000000000
     4     1  200.000000000  573.808414334    0.000000000    0.000000000
     4     2  175.000000000   57.121576984    0.000000000    0.000000000
     4     2  176.000000000   79.899318834    0.000000000    0.000000000
     4     2  177.000000000  103.998978648    0.000000000    0.000000000
     4     2  178.000000000  124.546419876    0.000000000    0.000000000
     4     2  179.000000000  143.874729445    0.000000000    0.000000000
     4     2  180.000000000  163.522504593    0.000000000    0.000000000
     4     2  181.000000000  183.442418423    0.000000000    0.000000000
     4     2  182.000000000  203.602121112    0.000000000    0.000000000
     4     2  183.000000000  223.971493751    0.000000000    0.000000000
     4     2  184.000000000  244.519451953    0.000000000    0.000000000
     4     2  185.000000000  265.213696931    0.000000000    0.000000000
     4     2  186.000000000  286.021249715    0.000000000    0.000000000
     4     2  187.000000000  306.909146302    0.000000000    0.000000000
     4     2  188.000000000  327.845115000    0.000000000    0.000000000
     4     2  189.000000000  348.798176962    0.000000000    0.000000000
     4     2  190.000000000  369.739145891    0.000000000    0.000000000
     4     2  191.000000000  390.641016632    0.000000000    0.000000000
     4     2  192.000000000  411.479240564    0.000000000    0.000000000
     4     2  193.000000000  432.231891865    0.000000000    0.000000000
     4     2  194.000000000  452.879733552    0.000000000    0.000000000
     4     2  195.000000000  473.406195807    0.000000000    0.000000000
     4     2  196.000000000  493.797281346    0.000000000    0.000000000
     4     2  197.000000000  514.041413688    0.000000000    0.000000000
     4     2  198.000000000  534.129244149    0.000000000    0.000000000
     4     2  199.000000000  554.053432460    0.000000000    0.000000000
     4     2  200.000000000  573.808414334    0.000000000    0.000000000
     4     3  175.000000000   57.121576984    0.000000000    0.000000000
     4     3  176.000000000   79.899318834    0.000000000    0.000000000
     4     3  177.000000000  103.998978648    0.000000000    0.000000000
     4     3  178.000000000  124.546419876    0.000000000    0.000000000
     4     3  179.000000000  143.874729445    0.000000000    0.000000000
     4     3  180.000000000  163.522504593    0.000000000    0.000000000
     4     3  181.000000000  183.442418423    0.000000000    0.000000000
     4     3  182.000000000  203.602121112    0.000000000    0.000000000
     4     3  183.000000000  223.971493751    0.000000000    0.000000000
     4     3  184.000000000  244.519451953    0.000000000    0.000000000
     4     3  185.000000000  265.213696931    0.000000000    0.000000000
     4     3  186.000000000  286.021249715    0.000000000    0.000000000
     4     3  187.000000000  306.909146302    0.000000000    0.000000000
     4     3  188.000000000  327.845115000    0.000000000    0.000000000
     4     3  189.000000000  348.798176962    0.000000000    0.000000000
     4     3  190.000000000  369.739145891    0.000000000    0.000000000
     4     3  191.000000000  390.641016632    0.000000000    0.000000000
     4     3  192.000000000  411.479240564    0.000000000    0.000000000
     4     3  193.000000000  432.231891865    0.000000000    0.000000000
     4     3  194.000000000  452.879733552    0.000000000    0.000000000
     4     3  195.000000000  473.406195807    0.000000000    0.000000000
     4     3  196.000000000  493.797281346    0.000000000    0.000000000
     4     3  197.000000000  514.041413688    0.000000000    0.000000000
     4     3  198.000000000  534.129244149    0.000000000    0.000000000
     4     3  199.000000000  554.053432460    0.000000000    0.000000000
     4     3  200.000000000  573.808414334    0.000000000    0.000000000
     4     4  175.000000000   57.121576984    0.000000000    0.000000000
     4     4  176.000000000   79.899318834    0.000000000    0.000000000
     4     4  177.000000000  103.998978648    0.000000000    0.000000000
     4     4  178.000000000  124.546419876    0.000000000    0.000000000
     4     4  179.000000000  143.874729445    0.000000000    0.000000000
     4     4  180.000000000  163.522504593    0.000000000    0.000000000
     4     4  181.000000000  183.442418423    0.000000000    0.000000000
     4     4  182.000000000  203.602121112    0.000000000    0.000000000
     4     4  183.000000000  223.971493751    0.000000000    0.000000000
     4     4  184.000000000  244.519451953    0.000000000    0.000000000
     4     4  185.000000000  265.213696931    0.000000000    0.000000001
     4     4  186.000000000  286.021249715    0.000000001    0.000000001
     4     4  187.000000000  306.909146302    0.000000001    0.000000003
     4     4  188.000000000  327.845115000    0.000000001    0.000000006
     4     4  189.000000000  348.798176962    0.000000002    0.000000010
     4     4  190.000000000  369.739145891    0.000000002    0.000000018
     4     4  191.000000000  390.641016632    0.000000002    0.000000031
     4     4  192.000000000  411.479240564    0.000000002    0.000000051
     4     4  193.000000000  432.231891865    0.000000002    0.000000081
     4     4  194.000000000  452.879733552    0.000000001    0.000000125
     4     4  195.000000000  473.406195807    0.000000001    0.000000189
     4     4  196.000000000  493.797281346    0.000000001    0.000000279
     4     4  197.000000000  514.041413688    0.000000001    0.000000405
     4     4  198.000000000  534.129244149    0.000000001    0.000000578
     4     4  199.000000000  554.053432460    0.000000000    0.000000812
     4     4  200.000000000  573.808414334    0.000000000    0.000001125
     4     5  175.000000000   57.121576984    0.000000000    0.000000000
     4     5  176.000000000   79.899318834    0.000000000    0.000000000
     4     5  177.000000000  103.998978648    0.000000000    0.000000000
     4     5  178.000000000  124.546419876    0.000000000    0.000000000
     4     5  179.000000000  143.874729445    0.000000000    0.000000000
     4     5  180.000000000  163.522504593    0.000000000    0.000000000
     4     5  181.000000000  183.442418423    0.000000000    0.000000000
     4     5  182.000000000  203.602121112    0.000000000    0.000000000
     4     5  183.000000000  223.971493751    0.000000000    0.000000000
     4     5  184.000000000  244.519451953    0.000000000    0.000000000
     4     5  185.000000000  265.213696931    0.000000000    0.000000000
     4     5  186.000000000  286.021249715    0.000000000    0.000000000
     4     5  187.000000000  306.909146302    0.000000000    0.000000000
     4     5  188.000000000  327.845115000    0.000000000    0.000000000
     4     5  189.000000000  348.798176962    0.000000000    0.000000000
     4     5  190.000000000  369.739145891    0.000000000    0.000000000
     4     5  191.000000000  390.641016632    0.000000000    0.000000000
     4     5  192.000000000  411.479240564    0.000000001    0.000000000
     4     5  193.000000000  432.231891865    0.000000001    0.000000001
     4     5  194.000000000  452.879733552    0.000000002    0.000000001
     4     5  195.000000000  473.406195807    0.000000003    0.000000003
     4     5  196.000000000  493.797281346    0.000000004    0.000000006
     4     5  197.000000000  514.041413688    0.000000005    0.000000011
     4     5  198.000000000  534.129244149    0.000000006    0.000000020
     4     5  199.000000000  554.053432460    0.000000007    0.000000034
     4     5  200.000000000  573.808414334    0.000000008    0.000000056
     4     6  175.000000000   57.121576984    0.000000000    0.000000000
     4     6  176.000000000   79.899318834    0.000000000    0.000000000
     4     6  177.000000000  103.998978648    0.000000000    0.000000000
     4     6  178.000000000  124.546419876    0.000000000    0.000000000
     4     6  179.000000000  143.874729445    0.000000000    0.000000000
     4     6  180.000000000  163.522504593    0.000000000    0.000000000
     4     6  181.000000000  183.442418423    0.000000000    0.000000000
     4     6  182.000000000  203.602121112    0.000000000    0.000000000
     4     6  183.000000000  223.971493751    0.000000000    0.000000000
     4     6  184.000000000  244.519451953    0.000000000    0.000000000
     4     6  185.000000000  265.213696931    0.000000000    0.000000000
     4     6  186.000000000  286.021249715    0.000000000    0.000000000
     4     6  187.000000000  306.909146302    0.000000000    0.000000000
     4     6  188.000000000  327.845115000    0.000000000    0.000000000
     4     6  189.000000000  348.798176962    0.000000000    0.000000000
     4     6  190.000000000  369.739145891    0.000000000    0.000000000
     4     6  191.000000000  390.641016632    0.000000000    0.000000000
     4     6  192.000000000  411.479240564    0.000000000    0.000000000
     4     6  193.000000000  432.231891865    0.000000000    0.000000000
     4     6  194.000000000  452.879733552    0.000000000    0.000000000
     4     6  195.000000000  473.406195807    0.000000000    0.000000000
     4     6  196.000000000  493.797281346    0.000000000    0.000000000
     4     6  197.000000000  514.041413688    0.000000000    0.000000000
     4     6  198.000000000  534.129244149    0.000000001    0.000000000
     4     6  199.000000000  554.053432460    0.000000002    0.000000001
     4     6  200.000000000  573.808414334    0.000000004    0.000000001
     4     7  175.000000000   57.121576984    0.000000000    0.000000000
     4     7  176.000000000   79.899318834    0.000000000    0.000000000
     4     7  177.000000000  103.998978648    0.000000000    0.000000000
     4     7  178.000000000  124.546419876    0.000000000    0.000000000
     4     7  179.000000000  143.874729445    0.000000000    0.000000000
     4     7  180.000000000  163.522504593    0.000000000    0.000000000
     4     7  181.000000000  183.442418423    0.000000000    0.000000000
     4     7  182.000000000  203.602121112    0.000000000    0.000000000
     4     7  183.000000000  223.971493751    0.000000000    0.000000000
     4     7  184.000000000  244.519451953    0.000000000    0.000000000
     4     7  185.000000000  265.213696931    0.000000000    0.000000000
     4     7  186.000000000  286.021249715    0.000000000    0.000000000
     4     7  187.000000000  306.909146302    0.000000000    0.000000000
     4     7  188.000000000  327.845115000    0.000000000    0.000000000
     4     7  189.000000000  348.798176962    0.000000000    0.000000000
     4     7  190.000000000  369.739145891    0.000000000    0.000000000
     4     7  191.000000000  390.641016632    0.000000000    0.000000000
     4     7  192.000000000  411.479240564    0.000000000    0.000000000
     4     7  193.000000000  432.231891865    0.000000000    0.000000000
     4     7  194.000000000  452.879733552    0.000000000    0.000000000
     4     7  195.000000000  473.406195807    0.000000000    0.000000000
     4     7  196.000000000  493.797281346    0.000000000    0.000000000
     4     7  197.000000000  514.041413688    0.000000000    0.000000000
     4     7  198.000000000  534.129244149    0.000000000    0.000000000
     4     7  199.000000000  554.053432460    0.000000000    0.000000000
     4     7  200.000000000  573.808414334    0.000000000    0.000000000
     4     8  175.000000000   57.121576984    0.000000000    0.000000000
     4     8  176.000000000   79.899318834    0.000000000    0.000000000
     4     8  177.000000000  103.998978648    0.000000000    0.000000000
     4     8  178.000000000  124.546419876    0.000000000    0.000000000
     4     8  179.000000000  143.874729445    0.000000000    0.000000000
     4     8  180.000000000  163.522504593    0.000000000    0.000000000
     4     8  181.000000000  183.442418423    0.000000000    0.000000000
     4     8  182.000000000  203.602121112    0.000000000    0.000000000
     4     8  183.000000000  223.971493751    0.000000000    0.000000000
     4     8  184.000000000  244.519451953    0.000000000    0.000000000
     4     8  185.000000000  265.213696931    0.000000000    0.000000000
     4     8  186.000000000  286.021249715    0.000000000    0.000000000
     4     8  187.000000000  306.909146302    0.000000000    0.000000000
     4     8  188.000000000  327.845115000    0.000000000    0.000000000
     4     8  189.000000000  348.798176962    0.000000000    0.000000000
     4     8  190.000000000  369.739145891    0.000000000    0.000000000
     4     8  191.000000000  390.641016632    0.000000000    0.000000000
     4     8  192.000000000  411.479240564    0.000000000    0.000000000
     4     8  193.000000000  432.231891865    0.000000000    0.000000000
     4     8  194.000000000  452.879733552    0.000000000    0.000000000
     4     8  195.000000000  473.406195807    0.000000000    0.000000000
     4     8  196.000000000  493.797281346    0.000000000    0.000000000
     4     8  197.000000000  514.041413688    0.000000000    0.000000000
     4     8  198.000000000  534.129244149    0.000000000    0.000000000
     4     8  199.000000000  554.053432460    0.000000000    0.000000000
     4     8  200.000000000  573.808414334    0.000000000    0.000000000
     4     9  175.000000000   57.121576984    0.000000000    0.000000000
     4     9  176.000000000   79.899318834    0.000000000    0.000000000
     4     9  177.000000000  103.998978648    0.000000000    0.000000000
     4     9  178.000000000  124.546419876    0.000000000    0.000000000
     4     9  179.000000000  143.874729445    0.000000000    0.000000000
     4     9  180.000000000  163.522504593    0.000000000    0.000000000
     4     9  181.000000000  183.442418423    0.000000000    0.000000000
     4     9  182.000000000  203.602121112    0.000000000    0.000000000
     4     9  183.000000000  223.971493751    0.000000000    0.000000000
     4     9  184.000000000  244.519451953    0.000000000    0.000000000
     4     9  185.000000000  265.213696931    0.000000000    0.000000000
     4     9  186.000000000  286.021249715    0.000000000    0.000000000
     4     9  187.000000000  306.909146302    0.000000000    0.000000000
     4     9  188.000000000  327.845115000    0.000000000    0.000000000
     4     9  189.000000000  348.798176962    0.000000000    0.000000000
     4     9  190.000000000  369.739145891    0.000000000    0.000000000
     4     9  191.000000000  390.641016632    0.000000000    0.000000000
     4     9  192.000000000  411.479240564    0.000000000    0.000000000
     4     9  193.000000000  432.231891865    0.000000000    0.000000000
     4     9  194.000000000  452.879733552    0.000000000    0.000000000
     4     9  195.000000000  473.406195807    0.000000000    0.000000000
     4     9  196.000000000  493.797281346    0.000000000    0.000000000
     4     9  197.000000000  514.041413688    0.000000000    0.000000000
     4     9  198.000000000  534.129244149    0.000000000    0.000000000
     4     9  199.000000000  554.053432460    0.000000000    0.000000000
     4     9  200.000000000  573.808414334    0.000000000    0.000000000
